Component,ComponentId,Directory_,Attributes,Condition,KeyPath
surfaceinstalleula.rtf,{94B1A1A4-DCCD-4312-A2B8-65F51AF40AEF},INSTALLFOLDER,256,,surfaceinstalleula.rtf
cmpA0F75245F73DDC41EA13EE77C8171B6B,{5B96E69E-CFB5-5184-A282-A3D8216FA7F8},INSTALLFOLDER,256,,fil11F7955CD12BC94AE47EA69335947FA6
cmp3E00120F991508E09B5B241C372FE0F2,{D3D57FDC-7568-5727-A82F-392264A06F20},dir417F8674552C5ADA333AED41B340607C,256,,filAF7C02B5B4CC6A5C3888EA666AF680A7
cmpE3C6992127D4547AD3BD8E186C5C2D12,{1798931E-2BE8-5533-AB72-B84E0E32B3CA},dir417F8674552C5ADA333AED41B340607C,256,,filF5749D269BA8FAA64DC79C68B1050F03
cmp7CB56CC670BD1554F5A94FFC0258C149,{7E82C9E1-1468-5349-8EFC-56D97E8F7111},dir417F8674552C5ADA333AED41B340607C,256,,fil62EBF8B04F8581BA7E56F2B5BB8FF4F4
cmpF511721137F5DF882FFCAB95430116AC,{BCD4B1BB-467A-5A9B-83AB-751960B9035C},dir417F8674552C5ADA333AED41B340607C,256,,filCAFDC572C0749EAD4240CAB3C8378F6B
cmp405926B0BC8D994DFE09878E9101EB04,{2C153145-7DEF-5538-8A7A-D16DF4CF90E7},dir417F8674552C5ADA333AED41B340607C,256,,fil6BCC246FBD6602EE99DF92E92D4B4C9C
cmp85D33A0038CDD4EC62FB1B2CA1C79963,{E36999C5-723C-5D16-BFF4-59AF628D9354},dir417F8674552C5ADA333AED41B340607C,256,,filDA4E7E295CC70AE04F5AADBA22649156
cmp83A5B84007EDA5939C76EAE1C0EF3572,{60B1E1E5-1B5C-5E1F-A328-948F8CDA6F70},dir417F8674552C5ADA333AED41B340607C,256,,fil51977142A3C551061261D16D5D7FCEF4
cmp952B0EE76E5D55EA561C67112488CFD4,{6307D421-C0A7-5C54-B35C-F04F350362F2},dir417F8674552C5ADA333AED41B340607C,256,,filD0F8E3F1F417117985080617BE0F2616
cmp03F9B12E628A4A941CF4D1A16FFAD502,{77CCCC4E-064B-5951-B5ED-F9EBB19F909E},dir417F8674552C5ADA333AED41B340607C,256,,filAC85F2D445C659D991FDFDAA2F73F541
cmp554B460898E3FFC9D6C33A489FA6AD8A,{00F7D67E-A3B2-5E20-9D94-1359D900AECC},dir417F8674552C5ADA333AED41B340607C,256,,filAA1C756B27A355BE7EAB4FE96E578A78
cmp168C8B83F00C371A81E1324F2CD4E7F1,{1087F88F-D43A-53C9-945A-41179A307DB2},dir417F8674552C5ADA333AED41B340607C,256,,fil4F2033C15D34B6395C6215F48A564DEC
cmpA8C38FDBF853822CF3716CCFF44D7000,{FF5E79F2-5A26-5054-8EA3-63C6326BCF46},dir417F8674552C5ADA333AED41B340607C,256,,fil668ACF98ED56FA7EA8A09A2B48754AC3
cmp7B92E2C0865356B2F508DD61610BF815,{F865AB9A-1526-5DCC-B8F6-AB5C0DDF8009},dir417F8674552C5ADA333AED41B340607C,256,,fil8434E6C9A831EC93E64E32A4653795DE
cmpDF77C122324482EF84A031A18526A9F3,{65968656-0B5C-54AA-A385-010564EF25A2},dir26E7864AEE3D2833F1DE1F5E08169281,256,,fil02921832FD99E1F85170A39511754F7C
cmpE9836C186CF47658B47658C8AEEB5CFF,{6ED36245-D5C7-5C82-A069-5507763BA282},dir26E7864AEE3D2833F1DE1F5E08169281,256,,filA61935FA996AA516CBEB543317298170
cmp48AC70E2D4B26F4F924558D40EB67522,{1B1CD398-59C0-57DD-9B33-F8CB42EFC7CD},dirF0BA26CD617F4D3470EE46932F58BA3D,256,,fil3D57B785716E2A4944000A7CA289DE62
cmp0856B54FB8976AFF52E062BEA0162205,{E0727E91-32D8-5D46-AB65-3C2B105AC465},dirF0BA26CD617F4D3470EE46932F58BA3D,256,,fil86F12236F7E4C7A41AE9AD678C560076
cmp2A2337EECF28A4C3EA9F31C6FBF1B1CE,{63A7E9DF-D5BD-53AA-A440-376637064D44},dirF0BA26CD617F4D3470EE46932F58BA3D,256,,fil86EE6892EF813A61FF2BEF74B865647A
cmp6FC01605C10BB6EF77A32FD940409B78,{86681596-6BE6-55E4-AA14-F022EE5EB5DF},dirF0BA26CD617F4D3470EE46932F58BA3D,256,,fil5053BDFA78FC70A56BE82157B8FBDC70
cmpAF90639931E551DDE9C8B7F4D9344E78,{695E69C1-2F37-5FD9-932E-F3588D5E3172},dirF0BA26CD617F4D3470EE46932F58BA3D,256,,filD65F77914129750FFD5D591DF19582BA
cmp65DD246611021B2B08284BDC21900F91,{651BDEE3-796F-5853-B2F9-1D8B17BE8B86},dirF0BA26CD617F4D3470EE46932F58BA3D,256,,filD21C3C45EF108283739CCAFF329D2FBA
cmpC87999B294C69998034B777FA664DFDE,{429CF809-C85E-5A2F-87EA-2C37DFDE6A1D},dirF0BA26CD617F4D3470EE46932F58BA3D,256,,fil3D324692DAEF0531796F3EB98D6742AC
cmpBE7412AE4535BB234C6C064AE8F4E97E,{686B5E5B-03B0-5A9B-B43B-CF6BEE6BC2B1},dir21E114376BC5ACB376181FDCDC6FA517,256,,fil7D45F3AD39C11664472A5CA1A9ECFF2C
cmpDDE9D4ADE7AB1C5499E2CD54A97EB796,{2A166F66-A664-55FC-A9F8-D212157C3133},dir21E114376BC5ACB376181FDCDC6FA517,256,,fil4A2834E66A23C4F5C37BECCF8FC3F308
cmpEA96F20B69CBF8F518C7337F923FD65F,{DB95E0BC-8325-5E5E-9EC9-3A7B2064EFB0},dir21E114376BC5ACB376181FDCDC6FA517,256,,filFEA26AE6F113388C70089337A6CB2D85
cmpB6B425DC200EE608DB7EACE90584B08A,{FBF8F0FF-0A09-57C6-B45D-D0AFB73B88F2},dir21E114376BC5ACB376181FDCDC6FA517,256,,fil62673E638368C6183E6F2672BB2C4F9B
cmp3A3822FCF4001091CCEA36389E3C244C,{F8072E63-43D6-529F-8D5B-339CEAFDFF6F},dir21E114376BC5ACB376181FDCDC6FA517,256,,fil2CF862B0C434D1299847F68D86D8EF6D
cmpD6D85BF3BCB9F578CAC078B1E462B585,{57813F60-6C98-59FF-82BF-8E7956EA2BF3},dir21E114376BC5ACB376181FDCDC6FA517,256,,filF24E39E0D17F5ED198F36867AE92059F
cmpDC780022C912AFA5DCB3C460400F0385,{02FEB243-4A7A-59AC-8936-EF78AEBA0B47},dir21E114376BC5ACB376181FDCDC6FA517,256,,filFEB7E9589E8F584132AFCCD39D90ACAF
cmp7A2A3DF720F85F8F16F0AC9088924308,{77164466-F578-56CB-B10E-9B51E25DC766},dir21E114376BC5ACB376181FDCDC6FA517,256,,fil57FF59E670DFA20229E7E809DD773921
cmp99A6C9296180AEB623D558A70326C289,{26879122-011E-5E6A-95EC-8999050FBC53},dir21E114376BC5ACB376181FDCDC6FA517,256,,fil80C3957FCDDBCA2D69DC64AE6FF6B479
cmpFF343C2C1D544E9B932F762DECEC6DCE,{265A305E-ACB7-586B-A62E-56DB39204994},dir6288EBE6181ED4733DC1A6048D1B5738,256,,fil1499D28889F93E1186F37D69CB95E481
cmp49E3307FE82A25A9E372908258D4768D,{0F42A6C8-FBFE-5CBF-9F01-825B3172CBA9},dirF7536C8F08E78E43C798BDF46ACB1725,256,,fil8D5DB973B4221D56123B2A25B1FB9087
cmpF98ED31FABF0BCAFBD1FD40606744E9F,{AA100BAE-F446-5549-B3BC-60A924FAD3AC},dirF7536C8F08E78E43C798BDF46ACB1725,256,,filE59542E6A9EAAB0330530248D3722159
cmp5DDB80D8913112F11C7B6E43DDD0DFBE,{EFE6163C-6F96-5FAA-AACA-FB9F6E31F664},dirC313F03974E4F3181B76CD6652F053D5,256,,fil8B20570F335846ACEE2FD236305CDFA1
cmpA80085CB19EA2044EDB9D91032D13317,{420B54C9-2726-588A-ADBF-901D6D2075D0},dirC313F03974E4F3181B76CD6652F053D5,256,,fil4A3FA29CF3FD462CE702A3284D708705
cmp2CD8163EEA8686534AF6134E8BF21BCD,{3A4B9580-467D-5AAA-AEAB-3D7E744C242C},dirAF46C55530D04609E2095A7544E7B5D0,256,,fil08F380B4F6E85A6AF1CAF6FD752C3785
cmpE5E43D6E7BFDFF18507D529DF3F7EC35,{B33DD445-04D0-540A-B1FD-C52D2DAA73EF},dirB680000D37FC1D859546AB6F80389BDF,256,,fil694C6EAA6E19473246D74241DF66C9ED
cmp1315646386EA9BC15EB620D18B551ADB,{870CEE6E-170C-588F-A090-A7561FE3F753},dirC6AB3B6FF765BB9D85D3FADCF9856216,256,,filC214E8DBE80B36026FACE4A43F7D6F5E
cmpBD585569C179AD2B4850C7388E31B9B9,{C48D8AD2-7FD8-5B6D-9641-3DB8ACCA6605},dirC6AB3B6FF765BB9D85D3FADCF9856216,256,,filD83044143F9AD733547AD7E4F3021593
cmpCEB5EC2AC0267B24BBC82F4F84AE2DE1,{244B4FB4-88D7-5AA7-BE5C-4F39922D44D2},dirC6AB3B6FF765BB9D85D3FADCF9856216,256,,fil83467B2EDAD921D557F283EFBBE196DD
cmp73664963B8E32314731BB594AF94E9EA,{F69580DF-9870-5D4F-9CEA-DF3078CD49D3},dirC6AB3B6FF765BB9D85D3FADCF9856216,256,,fil259DA81083E97CB01F0D2637DC73460C
cmp0CA82FF3AAC95BEF931B6C9BD2C9CCA7,{93DF6A13-4533-51FB-92C6-E8B7312F70AF},dirC6AB3B6FF765BB9D85D3FADCF9856216,256,,fil3156BFC3531A9F0CEA5EF257D796F4CF
cmp178951055D3E53D59C960935B424244F,{3C6BCC76-9CBF-56C7-BE9B-DD3EE2E7A5E6},dirC6AB3B6FF765BB9D85D3FADCF9856216,256,,filF1A01153E73844BB43E8DB014265B8D4
cmpE7020B36FC20105E79D255CEE83EAFFA,{C33C8663-9897-5073-B19C-B924FEB73865},dirC6AB3B6FF765BB9D85D3FADCF9856216,256,,filF9FBF427D01F12D9E3DBE9C8B0A96B16
cmp1934DBE15C3B8E91A3A562D9DF76B960,{B8D48078-4214-53FE-A839-2FDFB37C6AE2},dir8DDD41A6E40EE58535FDF420182BB58D,256,,filA8F811022A51EFBAD35984C88C86BCD8
cmpBD838614AD9B325454A26528C4F068D0,{0B48294C-EF06-519B-84BC-956BC38FE44F},dir73C7F4715D61DDC202FF636D0CB95A5C,256,,fil1CAA7F793ED3FCC272F42BA056731775
cmp8941880762FDCB44F69F9DFA76CE74FC,{737AA7A2-7A3D-51FD-82A7-990795CA1D14},dir73C7F4715D61DDC202FF636D0CB95A5C,256,,fil480ECCA28E3771A1BF799F09BEC76179
cmpEEBC81A5BF35A049A67AC30F7FB67335,{E4C2F1E4-CA56-516F-95A5-94F610DCCCAE},dir73C7F4715D61DDC202FF636D0CB95A5C,256,,fil37FE07410FFC4B64EEFE4344CA9B78BA
cmp83C4BFD4E87248B66F2F80F6345873FD,{22DD96DA-56D2-517F-AA3B-7C37E66A6344},dir73C7F4715D61DDC202FF636D0CB95A5C,256,,fil9E333937EF63846A8EDACAC9A063A122
cmp0112B3006B9C05471EBB12E2A69DFD5A,{99769EE9-A3C4-540B-BDAE-AEC6CC40D411},dir73C7F4715D61DDC202FF636D0CB95A5C,256,,filB90757DD33BCC3B871833FE99F58DBC9
cmp56AC536769F24B6AA24F71DAAED14DCB,{9FC1237F-0D87-585A-9BBA-D581947AE37D},dir73C7F4715D61DDC202FF636D0CB95A5C,256,,fil9E9D44A1F983FDAE35BB78EFE35FD1DC
cmp3385618FF674E59252A16BF9B48B6BB2,{A497486A-2110-5030-8304-59B7C91FEF39},dir73C7F4715D61DDC202FF636D0CB95A5C,256,,filF687ED86B46A4768DB76316E315FF18E
cmp288951C55F5D626133356A9DBC3D7EF9,{CD9FA064-C0AB-501D-9CD4-1DBFB90B5ACD},dir97AF24AD006358EADD11616902BDD6FC,256,,filF9FE2BBA473AE63848ECDF2EBE2FD800
cmpC49AF77B5D817D033A32F82B2BF1FBB8,{BF446952-D71E-538E-A5FC-32DAB0F78C0D},dir2391816806EB4FF07402D943225EC176,256,,fil71BDA7105EA069E9A9F1A83256FA4FDE
cmp222D6F0C4BA11DEAD7C47AC71D2AAE36,{BE055282-F568-5374-A36E-8AC04D6C86C8},dir2391816806EB4FF07402D943225EC176,256,,fil49859165BB3756C59F40162FFD4A4004
cmp7F61B6712FB0FC27DD4514086920378C,{A3AAEAF7-42BC-5B48-A703-BBEB9B6A9C20},dir2391816806EB4FF07402D943225EC176,256,,fil00EA481C14C574ADB40A29D8CF3696D4
cmp2D0937528DFBF8E525879B11BE6CE342,{B10B777E-AB1E-5A06-8272-E83D03D0E699},dir2391816806EB4FF07402D943225EC176,256,,fil500A8A7B53730D4F4ED7E089B8E8EAF0
cmp3D216944AAFCEF2C738DB30CA8B0F285,{F34F4049-A672-5E77-903D-5D149B18E618},dir2391816806EB4FF07402D943225EC176,256,,fil638644ACF0ED42ABBC74D570FED4F3D1
cmp8E9D31D4EAA096BE3B30B2BD03420541,{935D177C-C4D4-5A4A-A795-55A69ADC38C4},dir2391816806EB4FF07402D943225EC176,256,,filBC20C6C5BFFE72F9BF2F2CADBA4847EC
cmp53EB9E5968DCB9ECFF99D08D7B1CC825,{5B3CE7C7-65F7-5D92-8631-0577D8B3557A},dir2391816806EB4FF07402D943225EC176,256,,fil43EFF50D91E2A1C97C6FF8E2B2657B41
cmpB8AE757F52B29AAA733CE7BF0D941266,{1F748365-D764-5AD0-A852-1B180077B68A},dirCE7F4ABDFC696A776D12355009295C4E,256,,fil5E8BB85293EE476FF57FC66472EC7D17
cmp2CBAA739A73351E8A44420D2B85A8782,{51E8EBCB-5EF0-5AE9-A26B-CE2E49EFA630},dirD7574DD6255983B870B27BA246C3CFB9,256,,fil83220B41AD53F1AC4895D1DFE8519144
cmp82AA23CD2C62E344784B5E3179A11E6F,{C6A6E6D1-2472-5942-9D4C-B62407CF0FB1},dirD7574DD6255983B870B27BA246C3CFB9,256,,filDAC5F0464F5D10A3211FB1EABEC5D051
cmp33842318B883544B5F7B7E4E9ED7E3C9,{8542DF2B-9955-5590-B5BD-8950EDFC94A4},dirD7574DD6255983B870B27BA246C3CFB9,256,,filD9B2D75C6871124400F67A8FB3FF3BE4
cmpAD55300ED6AE8A05697072080BC582AF,{56EF0B8E-7FE4-5010-B0EC-D37297560497},dirD7574DD6255983B870B27BA246C3CFB9,256,,fil2426353DAD86A01AEA071A4BECF23EAB
cmpBDE16EA5F1EA4A7672B224580A744650,{DFC2E029-6CAD-54F1-B39A-9E73F09BBCB2},dirD7574DD6255983B870B27BA246C3CFB9,256,,filA589C5B3DCB6D2A5975765E7A0D659AE
cmp09ECF40007781ED045A968FF6D504527,{52E2ACB5-88D7-5044-83A8-8215E315D0A4},dirD7574DD6255983B870B27BA246C3CFB9,256,,fil2CF62A340021BFFF739214FFDD851CA6
cmpE608529EC9CF17FD74CE27FC023C1CBB,{7C5C1EEE-90ED-543B-B9B7-066FD93E4B62},dirD7574DD6255983B870B27BA246C3CFB9,256,,filC1A4F5656A0B1A12EA15B8E83E38EAD9
cmp69A92193AFE5EB201759B51DE8416BD8,{FC4D27AD-3EB1-505F-B76E-915927284ABE},dirA4D16DFD13DB1A2FA5562CAD495E5E86,256,,filED43504D0C90FD87916E17DF1318F9D2
cmp66708EE24174D17FC4D8B69C6648CC39,{07EAA136-48EE-5239-9DA3-817C5D147D8B},dir207CFE903CD4ED0A972F730041604C68,256,,fil3479EC86B482671385CE3063D9029DDE
cmp284F9719E6C2ED4BBE283371FBE36C3B,{9B6CD34E-EF6E-5D7E-B1EB-180DD9DC7F5D},dir207CFE903CD4ED0A972F730041604C68,256,,fil32E08C8BB2D5D8A6674236311CFF5900
cmpB4129996C494E84E5F0153FE6A79C463,{955D620E-0050-5C87-989E-DE2205AFA33C},dir207CFE903CD4ED0A972F730041604C68,256,,filC994B46A4DDA25A0F48A257E0FD20C4D
cmpEF4C38350E6E27441B67389AC03DD233,{C51CAECB-E159-5281-9DA8-FF0507FF96D6},dir207CFE903CD4ED0A972F730041604C68,256,,fil281F0C2D24ECEB446955294C751F312A
cmp585ED5A7B518567222E2BAB0C171BCCD,{4D4E301E-D03B-58DF-9ABE-3E74E80786F6},dir207CFE903CD4ED0A972F730041604C68,256,,filD8DA2B11A99E75FC005FEF85C2E05412
cmpD4DEF4B169041C48F66D15E03BD252A7,{7DC640C8-5159-5568-B56C-147228F492EC},dir207CFE903CD4ED0A972F730041604C68,256,,fil2E5DF9CAD03A376AB3CF88C4E6C4EFD8
cmp167F970DD8903C4A8D0419D75452C017,{AC6B2FDF-6E7C-5412-90AA-CF2385E05733},dir207CFE903CD4ED0A972F730041604C68,256,,fil3C125C1F39769CB767F2A616C710159C
cmp55008F8ACA57C4DA2FF81A8A62922683,{5034173C-0565-57DF-8739-4C30F9B6C2D8},dir3AA48ED05331138E66BA4326C19D6954,256,,filA8933B7CD4C1BD9FB696EF5C55A9F7C1
cmp1F92E7A53B96F4ADD81A09879122EE86,{96614538-F546-551B-8D50-DB694896388B},dir3AA48ED05331138E66BA4326C19D6954,256,,filECF0B5C872618231AB67B00A2A90F9C6
cmpBE5F9FAAC9B79A94001AE4BF9EAB97C1,{3FF539F3-A20C-58C5-AD64-C518C5DF1FA9},dir3AA48ED05331138E66BA4326C19D6954,256,,fil4D742A019D204C38B6533A73E97ED6E8
cmp46AD7AA5F466D95FF549D942181076F5,{C607E13B-515A-5DBF-B7AB-DE6D8B1EFCFB},dir3AA48ED05331138E66BA4326C19D6954,256,,fil5FB889C49FA1C5E008C3AC5B0BABE1BB
cmp7C4F9534E8DCB8FE5F23F0F6D00E6DD6,{DF17B7EF-AADA-51D6-ACDB-383C8D6352A8},dir3AA48ED05331138E66BA4326C19D6954,256,,filF837F6730EE8310A01150B0083CD5720
cmp2660BFB3007A8495162FB49CE4DE2F9C,{8A24CF13-36C4-572C-A891-BEDB20A7A213},dir3AA48ED05331138E66BA4326C19D6954,256,,filCA84814097A2D1EDE9AB1912283F3204
cmpC4DE4CAAC221743E8E661D4AB06F343A,{F39EA1BF-E342-58A2-AE97-F031A1116132},dir3AA48ED05331138E66BA4326C19D6954,256,,fil53D461B78D6956746BE290AB058CD078
cmp4D9717E7D3051131260C58DD22BBEFD5,{41034738-A9D5-5B8F-BD66-41B886AEEE62},dir8F7DC220292B6B58FAF28B993ADB6927,256,,fil064BE3E50548F1C5352EA4CF5DD19C81
cmpB21866921AE60F85EA7F71C057528BE8,{E2132A57-D06B-5CA9-B356-F4465CF6CB1A},dir8F7DC220292B6B58FAF28B993ADB6927,256,,filCDA34069E57E36C37244159556753485
cmp9E760C69F0257276C0ACE2D8F7E344B4,{96636D6A-6383-59A6-B1C5-0C9247E351A1},dir8F7DC220292B6B58FAF28B993ADB6927,256,,filB8F02BFCA92812C95AC5BF2EA5D4794A
cmpD9D84DCFFF396DF48866D8E16BFE5A90,{4751214F-9CF7-5EEB-881A-862A8EBE9E0A},dir8F7DC220292B6B58FAF28B993ADB6927,256,,filBFAA62A05D6210BB94AE82917FBCC718
cmp5A2E96E2BC6450AA1736A4F906CBF517,{DD9AB800-4148-58E6-8AE2-3ACC3F50775E},dir8F7DC220292B6B58FAF28B993ADB6927,256,,fil23EA732E2D91C47EF293207D93FFCCA9
cmpC59B2999347F19EF8A0287E56AE5F7DE,{B9F6C85C-BCE4-56AA-B8B6-D6032A0809D8},dir8F7DC220292B6B58FAF28B993ADB6927,256,,filFE720D28C177D94BCC8FB0BD076B143C
cmp222FE034830860FC708F1D41F99BF4F7,{3C4BD852-857E-5B91-BB82-139EBEC9E54A},dir8F7DC220292B6B58FAF28B993ADB6927,256,,filA76A40FF3F1742ADC125B18E307034DE
cmp83D8FD9512712A118BEF53D17824577B,{F28D85BB-1D33-5B44-A5FD-9717098173DB},dir17D704F9C0DBBE779F28EBAAD08521C7,256,,fil36326B0B195C554EE7310FE78079A521
cmpCFD149230743B3D6D1AFF4AC1DA94427,{D0BBF204-0D30-5BE6-A35A-A4AB48CAB1EB},dir17D704F9C0DBBE779F28EBAAD08521C7,256,,fil9BF16ACB0193C733E2EBF888721D4A60
cmp3C0F3FEAA76CDF96B503E2ADF6F051A7,{6349237D-2418-5B44-AA4D-5A923D94084C},dir17D704F9C0DBBE779F28EBAAD08521C7,256,,fil66EBDBE6491B38FF5EE0B5DBADA5D867
cmp5A449960BEC34ECB2C4822BA69808531,{87C90343-B12E-509F-8047-366BDAD69B0B},dir17D704F9C0DBBE779F28EBAAD08521C7,256,,fil4591AA6BB351C7841F4AE9621D37C994
cmp55203439534CA50C20417FF44081E9CD,{8E4BE8EF-971A-5719-BBAA-B5DE0645A8A0},dir17D704F9C0DBBE779F28EBAAD08521C7,256,,filAC3A778E3DDDEDAB080C2DB93F4A1621
cmp4CB91C3E3FA98F19544B7D89DAC2666D,{0996488C-F017-50E3-9F5F-55EF2D8D9A78},dir17D704F9C0DBBE779F28EBAAD08521C7,256,,filDD73696D120FB4DDFA604BE9D42ADA78
cmpBD86C57BD6646F83E3BD8ADA8D69228D,{7B067B1D-AB6F-506D-8A17-094CE33CAFF2},dir17D704F9C0DBBE779F28EBAAD08521C7,256,,fil802285A806189C2DBF5CC2585423BF84
cmp121B5A123BD523F545D355835401E674,{C1930440-FC97-5EE4-85F7-14DCEF92E14D},dir97F95D75896FD41BAAF223A5F9367864,256,,filEE2BD43837510223AFEB623C2489D17D
cmp31FA08C1163A85288F212A0A4206BE58,{934FFA64-84C9-5887-B573-372CF3DE943A},dir97F95D75896FD41BAAF223A5F9367864,256,,filA98E60969AA001446F76D62EEB2998FE
cmp5A81EF8CACB4EA162609F6F17725CF72,{4EE01374-1937-5587-92F6-2E1D546C7E8C},dir97F95D75896FD41BAAF223A5F9367864,256,,fil6A337EBA6865E410BB0945E92197F459
cmpC6EA0EFD79B897C52F5440FEC2743713,{E1BBABBE-D90B-5A59-BEC6-0008F5DA0C40},dir97F95D75896FD41BAAF223A5F9367864,256,,filA89ACCF3CBACA787392A946CAF035AE1
cmpA0BA894FD7C2689E64E9468F5B97EE03,{1FA10929-48FD-55DA-93EA-FAB5E2F7681C},dir97F95D75896FD41BAAF223A5F9367864,256,,filD9433B19946ADF8E900C12DCE36F8D66
cmp747B43CFD28C59EC8CB4E1096E86247F,{B8ACB3E3-DFF7-5749-83DA-B6C9C2EA3746},dir97F95D75896FD41BAAF223A5F9367864,256,,filD6AF1E4A241D8A7EFE9BDFD35AB80D96
cmpDA0E011BF8E8F473E2F3F9E127990A13,{F3787056-81BF-5CDB-B364-9A368B91BA98},dir97F95D75896FD41BAAF223A5F9367864,256,,fil02E2CB7F1753469AB84FD3F197B7C6E6
cmpD2A5605C5309115DCF4C11BFD703A982,{EFD2D37A-B00F-5581-ABA0-2900BD567225},dirE4F022F9B16872C227C548E56D944758,256,,fil005649BC97976E016271DE4655C39C78
cmpE596AA85000F9728F9C5501BC46460F0,{7E58E5FC-569E-58A7-9CFD-B6B4B489EC40},dirE4F022F9B16872C227C548E56D944758,256,,fil353BCEDC8962935BFB11132A6D65D9A4
cmp9195AE7CFAD24931C948AC7380AAFCE4,{8FAAC68F-BC3B-5B5B-86F1-78082467CA6B},dirE4F022F9B16872C227C548E56D944758,256,,fil31F52E00897570EB8C763014EB7A2BE6
cmp88A4A2A12B84C5243ECD23DAAE359D9F,{6C79A88A-AA6D-56E3-A274-1E67546AD007},dirE4F022F9B16872C227C548E56D944758,256,,fil02B03214E9C74FE2AD56E5B616732472
cmpE9BDFA22CC75C776FD999EB9F8F9CD9E,{7325030E-3894-5D33-88EA-A1049EEA00D1},dirE4F022F9B16872C227C548E56D944758,256,,filDBBA2B503CA6D9407DC93DCF6698884D
cmp8791DB4CC510D92F306803F57924F1BE,{45B3E950-D6A5-52AC-A32A-757FF9E2F85E},dirE4F022F9B16872C227C548E56D944758,256,,fil18BF942CD83FD42717FFADBDA75CAA61
cmpAE002477199080D416E6D525A0F2538F,{30E7957E-8142-58CB-B8D8-B42BA1A29E95},dirE4F022F9B16872C227C548E56D944758,256,,filBBEB490811AFD52C60CF88E4A6A198CE
cmp7BD5EF506D6AC8524241453A230C9D9C,{97F89800-960D-5223-AB19-96C586EA7B70},dirEA14BE0DACBB3E6CE53B42265EB40731,256,,filF05F41AEA216F08EB9DC04873E6863D4
cmp2A6FDC62DDB264B35756F283B0ED8EBB,{5311C39B-26D7-51E6-892B-902C1AC1B2A7},dirEA14BE0DACBB3E6CE53B42265EB40731,256,,fil910E9E90185C917F8A63F4C6C99E4649
cmpFB51EE6686230B51CA54D8AE79CB9CE2,{B93BDF3A-3A31-56C3-A1E7-1FD3353AFA94},dirEA14BE0DACBB3E6CE53B42265EB40731,256,,fil96E939D2F7AF14F9C9E9DD40481243AC
cmp5B2CBF37630A3E565B8DDCB240431188,{6A5BB77F-3B8D-5611-91B4-347AF7C420CA},dirEA14BE0DACBB3E6CE53B42265EB40731,256,,fil2674CA5BFB24720E3BF9DBFBFB43DD91
cmpEDABE4832AC2FD73047B7ACCF1EC2B65,{331CAA54-9B06-52EE-9407-ABB9587BD782},dirEA14BE0DACBB3E6CE53B42265EB40731,256,,fil43BD2E4ED9F9621B58EEA4701A5A07A0
cmpE05D70307CDAC551DC1FA63DDF1AC066,{3E990E45-130E-5E3E-A87F-74EC36A865AB},dirEA14BE0DACBB3E6CE53B42265EB40731,256,,filE84AE9B1296145F2A596CFD70FBFB8C2
cmp02CBFCF31F9ADA4DC3848146BDF352F6,{710F2CD2-1040-5F47-907B-45592BEE3ADB},dirEA14BE0DACBB3E6CE53B42265EB40731,256,,fil0E20270E6590CC30A40AD3D66A9864B9
cmp8EAFFA292F390E541314746F3C62118B,{D440E31F-EA61-5D61-8C27-42711F40A1DE},dir446330D41C6C43224DCF84FC142E2D4B,256,,filD7BAA1EA1B08FAB530595B16A8E2EC70
cmpC2441D48B4EF76B66EFC7738478268AC,{280A6E4C-98DA-5BB0-ACA1-5F5D07D41B83},dir446330D41C6C43224DCF84FC142E2D4B,256,,filBF087ABBA719C9D219C0DF4A5786865D
cmp27F8CF5524C1065B49ADFE027FE14D9D,{55DD9CE2-D4B1-5B2B-8686-D532C6FC93FB},dir446330D41C6C43224DCF84FC142E2D4B,256,,filA6C1E03DCC76ABCAEE1055328D137037
cmpAB4314149F50B0A04F851C86E757736E,{0DB73F6D-E935-5357-80FA-051424374EF6},dir446330D41C6C43224DCF84FC142E2D4B,256,,fil96C10FFA4B07B901A1EB0AFF19DA7AAC
cmpED129968E31CB0BD6E531D2F0F5935B0,{BE7FBC0D-44DF-57EE-AF94-8F79B0CA92E1},dir446330D41C6C43224DCF84FC142E2D4B,256,,fil18B486CEEAA04C4B6A98D0DF9913AAD2
cmp917324276EAB9DFC0C1039637319B616,{DC5D293E-2B6D-5975-AB0E-BC89750BCF65},dir446330D41C6C43224DCF84FC142E2D4B,256,,filB2CA9BD16D3CD777CDF4811318D49B00
cmpE470E27D168D90B142A335EC9A9359D2,{2C576AC8-717C-52F7-AFD7-59CCC58291F3},dir446330D41C6C43224DCF84FC142E2D4B,256,,filDDAEF3839B10611DCF4B481E753098E8
cmpA24DA3ECEB4F73184E74D980B7EBCF93,{8EB66B93-1BE6-541F-AE9D-BAC16051175B},dirF1854548A59EE83EF31D591A7B3BA76D,256,,filD9D36A3748E40305501906D158FEFC2A
cmpEDCB752846498B34FFEF57285CAD3E57,{A84CFBA6-B8F9-5094-A419-8414CB6D27F9},dirF1854548A59EE83EF31D591A7B3BA76D,256,,filDF1D4F383EA26417E28BA66A758BDDB4
cmp0F27A2826C925790F84EFD757AD110C6,{A64B94EB-5E7F-5658-A248-BC4EE4101707},dirF1854548A59EE83EF31D591A7B3BA76D,256,,fil61C643759B6E420D0F7C70E8BF1D4B41
cmpE6572C90D3B8634FDFCEA5A852D35866,{BB2C92DC-19AD-56CC-A345-0A4E8F92DA98},dirF1854548A59EE83EF31D591A7B3BA76D,256,,fil269B9E9FA24EBFF145B09E168A09A887
cmpB1A17557CA634DF9E4026C8E5EC09B86,{53BA1887-3766-58BC-81D8-8A95D5227E6C},dirF1854548A59EE83EF31D591A7B3BA76D,256,,fil2A6A293936C019452457A3A2C8A0D13E
cmpA2A74619ECC80ACD231FF5A11216EFE1,{05CBF877-2B00-54EB-BEC2-72CC010D4E43},dirF1854548A59EE83EF31D591A7B3BA76D,256,,fil5C5C186FD1B5213B4450D9E288AB2B70
cmp920C6358CB5CB1AA997CAD691F05DBFF,{E5E7FDCF-72C9-5E89-8848-1392C1CF2DD0},dirF1854548A59EE83EF31D591A7B3BA76D,256,,fil66F92E84CCB2C209BAB09DBDCD8E695A
cmp86BC9DBAB73D6832DE2340A4CB1B72EA,{C0C3515C-AF0B-5EDD-99A1-09CCD9266315},dir562CEE79EC8C4DA537E44377E4ADE689,256,,filF62DD4321B7389CA4319CC993D601288
cmp54029201043E03CFA4A696A3BD8ED211,{12D3C956-F4A1-5FB9-BAC7-6DA8B65B6CB3},dir562CEE79EC8C4DA537E44377E4ADE689,256,,fil89872FA150EAA778394846202E5020A4
cmp3C8F61E93F4761C4C53B4DD05269DA91,{87C9DD61-3317-5E23-95B0-60608A329FBF},dir562CEE79EC8C4DA537E44377E4ADE689,256,,filCA69D5FDA3737ED73E623DC0D933AD4C
cmpBF272122278F3F56D09016D05CC02D63,{A0FE31D2-A29D-55DB-AAF9-B43894A13165},dir562CEE79EC8C4DA537E44377E4ADE689,256,,fil65FE9B5A957BFC5317E887FB83CE779A
cmp49BD48531666A0B9A9BF4B05D8450D77,{A953FCA1-926C-5BB6-9F3A-15A0E1E23C9F},dir562CEE79EC8C4DA537E44377E4ADE689,256,,fil928FC2C019627CBC106D6DD88EC5F039
cmpC8F963488A6F8A5F552516375606CB6A,{14741D3D-D7E2-5791-A9A5-FD4FB47EB5D4},dir562CEE79EC8C4DA537E44377E4ADE689,256,,filCD4745DE0687A2F21F9C5C65AE19AB19
cmp85E1B51A47F602483263A1FB6B312B47,{C6626A03-2BCA-5E81-A15D-10AC67623CFA},dir562CEE79EC8C4DA537E44377E4ADE689,256,,fil7884416D416DD834C62DABDED8443B0F
cmp796C67257157D01F3EC5D8A975249467,{14991141-6D00-56CB-BE55-914FD78ED168},dir79EE58BE9EF6972916252B451CC7FFD8,256,,filB82FCB919F199C94B55686AF64D69B54
cmpE638235A5711C09946F382825666A957,{4177669D-8C22-5D07-A5D3-97D666F2E70A},dir79EE58BE9EF6972916252B451CC7FFD8,256,,fil27ACF39E808D20388566C48974B55DA4
cmp632D80B7530C54538B4D0E91448816E7,{C18E9E63-4A6A-5440-90BC-A1FFCFF1D81E},dir79EE58BE9EF6972916252B451CC7FFD8,256,,fil33365FF4ADC07B4D1FB9EB4B635898B9
cmpA832DE44D2237C8F27A901D760445778,{BDDE5774-DEDE-5206-90C7-571B7EF6781F},dir79EE58BE9EF6972916252B451CC7FFD8,256,,fil8CD687BF8CD4C9D6E5EC072665136B74
cmp9C44403BE0B538EF399C26C3004ACC4F,{B2883051-8FC5-5183-AA19-050AFDE19AD7},dir79EE58BE9EF6972916252B451CC7FFD8,256,,fil45F969571890833F7820F86AF747487A
cmpA62CF0515E221CA27F0B176226C94D83,{EC10E821-955E-5A17-B330-C3F65E82F8FA},dir79EE58BE9EF6972916252B451CC7FFD8,256,,fil1D036313519B1B2A81E201E34DCCA4DA
cmpA2A4440C195AC22E474BCE6EA302B01E,{E9E25754-9649-5532-A777-CD258C081F0C},dir79EE58BE9EF6972916252B451CC7FFD8,256,,fil1C414E5051C7E7B0F1C61D7EA0822962
cmp4B5C70789E05C9269FBD6FA7B2B2E779,{930FFCEA-A301-5B39-A185-F5DE5719D48E},dirF0B6D1AE30842EDA0196D956BDCDF7E6,256,,filE297DF4325968CD9FC4747FDC6501709
cmpE88BEF26C89DDC86D4DF2D01443C442E,{8D789226-5A21-5561-8CA0-9DBC1E672425},dirF0B6D1AE30842EDA0196D956BDCDF7E6,256,,filA59B3FD1DEFF5363F8B7A7111F9EAEC1
cmp10440A07BDACA3DCDE88D1915CB090AC,{3602AEC3-DE34-526E-99E2-396EAFAB7729},dirF0B6D1AE30842EDA0196D956BDCDF7E6,256,,fil87D3EECBC2DC434BFC38FD57C05ACF8F
cmp4F5CF6CA57C9BC86E5C45BC4F278D8DE,{0DD2F730-7C5B-5585-9805-71EAA9FA839B},dirF0B6D1AE30842EDA0196D956BDCDF7E6,256,,fil1F70F2AC13316622AAB0B9E89BBF10C8
cmpF8138FC8F1A862611F4C327FBD6AB0E3,{A224DFD8-EB16-56C1-A7DF-F3F6FA9ADBC0},dirF0B6D1AE30842EDA0196D956BDCDF7E6,256,,fil24549EE5DDBC6678E73574DF81C823F8
cmp11E2DAE9A7D44EEAC96A5914EA42A1B4,{7A41C378-5D8E-5DFB-BD5A-0538E40B9A42},dirF0B6D1AE30842EDA0196D956BDCDF7E6,256,,fil29D9415A0FFC528754EB3127DA05791D
cmp8918F61C78017BC1F6EDBA1283D6F82B,{6C522C4C-29A7-5877-B5A5-0A4338390B6E},dirF0B6D1AE30842EDA0196D956BDCDF7E6,256,,fil473A13BFDD56EA93EE8E9D2F676DD6E5
cmp076F407B88039C89191918F4C33B97BA,{6B9A4C6C-BA3E-57DD-A89F-A1C38BCB4BEC},dirCF9A1ECCA16117C1C0526B316E44824E,256,,filDB66D4EA7EBDBABF467AAD7A7A126D55
cmpE6063076EEC409F4AAD0B8E20B3D8946,{35E44242-3E73-55E8-8937-806FD720D71E},dirC9F708A35CCF9591CD79D8858C21AA73,256,,fil0F320506522D3EF8EFE2BFE5E78A3C67
cmp36804E4573A76A33C104DBF56B655661,{D545925B-26FE-56D9-939A-23D42D630513},dirC9F708A35CCF9591CD79D8858C21AA73,256,,fil0E498A829C511A9D8555C71F1C96D9B2
cmpD104C1D41246235C689CA0BB2219CD88,{F708B682-7B8B-5746-881E-DC956D0C4036},dir264B48A09AA1D77ADCC37ACF93155DBC,256,,fil608B3C4B377002BD90692F943055F9BC
cmpE94EF13E846E878A096FE0EC14FEE3B3,{BE11C804-94BE-5E8B-A230-0118B3097CC4},dir264B48A09AA1D77ADCC37ACF93155DBC,256,,filD87661D9D01409C85B5B7DE1F1F67538
cmpED415A0E12721B18C1DD98B1408439A5,{5EFA33F5-FF0F-5340-8231-F53F98A347F1},dir264B48A09AA1D77ADCC37ACF93155DBC,256,,fil6FF3175C69A22E2BAE466D87A658BC60
cmp8828ED0FF399D813844648EBEA6C1A31,{2D17B737-9DD4-5951-9A28-BD2C1CB2BA98},dir264B48A09AA1D77ADCC37ACF93155DBC,256,,filF34FC40BFD7952B5EC1676589E7145A5
cmpE5F0EEFAC132D1F5B116A9B5C8084FF0,{E20B98A6-F2D5-5986-93C6-CDC543609869},dir264B48A09AA1D77ADCC37ACF93155DBC,256,,fil0E1720B7B16F39BB9BC874A1C25A9082
cmp53EA28086868EA959B4D7178852BB822,{78D73FA3-F800-57D3-B35E-A03F8C13F986},dir264B48A09AA1D77ADCC37ACF93155DBC,256,,filB0022D15A59D0868D521E9D3ADC43DFA
cmpCE143DC548A79207CE54F0FD53FA3BDB,{A0AD196E-A33B-5371-8E60-0F1C4E58A49F},dir264B48A09AA1D77ADCC37ACF93155DBC,256,,filE3BF278ED710474D56542752871EE54D
cmp2942792271B3E0AA493469671C2AA00D,{F8C25636-D34B-5CCC-8684-0169EF62F4CE},dir264B48A09AA1D77ADCC37ACF93155DBC,256,,filFC3F6700DDE6A4CA9D8494E75CDE08A7
cmp4E31B2823237D02429DCD1F7A2248C1E,{5A38E312-19A9-5371-A8D3-97BEF29F9523},dir264B48A09AA1D77ADCC37ACF93155DBC,256,,fil4214591EE1C78458594445BEBA004BC2
cmp90BFF00A149CBF317CBDD6C6006BE2AC,{4C15B74B-1067-5629-AB5C-E51D9044090B},dir264B48A09AA1D77ADCC37ACF93155DBC,256,,filDDF315BB01D5A4442F6B083509C5D77F
cmp54CF13B98E9610514B2620A14C9F557F,{5D50FB1C-1A5F-5469-8892-81A4AB83FC05},dir264B48A09AA1D77ADCC37ACF93155DBC,256,,fil913A5AE148B80AD925BEF37463F7B5A6
cmp2ECE60B45C2FDD9BDCA9D0A6D0605E35,{493F6BD6-AEEC-5078-B031-8164433725EE},dir264B48A09AA1D77ADCC37ACF93155DBC,256,,fil849751C38AD5DCB980800D65E09C9425
cmp76AA30D3F048E5035E3DEC0D1F3E5C6F,{BC4A9301-1FC2-5D82-93D1-B9BF08544270},dir5017A876D1E976ACED446410DE621E92,256,,fil34D330DD8F43A8D491172A7B9BB3DAFF
cmp5D53B7A7214CA238FA8346BB161DE0B8,{C0E26DFA-F4EE-5C40-9D3C-17ED6312D719},dir5017A876D1E976ACED446410DE621E92,256,,filDDA2AADCC8CA5F8E1883096ABE016664
cmpC56F5490BA7743B45EB82388D3BDEC77,{C89E0B87-F387-5189-AA05-6D26210CA2DB},dir5017A876D1E976ACED446410DE621E92,256,,fil2465034A869EF0DBB7109AE23EEBFA1C
cmp74BA437FA11D2A2C267C097BE590FA60,{D076DAD8-6D45-5719-939F-37F1E25A8ADC},dir5017A876D1E976ACED446410DE621E92,256,,filEC76577BF15A94821DF7F9D57A563822
cmp1F28A4C9C05FA377CB57930AEB0C259A,{8277EF3B-39FA-5876-91FA-F2CE368CE1FD},dir5017A876D1E976ACED446410DE621E92,256,,fil6C2A8722E40AACE89C40E2FF7DAD94F4
cmp6430B9552BE306C7E354FB18C2E6DAD4,{EC8ED4D9-C9F3-5BD9-B75B-AE1B875BFAA3},dir5017A876D1E976ACED446410DE621E92,256,,filA2F082C7E1ADC837D9FA76C28A7119DE
cmpB3543E57083E945516158CCCCE5DB03E,{0345C52E-7FDF-55D6-887E-C0D0FC430098},dir5017A876D1E976ACED446410DE621E92,256,,filB49ACCEE2EF327212EDC35EB0D2F80E3
cmp81C617453926173165F5E6975C84E29A,{DE70D5C5-F7EC-5443-B478-B4E7BCA8EE46},dir5017A876D1E976ACED446410DE621E92,256,,filD616F149B4D9CAD7832147810657FD01
cmpCE0761F85EFF9E9329AE9007918BB3BB,{4CA14D7A-59E3-5F2D-A2F5-300FCD9EE1E6},dir5017A876D1E976ACED446410DE621E92,256,,filAECF8F78CAD9958712D2C8AA23AEEF96
cmp71E5B19332C39CAE0180DE1D4C47F112,{3B530513-56C8-50FD-8CC7-01238E34ACE6},dir5017A876D1E976ACED446410DE621E92,256,,fil81A1EE1688C272407008D6C224060DD6
cmp14B5F5C6548858369BF6157653015E17,{6700D536-6E0C-5C96-9209-E761BF08EA6E},dir5017A876D1E976ACED446410DE621E92,256,,fil3E8F94E18A9DE89A0E4063581813E2B1
cmpA59A0EF473D2B96A8B67CF4EB0F3872F,{F1BE71CB-BF39-5DA6-B63B-856E34B4B73E},dir5017A876D1E976ACED446410DE621E92,256,,filD9EBB4A1DA7FD531C5D100AC6492F45E
cmp937A910E5C261E1FCA27FD74E427FFB1,{8C720206-8F84-5CE7-A063-082E67032C78},dir1F4BEC93C5DBCBD4F63C2C94F57911A3,256,,filCAEC7EBC7607F3A1540CDAB16477136A
cmp48E14B22334EC3A19E2A07015D375E1E,{67107BF1-33C9-5411-9F1B-747CE69CABEC},dir1F4BEC93C5DBCBD4F63C2C94F57911A3,256,,filB85FA4CEE20DC11E53581F192D10842C
cmp102AA8CA16DF8F18F0553D6D50C2B53D,{6240F582-896B-585A-B8B6-BB7589106610},dir1F4BEC93C5DBCBD4F63C2C94F57911A3,256,,fil80CF80407DE0D0446DEA246AB7B0AEC5
cmp995831BE05BD475E099918AC9F250DAC,{3192A01C-A266-56D1-986B-4912DDDA950F},dir1F4BEC93C5DBCBD4F63C2C94F57911A3,256,,fil851CDB239BA9D2B3E6E85A99BDE87A30
cmpE367301C9A54596349B8BF92E3916057,{A443F75E-4D62-537A-B5A4-C9E5FF74228A},dir1F4BEC93C5DBCBD4F63C2C94F57911A3,256,,filB1F3BEB466DBB1EC21B1AB912089AF7D
cmp07D60E7C5DFE561441ED27A266DEA08C,{9111B638-243E-5B96-AF99-F45192F0A0DA},dir1F4BEC93C5DBCBD4F63C2C94F57911A3,256,,fil513EE6C2EBE90736BE3E89737AE74146
cmpF5F5606EE57A122EDA3CC38BF11558E6,{6BACA014-6141-5E4D-905C-EFF8C36D1A4E},dir1F4BEC93C5DBCBD4F63C2C94F57911A3,256,,filF84B30192208E717E22DE181129846C7
cmpAF9C4473881C606F58B052A21CDCE9B7,{26C7EF84-E1FB-53D6-8227-23C30F97826F},dir1F4BEC93C5DBCBD4F63C2C94F57911A3,256,,filCD516CAC91197EEA59BC2B6524350965
cmpDE9E2E7BEFE68339C35F23FD5E086DE2,{4DA1F98A-501D-5914-BF1D-8A29FB9B6375},dir1F4BEC93C5DBCBD4F63C2C94F57911A3,256,,fil248CEA6DC7A08BC53A384B520F351711
cmpDDDFDC3E1D2CED58CEE2A32A7B1CC9C6,{113D2F37-E9FA-5D00-BF17-9DFB361062D1},dir1F4BEC93C5DBCBD4F63C2C94F57911A3,256,,fil2E29FBF408264924D70DBB9E78927BB5
cmp9875BB9A3613A3E2B5A7F7C279791F2A,{A2334F14-3F6C-5417-9E6D-B16896DD0081},dir1F4BEC93C5DBCBD4F63C2C94F57911A3,256,,fil9507B89563804056E017C41445972038
cmp102E69C00E4192D4B4A476328C870AA8,{2C43222E-42F1-5256-84BD-E6011497288C},dir1F4BEC93C5DBCBD4F63C2C94F57911A3,256,,filC3F0150654E915E43EB81F377A5B66AF
cmp3184A1CBD6B4330F87385F3E91BAC8FD,{5D8E388B-E0AE-5525-BA51-C5D64022EFBC},dir56C9B5585B8C16CC1FA6FFEC544118D9,256,,fil5E64DF2537C89B71D5180ADB841DAF21
cmpD2172B566CD7D0870FEC75E8C7FA0334,{AE0CA49E-823A-5477-AA3A-20E9DC2463B4},dir56C9B5585B8C16CC1FA6FFEC544118D9,256,,filCFA2A477217549232AD413DE349FA3CA
cmpC50380ED4082F8A19EFEE6864985F2AE,{EEEC6355-5B9F-5857-8E3B-5399F8EC59A3},dir56C9B5585B8C16CC1FA6FFEC544118D9,256,,fil124A9F44C23014610F3DC341465FD6BF
cmpD53C0257D065A32109CD1033460B65F7,{4806B510-92FE-545E-936F-5B55A07A897B},dir56C9B5585B8C16CC1FA6FFEC544118D9,256,,fil39042FA680A6AF03E325BE0263F05D37
cmp9BF1B3F3817011487707C219439470EA,{70ABA527-2294-5BD3-97EC-6A422D665984},dir56C9B5585B8C16CC1FA6FFEC544118D9,256,,fil2DBBFF6780168429EDF0E85429E42DC5
cmp882C95CE08F554FEC894370CE17E087D,{89C982CD-7AA2-54FD-91D4-A5704FE6F537},dir56C9B5585B8C16CC1FA6FFEC544118D9,256,,fil4092DA41237BFF767D0ACD66DFB158FB
cmp5FF817569C450535FE102A05F0ADEAE0,{793A7B44-DF7C-57EC-8BFF-9181D8EB7873},dir56C9B5585B8C16CC1FA6FFEC544118D9,256,,filEF1B4BBB0F75758DC406E1BCEAC2FEE4
cmp7E5566B2CB421FBA2FA8A66D6DDDB9B6,{B1638B34-9B75-51C9-B659-6957B7153B68},dir56C9B5585B8C16CC1FA6FFEC544118D9,256,,fil6BD4A434FD8DF9F52D862DB2FD5D6753
cmp1A49318B59B8D463B8D6CBEA75F489DA,{D54020F9-C5F0-51BF-AE4A-D0A65F239E26},dir56C9B5585B8C16CC1FA6FFEC544118D9,256,,fil09BB54ED3413830642A78BD7216459E3
cmp60DEBC3EECA50953E230567854AA0229,{0BAA2FB5-0F36-5A97-BBCB-BFEC03272555},dir56C9B5585B8C16CC1FA6FFEC544118D9,256,,fil5FFBF04364C5243E03AC98613C8982B4
cmp622310670F73845B3AA22D85423D1B3C,{11901684-D75B-54CA-A983-C9C71117E5D4},dir56C9B5585B8C16CC1FA6FFEC544118D9,256,,fil0B8B4C06A0565AB8115C0070288AF434
cmp3820303E21B82EA902E38F7E62A68875,{A5FACD7A-E8BB-57B7-A8CC-EF0004DF083E},dir56C9B5585B8C16CC1FA6FFEC544118D9,256,,fil7ACE84620A3899DFB9E1AC9E2A835A49
cmpAF078E443B9021EE5E7763A041093952,{E4D19FFF-6D6B-5556-A485-5B1C017244A0},dir50C0D86A8ED7F1CC4FC2A7FBA174CE42,256,,fil2F15CE562D8EEDDE6E39E6DFF3435418
cmp59784A19498B663D9CCD2C6A460A511B,{04B85B8E-2EB0-5085-BF1D-E7934B885636},dir50C0D86A8ED7F1CC4FC2A7FBA174CE42,256,,fil41B73C66050B055CDACA38782F14AFF2
cmpEA4E655C89AF39C08E5B846BB326078D,{7780225C-5211-52D6-B1A7-3FAFB721A00F},dir50C0D86A8ED7F1CC4FC2A7FBA174CE42,256,,fil7D5E0E069A9D70B7602119172A442B83
cmpB781E356221DF5AF0681796853642ED4,{4A140068-619B-5079-8033-266E39DA3D5D},dir50C0D86A8ED7F1CC4FC2A7FBA174CE42,256,,fil32410D23BE8AE21A66D2430905C44916
cmp4DBAB91EC55DC9913486878146CDECC6,{B707691E-C80F-5D6A-902A-0155955BAA6E},dir50C0D86A8ED7F1CC4FC2A7FBA174CE42,256,,filD23B8A5AE9C4B184D735560C176B036D
cmp87D97200B6BF851221DC350CBD141101,{145B7347-003F-5192-873C-2F1387644F47},dir50C0D86A8ED7F1CC4FC2A7FBA174CE42,256,,fil09C7F3A7F265AA0515DFECB51CEC3963
cmp0367677D50F297A29C7FD424FB3BB42A,{93954560-2C65-5261-8646-8D439B49E458},dir50C0D86A8ED7F1CC4FC2A7FBA174CE42,256,,fil8406ADD154D68BFB6D5115B6FFAE85E5
cmpCBB3A87460171319263C982517D8D9CF,{FD61E191-3AC1-572D-8B01-D477C1CE2045},dir50C0D86A8ED7F1CC4FC2A7FBA174CE42,256,,fil0C55449A63A3B4764FC0BB88C04DC7FF
cmp9CE0E9CC196EC2E457D945C52226757C,{4B4A8A05-54BE-512B-A4CA-32FF697E0916},dir50C0D86A8ED7F1CC4FC2A7FBA174CE42,256,,fil2556AA4552261B27795DD4294BFBABFF
cmp9824374E0053F2944FB27C72DB4ADA11,{8DA8DB46-2921-565E-9E9B-7C0049915F98},dir50C0D86A8ED7F1CC4FC2A7FBA174CE42,256,,filF85F683F1568442B8232BF4385E772ED
cmp1061E017B0BCC8E2FECB2A9608687258,{954E4A3E-2AC5-5AFF-BF57-9737B3FA1E75},dir50C0D86A8ED7F1CC4FC2A7FBA174CE42,256,,filF975150A1DBBFDE5C7A607E87CBB4260
cmp80EBE47FD6F7EDB5B7984B7F7F63C242,{C9CEF24E-485C-5BB5-BA78-6F2DFA967030},dir50C0D86A8ED7F1CC4FC2A7FBA174CE42,256,,fil6838A66422EEE5ECE5F8AD9EF8E39BF7
cmpF6789BF1C156ABA952651A0174829E39,{02FA44FD-D2C3-5942-94DA-984ECC24BA69},dir470A947D2CE78E92E176557104C795C9,256,,fil8209A6260E4837475741A8FD34DCA5A6
cmp34B74F9F1A38428EC866C499D197FC44,{BECA4108-6B61-5212-8031-892D2FDCC415},dir470A947D2CE78E92E176557104C795C9,256,,filD74F09DC250745DB4EBFED737111D5D0
cmpD3083A3F6E9073A955F1D277A2A68AB7,{2CE93716-C224-5026-8D1A-390BB28B8900},dir470A947D2CE78E92E176557104C795C9,256,,fil0FE21AC28A7BEEA7D4E90BC72071D863
cmp4AD2180CDA2358E1710BF68DFB8026EE,{C6E2A246-7901-5C6B-999D-404D8B0A557F},dir470A947D2CE78E92E176557104C795C9,256,,filF56770C75161AB7D50C029C90FA6ED65
cmpCDECF8642BB371633BD1C1E6D737C6F6,{E50B6285-DDE1-5680-AEF4-A4DA0E0E9542},dir470A947D2CE78E92E176557104C795C9,256,,filC325FC4A8832296A46FCD7926FD3797D
cmp397D0CA7AD0E6D36B4D0E16A8E0F19EB,{704D8CDA-FAE4-5E49-9985-ED5A29695DA7},dir470A947D2CE78E92E176557104C795C9,256,,fil836257D51D5A7FC75A262E70BB339210
cmpCAF79D0F1B6EF96618DBA231A001BED4,{8643A3F4-20F5-5414-9D7F-0D1B25745F51},dir470A947D2CE78E92E176557104C795C9,256,,filCD62DED28D8DFB788C27172C6DDA5F81
cmpC34F4635CD8F0407F81995F5044E4265,{F41159C2-3DAA-5A7A-8D4D-0B4DB4E01B71},dir470A947D2CE78E92E176557104C795C9,256,,filD4B160A20FCBA411EB7AC226CDE9E5BD
cmp15FC1B4D1A7728A9EDE2FF7E331AA0D3,{4F6C637E-B413-56A1-B492-ABABCAA4B246},dir470A947D2CE78E92E176557104C795C9,256,,filBEA6EA287D70FD8391EB479A0D52F9DA
cmp665C149D47B321C96E2844DE2F47EB0C,{5B8F40C3-51DB-5DA5-AD91-CC46B5AC52AC},dir470A947D2CE78E92E176557104C795C9,256,,fil1DA3CCC680C574E00FBB018DE5E9622A
cmp17AE6393C3AE9CBCCB8357A39A6FC52F,{DD13E0E4-EF64-5631-A35E-F1EC4EA2849D},dir470A947D2CE78E92E176557104C795C9,256,,fil430FBC33AB8C9450B96BE96B3A89CAFD
cmp02B1A27748B84F2ED8EC8698EAFE9DD6,{6D6C41B6-03E4-54A7-9266-8DE71B8F1376},dir470A947D2CE78E92E176557104C795C9,256,,filB339C98239305B33FFEF637AAF1C7B67
cmpAEDAB3E4FF934C0B02FF02AC231367BE,{D11B4974-D2CF-585C-B668-3A1ECDF121FB},dirAFDE832D87D284F06F2CA14A7FC7149B,256,,fil06C15B2189E7A41EDFEF83CD107DA6C0
cmp49337BFCAA309C80DAA61924AD3FC7E5,{BB7B835F-848F-5EB9-9618-DB0B549192CC},dirAFDE832D87D284F06F2CA14A7FC7149B,256,,fil3AD44C767BFDB2B98E8FFDD52C5AD46A
cmp454EE8AEE713119CD66A7AE80C19BE89,{CA390D2A-6265-5C05-A4EE-09FB86B18953},dirAFDE832D87D284F06F2CA14A7FC7149B,256,,filCCBB3BFA6F8F8875778CFFB34C7D2256
cmp0AF3143C5CF5B11305098F6AB03C4E17,{C2B44784-0653-5766-BD19-D20451729654},dirAFDE832D87D284F06F2CA14A7FC7149B,256,,filBD55CD6E3C86B76F4190988411C6A550
cmp4389DFF96FA59A688777F66ED467AA66,{3369ADD7-6C55-5B70-ACEC-07E3B4B7CA2A},dirAFDE832D87D284F06F2CA14A7FC7149B,256,,fil39AF4632E70C3A2C3D4BA01986EA2D93
cmp3EFC6A9BD45F2F17D4554B4A763D4ADC,{FF04299A-50F6-52E5-8C36-12D141687F87},dirAFDE832D87D284F06F2CA14A7FC7149B,256,,fil7B56DCED96077EAF6AC6B4CB27A204EB
cmpCE5266CCDE59A61E52AB017F682E8B14,{BA8D8C34-0126-5103-AB4B-3CE5D7B2FF26},dirAFDE832D87D284F06F2CA14A7FC7149B,256,,fil0B2785014B113AEBEF8AE4B276DCC4B3
cmp25018E79C11D9E2430F1026925641887,{6A1728E7-0F7A-5524-AF69-CA45A06557E4},dirAFDE832D87D284F06F2CA14A7FC7149B,256,,fil53344FE7CC0608191E244A96C37ED780
cmpA18EEEB10FF415833FF8528C85013DD5,{178E1CC8-0BFC-558A-A983-4975CCE6DA13},dirAFDE832D87D284F06F2CA14A7FC7149B,256,,fil8633170638255E9154DED7D8BC03CB8A
cmp29B91174DA7DE8C05DD04A571682252E,{617C08FD-7EB3-50A0-8B71-4C42119DF2AF},dirAFDE832D87D284F06F2CA14A7FC7149B,256,,fil404759D38DEE6771902B1DBCB0644177
cmpC14DA5394841A209C4422A5AE054E639,{B0CEC747-079B-5155-8EA2-CC4B10CBE446},dirAFDE832D87D284F06F2CA14A7FC7149B,256,,fil2C2318D56915C9E955455924ECC41327
cmpC223EC4E5EB4CD3259C02451CFAAE9BA,{559A3A0E-ABFC-5F82-BCB8-223826758CAF},dirAFDE832D87D284F06F2CA14A7FC7149B,256,,filA26C044025CA7AB65D2D32F78CED71C1
cmpEDF724BC55AE5BD8793D711F4D210B3F,{DD2A762A-E7F1-550C-BD76-C46804B70083},dirB8C45ECF62D6BD1887F66EE49E62FA8B,256,,fil706DB94809ABCDA945F39DF729990D60
cmp83E19094DE22D99A187D79AAF8623D84,{4EB06A68-9BA0-5765-BA6A-1DE8B8ECB84E},dirB8C45ECF62D6BD1887F66EE49E62FA8B,256,,fil731015574F6C5D152D67722252159CD7
cmp9E20044E8F9EBAA85267597E4E8CEA4E,{E380929B-1945-59BA-B7D2-960378B5385E},dirB8C45ECF62D6BD1887F66EE49E62FA8B,256,,filAD340117E75F51A31780445287F51835
cmp6E08B3190C6EA1513A05D6E68A9A0414,{6172387B-15BC-5E24-8EA0-A3C6940BEAF9},dirB8C45ECF62D6BD1887F66EE49E62FA8B,256,,filB5EAC0673C95F40009FD7C6767CB3B4F
cmp09FE9C5DF927D49CA3153B3719DFE0AA,{628FF2FD-C1E5-5AC8-A6CF-1442BC3F8C24},dirB8C45ECF62D6BD1887F66EE49E62FA8B,256,,fil9904F7DE4032624C18DE2151B342A6A4
cmpD14B5855E7DA88855B6880AB6CBF1078,{41426403-0690-5724-8C68-02B217356EB4},dirB8C45ECF62D6BD1887F66EE49E62FA8B,256,,fil287CFF2B15338DF37682BE33403F24D2
cmpEC62CB52CED224025D5D59AECDBEB094,{17C428E2-EFF0-525E-959E-7FCFE92194AF},dirB8C45ECF62D6BD1887F66EE49E62FA8B,256,,filBB24E7E27C3BE13E468D6729FFF78C0A
cmp50421B37E650F19618D915BF57164905,{38C48D66-C00C-5C6D-8AEC-0F17D8B42044},dirB8C45ECF62D6BD1887F66EE49E62FA8B,256,,filE7C9969F117F3932CDFCF55E801B717D
cmp9A478B910BD4AFEBBD63CE38503B7459,{3D01B912-BBBC-5FF4-B4FC-73C5855A4CF6},dirB8C45ECF62D6BD1887F66EE49E62FA8B,256,,fil3F31F3298F10E365AE6A5D20FB1BAECA
cmpE9235212EFD75CAAC46BB0920CF39EEC,{F766A774-AD32-5B4B-90F2-24D991BBB7B3},dirB8C45ECF62D6BD1887F66EE49E62FA8B,256,,fil1F708F5C56A2ECA6B30352D5F5FCE075
cmpCBAD37D801994BF285A71773C4030DD0,{EDB026DC-2655-5296-A023-BDD379F53A34},dirB8C45ECF62D6BD1887F66EE49E62FA8B,256,,fil574210000B6368EB8343352617670B8B
cmp74D386B5459F5BCE2DA9AEF8ED1968CF,{ECBC39D5-959B-5B80-9BE4-030DBC4357EF},dirB8C45ECF62D6BD1887F66EE49E62FA8B,256,,filB9CA53488017605AECD0DA46CCBA5B8A
cmp7BA016EEE2434C9C9D52DF839B27F044,{BE3661C1-067E-5594-A482-2CF3611F6C6D},dir0F105A448C0F56FE4272519A6F379AF1,256,,filD7695330B76979581A9AFCF3E29C1891
cmpF0643723C757387566710B8E50D92C70,{6AF10EC1-D8F6-5C64-825F-FD8D494A551D},dir0F105A448C0F56FE4272519A6F379AF1,256,,fil31F3AD690759E87E816381CDFE70303F
cmp8FBE6ACDA523D676C5B2DDD71088212C,{837701AC-6C4F-5CF0-AC08-94F12F502DEE},dir0F105A448C0F56FE4272519A6F379AF1,256,,filCDA8D1088745F05F92FC3A94F1D5E1DC
cmpE19A78CB404677CA151697C37D8BEA54,{97656940-C84E-5500-A967-C475EF2F31B6},dir0F105A448C0F56FE4272519A6F379AF1,256,,fil8CFA35BD5CF80EA262BF81DB31BA3715
cmp758C348BB5E0144423AFB7A2A79174B4,{25E5FC07-152C-5D53-8777-D503ACD40E97},dir0F105A448C0F56FE4272519A6F379AF1,256,,filF7C3D7CC5C342E9D8F940DC284DB16DA
cmp5EED1C0854A58C3D1BF797F2F8B98BD0,{FA254146-7C0D-5939-9C42-967C3579EC06},dir0F105A448C0F56FE4272519A6F379AF1,256,,fil2EE1336679985808AB0C46903F2EBB34
cmp3E1224C6269E1B61609A17B2C97A7084,{5B342D6A-C5FA-537C-9427-1A885B8982B6},dir0F105A448C0F56FE4272519A6F379AF1,256,,fil6799CF17E2DF2F0F88E18CBC9FD01EE6
cmpD1FAA56B23079F25B409288BEE40D43D,{AE08F893-6D88-531B-BF51-88BA4A30FC50},dir0F105A448C0F56FE4272519A6F379AF1,256,,fil9EA902DC28F213FC85E028CA8999D991
cmp0968539546956F75A2F09C99E0B47A43,{56C2364C-6893-53D4-9C19-11FCAE992B55},dir0F105A448C0F56FE4272519A6F379AF1,256,,filE0EAF2A512BC98B5BF70EB5DB20D2B54
cmp6E56383C0EB61717358A87BA59275A61,{C7A75BF7-EACC-514B-8205-DE5A0780B38B},dir0F105A448C0F56FE4272519A6F379AF1,256,,filFD1DAD33C4FFA30417656DB585DA8816
cmpF717B2DCC1A4C2FD06743204E30A37A2,{2EC59C61-5177-53EE-8614-9001B6E7A1D2},dir0F105A448C0F56FE4272519A6F379AF1,256,,filAD58EF4F50195B5365788EC746CABEE9
cmp5DB1C01D25FF8D39508EC3340E1BAE97,{5A91ECF3-C22C-5E0F-80BC-C12F416A2198},dir0F105A448C0F56FE4272519A6F379AF1,256,,fil20CFC9649552117490FD179708E2A143
cmpBC5A28753D796AE1AC3CF04574D001FD,{9B59B95F-0969-510F-83B8-6A759267293A},dir0BEF1C8A678E702BF07F9381BC862BAC,256,,filBE3B4E750948FCCE2FD9597059B5A34C
cmp635A7901F04B2E6B29C22220B01D8A3E,{9E7809FB-9366-58E0-872F-4129C6E0900E},dir0BEF1C8A678E702BF07F9381BC862BAC,256,,fil79E141CCC7326073B5134CA496C86B1F
cmp237FAE3330B14EE5C042C0924A9E2AE3,{CDBA892D-CE45-5D20-8B17-3118538A788C},dir0BEF1C8A678E702BF07F9381BC862BAC,256,,fil63E50A22B74BCF159CBB56577FFA5043
cmp492C228D060898E626AF835987F13B3D,{7A7D6385-293B-5E05-8DB0-6BE7F5445031},dir0BEF1C8A678E702BF07F9381BC862BAC,256,,fil59F09CA0646C4084D98F10572648397C
cmp9466AAA72C0439BCC044F246200B1836,{330F1938-653E-5050-AF46-C8104732353D},dir0BEF1C8A678E702BF07F9381BC862BAC,256,,filA7C89F407024177182426D7916387E44
cmp708BE7CE0DF68DA79C9C8E7156AEC2B0,{CF656101-6DF4-574B-BCED-00F09875AA0D},dir0BEF1C8A678E702BF07F9381BC862BAC,256,,filBB365C4C4DB38A49F6DE1A09FCAB8565
cmp141BDD48FED0B24F1BBC54E7D580CD63,{C69174E7-FA30-55A8-AF1A-E1C35F76917F},dir0BEF1C8A678E702BF07F9381BC862BAC,256,,filB7AA1A7EB8CA12EB4B0710015F77DF12
cmpAA9D0154382645B4FD03EC2028926407,{50CBCA3E-3401-553C-98FC-5239732DE682},dir0BEF1C8A678E702BF07F9381BC862BAC,256,,fil5437AC32B2E7B62174C7B5E7D6CD6AFC
cmp4C9FFBF6B248E3B333F8C4034890B3BF,{E646AED4-AC4F-5DF6-A3BE-4B1B09E92547},dir0BEF1C8A678E702BF07F9381BC862BAC,256,,fil3CB4AA98B10006B96DB3A2244D1C9462
cmp2D469861BA3DC95A2D955AD64E769A57,{859BF5D9-7B6F-58A4-9DFC-0F919B787C84},dir0BEF1C8A678E702BF07F9381BC862BAC,256,,fil7A8DFB983E0BC018E2A68EB9AD16337B
cmp753B36C27E1E321D3F6B874091ED6035,{7AA49DE7-3514-52EA-9EBD-CCA964CAB326},dir0BEF1C8A678E702BF07F9381BC862BAC,256,,fil19AC912AEE7B4597B66C5F5B1C6C713A
cmp651E3FBD5F9F8F244A95C98B44EEDAC6,{21EE0E5F-5CDE-5E4F-A60D-8B4B6DD5E702},dir0BEF1C8A678E702BF07F9381BC862BAC,256,,fil6AE5868F3946950A63DCDF6F094685AA
cmpAAD7308236B2DAE3CC25CCE3030BD5D5,{6073B074-3D3C-5BF7-9089-6E3EEF85460E},dir6561CA67A5D1DAFB85FCD355BF7FEA23,256,,fil653EC0994DF9B1748D8EF1282DB9D870
cmpD2D77A0FB909BA6DA5C11A9398F51678,{2BD6AE35-1F06-51ED-B6A9-BC279DA0909C},dir6561CA67A5D1DAFB85FCD355BF7FEA23,256,,fil80AA6F36B9AD19A69A6C1F6F1F4D0143
cmpC28F65E00A305841962D791B4767DC96,{CF32B30E-29C2-55FE-8D4D-D9B076338967},dir6561CA67A5D1DAFB85FCD355BF7FEA23,256,,fil95FF9C2F20C5BE1DB61049A7DE1C9091
cmp0C97C7C200AF19869DBB73133906B730,{945E0E03-CC4A-5359-9132-1FFC29314B7D},dir6561CA67A5D1DAFB85FCD355BF7FEA23,256,,fil242637FB64DCA523A500EF4C9AE70D31
cmp63F350319486EA087D2B61B9EC14F579,{EF75305A-A4F6-5171-967F-76A27683B01A},dir6561CA67A5D1DAFB85FCD355BF7FEA23,256,,fil96AD01BFD11AA45E8DBF19AEF0A155D1
cmpD6990D6CF90410E61047878BE2788E4D,{CB2FC2F7-1B1F-57B3-B1F1-C6E687A0FD66},dir6561CA67A5D1DAFB85FCD355BF7FEA23,256,,fil278210DAEC153D4B48904CA5D7160C1B
cmpF62CA41FC9F1894F3CAC5FFFBC6FEBC7,{455D2A4E-75A4-521B-BA68-E3F03D71607D},dir6561CA67A5D1DAFB85FCD355BF7FEA23,256,,fil98881949ECAA22573938D98A4082771A
cmpEBFD358CB0B3AB8876B1763E7E4E77AB,{6FAA3EC4-41B4-58C0-9B77-4AF3080555FF},dir6561CA67A5D1DAFB85FCD355BF7FEA23,256,,fil67EE06673F9582B201D71FCA2CF662AA
cmp78EF7346F2C2DC66750304FC8FAB8177,{5192465E-3611-5F7B-870F-8C26D276ADAB},dir6561CA67A5D1DAFB85FCD355BF7FEA23,256,,filBE4D146C5F06E2A11C09AB7469472646
cmp94A700D817EEDAD12B857B586DD7DE20,{80A878CE-00D5-5E7A-A572-FABFEC810EAE},dir6561CA67A5D1DAFB85FCD355BF7FEA23,256,,fil611323BCA25EF7E1FBAEE52CB3ABC6A5
cmp27FDF0DE51B6B6FDB6F6B31FFDF95D9F,{28BD5EA2-F722-5AC6-B314-4236755ECFCD},dir6561CA67A5D1DAFB85FCD355BF7FEA23,256,,fil6EB6D8F95D292F0E71402A718BF8F819
cmpF0ED7A0BE9243249E3C55299F50C94DE,{99FB2C6F-47BB-53FC-8265-1B525E3347A7},dir6561CA67A5D1DAFB85FCD355BF7FEA23,256,,fil9E8FE1C4D02FDCB9F85FABE79EFACB09
cmp7306D05BABA27DCBAF0839C96165717B,{AB125F0A-5A77-5369-A426-72873998B6F3},dir5248D892E7A6E6D43515304F2191B01B,256,,fil739BFCF302EA82F0D16B36598663A7BD
cmp4F81136692EB0D2BDAC2EFD47D9B6FA1,{76C389FF-CEB1-5BD6-BE85-9445B5453EB8},dir5248D892E7A6E6D43515304F2191B01B,256,,fil08D651C09D0BC81F95CF2EF2C86FC17C
cmp0D6ED25108CB92E90A06403A29DD071D,{5B2BAA94-AD4D-5C81-9E67-CE33CC9EA6DF},dir5248D892E7A6E6D43515304F2191B01B,256,,filA3C9962347DA3102050BEE0BC793F9F7
cmp3732131D55F4B39A9DC579BA7A2F9FA4,{9B4A6BDF-85DF-5CDE-9296-EE41845741BB},dir5248D892E7A6E6D43515304F2191B01B,256,,fil21868E79A5A9A22D9EFB249C386D71B2
cmp852CB4FF4CCFEB91C3586B9AB5A9EF57,{D5ED53BB-C09B-5BB4-85EC-7A57CD329D30},dir5248D892E7A6E6D43515304F2191B01B,256,,fil3DA331181F853E4EE5AB42CD857A14C5
cmpD083281C3F1657A6DD331BD852FB3251,{98CE9941-8D26-5AB2-BE3D-0C4458EDCF60},dir5248D892E7A6E6D43515304F2191B01B,256,,filD02EC18F449FAF87B50F046D0E82851E
cmp5FC168408A781B830D66AC47BDF2C52D,{F8BC7675-776A-5973-903F-E6C3DEBAE9BB},dir5248D892E7A6E6D43515304F2191B01B,256,,fil3DDF25FDC1CA3471E4F3E94954131E91
cmpFBAE9D29F9EEDCB8E83CCB29C9D0C4F3,{3D79C9D7-5439-54D3-A646-E7B5244A3AC0},dir5248D892E7A6E6D43515304F2191B01B,256,,fil6C0397771AD8BF532FF247591ACD8878
cmp0E09DEF269B9039BCABF736B60DE69E0,{24BFD220-1FEF-5535-BD38-D98F8D45B2E8},dir5248D892E7A6E6D43515304F2191B01B,256,,fil7B08527641B90DC2827BD8E2E3BBDE60
cmpC145C33F9D116B5D9FC73734D2FD8FFA,{7CAF57AF-6AF9-5B9E-A117-2C8CB94A17B2},dir5248D892E7A6E6D43515304F2191B01B,256,,filBE68727D1AF4DEB01EACF7B35C0FCE9C
cmpE17702F99017EEF116041992404102BC,{F3BAF94A-1BCA-5848-BEA7-6D75B687FA1C},dir5248D892E7A6E6D43515304F2191B01B,256,,fil4321911DEBB7702E2EE79F79FDC3A619
cmp1DE87AB87C9515DAE4026DB460745725,{B86BFDA5-C29F-5D83-86B9-870EDF90CB61},dir5248D892E7A6E6D43515304F2191B01B,256,,fil20968A5E331ECAA56C6901F9E8FCEB38
cmpE27790987157C3267659D8D5156744B6,{167157F5-9DBC-5692-A27F-9F048F59C403},dir1CC115D507FB8401CEDF6D20B4DC3652,256,,filC57EA3EDF5B006A2D130B6CBC9F54C91
cmp08C1200FF3C9C16D47540C942309C7D5,{2A76564E-13B8-586E-8B99-6A9D07AFDF09},dir1CC115D507FB8401CEDF6D20B4DC3652,256,,fil3210A0EE20947BD482D5847887842DF9
cmp016EB47A2996901736939358FFC1ECBF,{EBBB749C-40BE-5F75-BC3D-8C5782A10DF2},dir1CC115D507FB8401CEDF6D20B4DC3652,256,,fil4624C9932A1BAC61B61411F52C9BA9DF
cmpCF745904362BEF475F09B4B1970E1E0C,{8F66AF4D-37A7-5EEA-AFCA-0229CE93EF66},dir1CC115D507FB8401CEDF6D20B4DC3652,256,,fil76CBC7B0A407624DBED35560883F36EF
cmp71746896A74A4AA0BEC2D32FE6D0D808,{E463238A-8A86-5800-96A4-159B5212CA94},dir1CC115D507FB8401CEDF6D20B4DC3652,256,,fil0058C28971D98927FAAB710FD80F2D1B
cmpB45BC4E7064C5B55741BD0116D60EFE0,{8A9CAB57-F5B6-5DC4-881F-7A9F6FE0B7A3},dir1CC115D507FB8401CEDF6D20B4DC3652,256,,filBBA19DBB3D68CC2CCD8A077470845801
cmp77EDD737F2FF62CB3DAA36E1C0CA2289,{1DABA733-5CF6-5BE5-960A-AE873C59D21A},dir1CC115D507FB8401CEDF6D20B4DC3652,256,,fil64205131DFBE69CBB424573B0B84493C
cmpC76F536F4C6181EEC5F5B21CF74E8490,{3E253BA1-8B11-5EC8-A2DE-AB81946EB25B},dir1CC115D507FB8401CEDF6D20B4DC3652,256,,fil86A5EBE5850A45D4D4BAC917A1560903
cmpF6C763F0FFE4BDF509B5621FE5C8EE31,{3AED9737-067C-5A28-BB96-3348A45378E6},dir1CC115D507FB8401CEDF6D20B4DC3652,256,,fil295D9067A7D45627E6935482E26F4825
cmp212EAF9C2D572839C998162B926A6A28,{10C68193-2CE9-5F64-BC1D-8AC03483F756},dir1CC115D507FB8401CEDF6D20B4DC3652,256,,fil97355E3CE21B070ACBD07B642145A7DA
cmpD50CCC243A7CE3450DFF47BC8AE9A868,{9A338ACA-DC17-5F6F-835D-503EA1787F09},dir1CC115D507FB8401CEDF6D20B4DC3652,256,,fil9754FF7814A041FD163758619F1FFBAD
cmpDE1BD65DE389603E6DFD5CB74303C3BA,{B58375FD-B1F3-5E4D-848F-467D16D1F8F5},dir1CC115D507FB8401CEDF6D20B4DC3652,256,,filEA0D1738198F4A49D9B0886FF8EF279D
cmp97CEBA10A1F78412DD5DF00178F1625C,{BF6C0C8C-2BF5-51F6-9368-3C0033B1C19D},dirED91EE15E8B74B0DB258A674E44FA87F,256,,fil74DF5DD453E1C7CD91472F71D787DAAB
cmp5797FF4F5ACF7CC5A10D0A58DECCF716,{4DEBA10A-3355-55DA-BF76-5942833538B4},dirED91EE15E8B74B0DB258A674E44FA87F,256,,filA1EB45D61BB474F47E25D8363DF01647
cmp5D8AFAC03D7CA5FE4317E9B3CD48F753,{AFEB4573-D7CF-5585-9DC9-F0BF3D6C3C5C},dirED91EE15E8B74B0DB258A674E44FA87F,256,,fil7EBFBF619A77AFD2CC6F4252B20477B8
cmp3A13C70A293426C95B85B7BB50C9C1F6,{64A3CA85-0461-56C3-84F3-7A0F51E12FAB},dirED91EE15E8B74B0DB258A674E44FA87F,256,,fil83964DB1C0241017E3AF94E9D2CAFDE3
cmp709D0C7F3934543A7CB443F9F17F93C7,{B20F8A9F-0880-5BF2-9E11-EDF672C49145},dirED91EE15E8B74B0DB258A674E44FA87F,256,,filFF6F8051C2E713CBB10D6E7E34B7D1FC
cmpDBEBD96B43D9891D14FCF4751E6E1A5F,{941674E8-694F-5BFF-AE3D-3CDDBDE9F1D4},dirED91EE15E8B74B0DB258A674E44FA87F,256,,fil3EE13FCC0A0295587F273234727EB9E1
cmpD2E4ACBDE3E677AB35611962B1F803BD,{8A9B4709-264B-5A79-9549-237AC23F330A},dirED91EE15E8B74B0DB258A674E44FA87F,256,,fil9752EF6BC9B0EB9B9C5FC00F26FA8885
cmpAC0BFFF35829319AC350DE11B1BBC6A0,{63FC91FB-B81A-5758-AD16-032475312891},dirED91EE15E8B74B0DB258A674E44FA87F,256,,fil746413E4402A2537547F9215A0A639BB
cmpE476DDDCF201B8222A27EC0ABB4CF679,{ED04BF41-5BCF-5D6F-9BB7-A1005400C793},dirED91EE15E8B74B0DB258A674E44FA87F,256,,filAAD40976D712216F2FE7DEBC0EAA4BDD
cmp642A0E401B5E0C50251979E6DE2384A3,{39AA6808-553C-53A9-BBD8-B17DB5B2FDD4},dirED91EE15E8B74B0DB258A674E44FA87F,256,,filD5D73B9D31BE6E33D6A7EEDBA761B7C9
cmpC6E49E99A752A5CFEFC95CB37D71BD7C,{306D4C0E-6722-57EB-97C7-8D2F10AF1079},dirED91EE15E8B74B0DB258A674E44FA87F,256,,fil2C12761787385FFFF0BEE3E0955F0CEB
cmp16007F3092F08BB713BA468D85523F3B,{11CBE3EF-9D3B-5238-A8A8-E62F8AEEDE56},dirED91EE15E8B74B0DB258A674E44FA87F,256,,fil9C4EF34DA46837980D9110583AC4D48A
cmp514CBDE6DAE7BBB989566C7130BF2AF0,{DF22876A-DEE0-581E-8E85-92C9C2B19219},dir24044F64488FA9FF3245BC64569DAF44,256,,fil426061DC706380B0DA0EC044359A181E
cmp5B3E9933EBA033B0844384A717F9CAFD,{A0F6FB3E-97BF-5696-B583-4E03658F0661},dir24044F64488FA9FF3245BC64569DAF44,256,,filC529F7631C6197126E664F157BE5C913
cmpF672655BBC22B841F4F38F9557387F4C,{13F686AD-E45C-53F7-8FA7-B4463428CFB2},dir24044F64488FA9FF3245BC64569DAF44,256,,fil3061EA1600A9C9215880742C7B4426FC
cmpBE6D10B2D193E6CA83A4D1C6A6A6775A,{4E49B226-5093-5E3B-839B-3CC80A13097F},dir24044F64488FA9FF3245BC64569DAF44,256,,fil355E4E060D12EF59F32C668823F3EFEE
cmp7A70760D6901865FCFFA941FB9E8D6BE,{3C5EFDD4-E3A5-5C4C-A1D3-D5C07DEBF130},dir24044F64488FA9FF3245BC64569DAF44,256,,fil4AAC8F50D7FC69A35223F59ED6824467
cmp8D14E4CC1D772F1633A5F521A02AE1F1,{34879CFD-8637-5DDA-81B5-0DF9FD0D0221},dir24044F64488FA9FF3245BC64569DAF44,256,,fil5E166F47D2D016FD16B8A878D295108F
cmp54646C50F34014DBD41D1AFE1B0768C2,{49AF2D39-DFDE-52B2-9C73-AA71F5EFDCA0},dir24044F64488FA9FF3245BC64569DAF44,256,,fil091033A430F44F2E5ADFA0ACA0C26A4D
cmp4478D1B7AD65CAD18712E25321E3BF0D,{F0A960DE-C61C-51D8-919D-F29F66329F80},dir24044F64488FA9FF3245BC64569DAF44,256,,filB2D5A9A6F3B65D2AA561361B56FD2EE6
cmpAAC490154C0B98061F86ECE58A7F1E72,{36BCAE31-C1BA-5C08-8769-84CB4AC67329},dir24044F64488FA9FF3245BC64569DAF44,256,,fil47EE7765B8D3EF2814C99B67F43BD3D0
cmpC26E23756F9648C41D834FC901C8475E,{332FD8B2-E46C-5972-B943-2784B1962D4A},dir24044F64488FA9FF3245BC64569DAF44,256,,fil6D506191B5EB9F70702CA01E6060A60F
cmpA7FA963FC50C740D32860743A96B9E30,{76CBBEF6-09D3-5F66-ADB6-92CDBA32A30A},dir24044F64488FA9FF3245BC64569DAF44,256,,filA921EE1C3D3D959534D22E1A90B063F9
cmpDBEF4CF0510508A593DA4C282257D64B,{F854A5A5-2919-5181-B5E4-DEB7BAE04895},dir24044F64488FA9FF3245BC64569DAF44,256,,filA960612B728153C527C61105E037E590
cmp1E7BDB9ACB1A307AD869805A8B0BF027,{771FCE3F-D983-5F7E-A8CB-02B5981AB1F7},dirF6ECB332894A3ED7CE80715384575B79,256,,filAA196D19595C732093F9CCC7A4A5BE35
cmpB996AA5CB9E9EE3131ABAD62269E948F,{56AAF080-8E97-517F-85F9-C80DA406164B},dirB19FBAA1A0CE9EFB86B59C8509911F43,256,,filB70F4B49CD2C9D0906784E8B8BBF59D8
cmp24BA02FE0924C0F039C498E29C50FBF1,{F91278FB-1722-543E-BA57-43D1BBB55CF1},dirB19FBAA1A0CE9EFB86B59C8509911F43,256,,fil0AFE9C5C4678A5E1224569796A2D72A6
cmpE4BBF4D3CD89984D011FE99B6E7BA732,{99BC44A0-C769-5991-BE21-F32B535510EF},dirB19FBAA1A0CE9EFB86B59C8509911F43,256,,filE2FA9A02A39D3DB39D346811D2EF89AF
cmp02D19FA0EC1CD59430E0FD75B8742AE9,{B5A85EFF-F89E-5EB4-B093-1A8C6FCFF496},dirB19FBAA1A0CE9EFB86B59C8509911F43,256,,fil70765F08AC315E8DE6DA24E58CC207E6
cmpDF5DF7CC5674178237C74F0034732ADD,{B8CAB141-6565-5986-9139-EB7F5301FE6D},dirB19FBAA1A0CE9EFB86B59C8509911F43,256,,filDF17935BAF07E2957DF0B98CA2F89432
cmp9ABAFA52D4C72C90AA2C7A0C3FFA2B87,{C5AF7B21-2B34-544F-8E5A-F4BE861379E8},dirB19FBAA1A0CE9EFB86B59C8509911F43,256,,fil3B4FA05476D50B65E687466CF7F0B328
cmpB64A8B5D0F233B457EA34034B798DE70,{694DA9C6-543A-50B0-846E-DABC8E61B5A1},dirB19FBAA1A0CE9EFB86B59C8509911F43,256,,filE3E2A26C5CA457D87C4AFBDFB3C8C0B8
cmpC69509D3EFCAAE1E911AC83A4648D72E,{BB8C4B66-98A6-5F59-A240-784379D35DCF},dirB19FBAA1A0CE9EFB86B59C8509911F43,256,,fil64E433AFD6C74978D3B4F88E44970885
cmpA1CD97B13481A7A00DB906CDEB5AD957,{ACD148CD-6A21-5CBD-9212-4487A4A6AEA1},dirB19FBAA1A0CE9EFB86B59C8509911F43,256,,fil448BA875AD33BAC3378BCF1E12A5581F
cmpD7C06880A82EFC324D32603EE6BE12BF,{FA66D562-266F-57B2-B893-2538C02D6FD1},dirB19FBAA1A0CE9EFB86B59C8509911F43,256,,filE71EB8985097D39625FFE7EBAE292870
cmpFA752435D9EA1B412D91CF484C865A70,{917FF6A5-F2CF-5768-B612-7993FB76C08F},dirB19FBAA1A0CE9EFB86B59C8509911F43,256,,fil6C5309EC1A187897707A09104386F7B4
cmp91320882245BC6FBA13450F40B445590,{20B1200B-AB3B-52F1-8C84-4DB87E91C0DA},dirB19FBAA1A0CE9EFB86B59C8509911F43,256,,fil01AC6E1B462AFDCBFDFF31DF60D3B5D9
cmp957354F80737AEDBFF387251EAF05AD1,{B2A60912-EB50-54BB-BBA9-627D2C75C2EF},dirB19FBAA1A0CE9EFB86B59C8509911F43,256,,filB0FE94DB342A4F3AAF90959A13BAE770
cmpAF90CF50E65D545AF2627B99E6FFDA2E,{22A88CCC-8EAD-5A31-A0E4-92C1A9181272},dir704F79E9273BDE46B8EC8799434F4E9A,256,,fil29091B91B90E8419194AFA17DE004DB9
cmp1532E4A03E628522D484993AAF4A6FC8,{3167C41D-729D-5E14-925C-41CFA6A67A24},dirBA4A36251631E8DC0FC021C27BE5A8AC,256,,filF868A67B0E6E90DA5B902B2858F71935
cmp96B0519E7D66C50D45EF33F0EA606320,{2F13CE40-9C98-524A-9D75-7DBB6D6E6086},dirBA4A36251631E8DC0FC021C27BE5A8AC,256,,fil99CE3EF9FE657AC5E653991D06862CF4
cmp8FEFDE8C68BDE34BDCB23CAED3F4F26A,{D741004D-8593-548A-8A9A-2F8231ED7D55},dirBA4A36251631E8DC0FC021C27BE5A8AC,256,,fil409446E98EB6BCB28DD62C05CD6F8895
cmpB059F67756DDA0913AFA6970BD82C549,{9EC05976-94C1-5CA1-84C8-BD204356E131},dirBA4A36251631E8DC0FC021C27BE5A8AC,256,,fil39C429250662A460B36CB072F62DC68A
cmp8EA2764BBCAA2091A37FE1576125B0D5,{BD9D12D0-6BD5-5D1B-A5DB-0E8723E4AF07},dirBA4A36251631E8DC0FC021C27BE5A8AC,256,,fil861F78BB3091FB2918C9976C022FA2FF
cmpA65B54CCC7EC8C9D1F931B15EAABBB1A,{256F4568-2E3C-5585-BEE1-31D09D325FD7},dirBA4A36251631E8DC0FC021C27BE5A8AC,256,,fil6BD70F936FF395FB4C9E6C6DFEA8C3BF
cmp90F807F72A5411F0E693E2EC16A28381,{FD6672C3-4936-5AA2-945C-EBA1DC8860E3},dirBA4A36251631E8DC0FC021C27BE5A8AC,256,,filA14D6EA4DB3217CE4FCBA7D8863CDBE8
cmp6FAEDB14825AB3F8DF3A018A6B6AB2F2,{41B1F29B-8C6B-59C7-9D49-732BA4D4A28E},dirBA4A36251631E8DC0FC021C27BE5A8AC,256,,fil8BFD206DA4255F6206A8B58222065A5D
cmp3C5E29055AEE2D3A8AA2C852BB61D785,{B38EFDF6-04C6-59D2-BE39-CA80B7C9AE8D},dirBA4A36251631E8DC0FC021C27BE5A8AC,256,,filADA10626E510B4F540386AC63482806F
cmp1C2EC6A3842337D91E0E7E77DC84EE45,{54BE4191-964F-51FB-93B0-CA800DC2A3F1},dirBA4A36251631E8DC0FC021C27BE5A8AC,256,,filBB9BAC144DF72F247A26F789A7E09D97
cmp3739F34E79C8E719DEF009A4CEB78EAE,{75C2D96E-0E29-5B22-B71C-3D5E4440B766},dirBA4A36251631E8DC0FC021C27BE5A8AC,256,,filEBF8A114ECA40F0FD5C33FC973D9AE95
cmpFD2D13504A3BBB937DF7A73B703ED3E7,{271D9FEA-4C44-55C3-B1C2-D1C36C4E39E6},dirBA4A36251631E8DC0FC021C27BE5A8AC,256,,filFF3946473361CF3509482D5559427004
cmp14C562E813A5B6BDE17FD4DA3C26199E,{B68D84E3-C3D3-5645-AFB5-EC9C0070F842},dir8CF017EA3FEA06DFE097D284DEBA7478,256,,filE58726EDB7D95729D55441E42378DAD1
cmpC4CADDD22F36D6ACD55EBC1EA10B7523,{38043C84-498B-5CA2-B97F-BDD8F33B3B60},dir5F3B0020F9680C90B372F905F0AD970C,256,,filEC1C41BC955229704C9CA2BF7D545F34
cmp489C38DAF4A620ED16C9E56B912ABB30,{65485F98-E088-5080-A01D-671E3131C1A8},dir5F3B0020F9680C90B372F905F0AD970C,256,,filA8894FE8A58C14879B19ED42242E4B54
cmpEF2E209E820A453A6F7C1B730D855D6A,{75635647-5D62-5661-A9A0-72785FA89B61},dir5F3B0020F9680C90B372F905F0AD970C,256,,fil1151CFA1E59688EBF2B969EAC484F293
cmp0E7344DF8A8374ABAE8D9653F7A6E54E,{5B42F255-F493-5F7C-8EFC-E40C0F997BB9},dir5F3B0020F9680C90B372F905F0AD970C,256,,filC25924DABCCD31D9A086D32BA8DF7C1D
cmp10FAD45687EDECB2C6819CE3B9F90FAC,{D1D4EBEF-5031-5CDF-9040-3600EDEB6D18},dir5F3B0020F9680C90B372F905F0AD970C,256,,fil30309481748BFFD0E176E53D47B60FBE
cmp949DCAE27F6E32E82DCE8FCEBAA11358,{3AEE608B-71B2-5E52-9B3E-8E3A5FB5836D},dir5F3B0020F9680C90B372F905F0AD970C,256,,fil6C75DCE2040CB3F06A86AD0EED0DF247
cmpCD41E50CDDEE5808B1E04BC96F60F84F,{DB3306F8-09B6-5D33-8B24-F761771E1457},dir5F3B0020F9680C90B372F905F0AD970C,256,,fil60CB90E84F8B13F6F7EC7265E8F9384D
cmp89F6DF30B7848C860940BE0781671D15,{DD0E41AA-BD5C-53A1-962F-EB57AFF2C45B},dir5F3B0020F9680C90B372F905F0AD970C,256,,fil3CAD345960B070A2EF53FEE81A383E30
cmpF908C0CACDD9C44BB43D4CEBF2B95BF1,{B0FAF33C-A2DA-5636-A90D-90CE1E712ADC},dir5F3B0020F9680C90B372F905F0AD970C,256,,filE0D3B5BB97B0DF3B2F543B479162B1F6
cmp12E9727455403D1E17C049EE91D11EEC,{B3C60342-9AE9-5A3D-8811-ACACF1D5825C},dir5F3B0020F9680C90B372F905F0AD970C,256,,fil173D0782D5F916E835C20059312AE0E6
cmp64427997014A9346B086DFA0F87CFEC7,{3A150088-9153-5534-84D4-60C2CC9E945E},dir5F3B0020F9680C90B372F905F0AD970C,256,,fil1ECA64436A6C797E122D167C3258BDFF
cmpEE832BC3B6A1B5541D147B59A25F6124,{1DCC1BA8-B2CF-5F7B-B5D8-507C10281FC2},dir5F3B0020F9680C90B372F905F0AD970C,256,,filE07AFB8DF699EEC538F3DA1951375F30
cmp9EFEBFDB29D7585E42F0B47DBF02DCE9,{D28D2460-E0CA-5E8C-9B8C-01E573F52956},dir97DB93E8D328F40C20799CA34D9E7616,256,,filC55049E6F721FE85C896871BEE397F56
cmpEE97E609D147D8738DC64B142B103FCC,{A856DB4C-CD2D-5980-958F-54C76EFAFE52},dir97DB93E8D328F40C20799CA34D9E7616,256,,fil9D65EF39E7F371B62DBA0D1F0BBF0816
cmp1C124DBC525EFE0E89F0B4EC4999B352,{DDC561F1-D708-5C8C-AFE8-F4596DFD80F2},dir97DB93E8D328F40C20799CA34D9E7616,256,,fil9C55DA7AD89C6BA97A337595862AD63A
cmp8A52CC9245DEF4B9F07B2396FD7E6961,{DAC5349A-366A-5101-A9A4-135948D36EA5},dir97DB93E8D328F40C20799CA34D9E7616,256,,fil41EF16A1527CE35D34CBE8C195FB1DBD
cmp0CF13B0BEF269B713401673D1A4B9A86,{27A5B164-DCEA-5AFA-BB6F-BA9A1436853C},dir274E88C8B9EE1A78594F3E203B8922C1,256,,fil3814FCB95094588EAEB09DDADCF6014C
cmp71E61E731CE60EDA6B13E041FB8E2F93,{9F01D737-37A9-53F2-AF3A-36684DBFAAB2},dir274E88C8B9EE1A78594F3E203B8922C1,256,,fil4506A3C6FC45A2F3708229236A2B6AFC
cmpC920AF672E26EF2EEE5BB0F2897C0C03,{483309D7-2CB0-5301-8A76-0307BB98277C},dir274E88C8B9EE1A78594F3E203B8922C1,256,,filDBB36A5DB7852920AE1068A086A5323E
cmp0FC9D90DFB41DBED9C66E8F75D22CCB5,{BD3C689B-9DAF-527F-9F76-041C67D370EE},dir274E88C8B9EE1A78594F3E203B8922C1,256,,filCB0C5B027E47B9D44AACC2630774EEFD
cmp27179C0424CB60196D11717FF64783E0,{984E6795-D7F6-55EB-A35A-97C131918776},dir274E88C8B9EE1A78594F3E203B8922C1,256,,fil94870B16F8356327C611AF9F17C184CD
cmpE3C1DF4DC0E2DD7EA5D62E864DDB34F8,{5707F7BB-BC2B-5549-A40F-3DD0D51D288C},dir274E88C8B9EE1A78594F3E203B8922C1,256,,filBD7E2E8A361C7E68008D80E1782CD067
cmp585B5B9413B6D336D367F5001734E175,{4269E5BB-C16C-5B66-B104-FFDA6F14C1E8},dir274E88C8B9EE1A78594F3E203B8922C1,256,,filEEB0128326EE681B65128166BDBE06E6
cmpB1560BFB0A5B39A733D2411A4F9EC0DC,{7475676A-3085-524D-A104-63E1A90B5E3B},dir274E88C8B9EE1A78594F3E203B8922C1,256,,filD8D8C7F25FEF164C431FF29327955151
cmpB8222A43F8103F158BB7148D7109CACA,{AF93E9D7-5CC5-539D-AB68-E53E071DB76D},dir274E88C8B9EE1A78594F3E203B8922C1,256,,fil0EC00B86C7E376FB2913A592AC41DA48
cmp51BBA9150E698CE50C46B34721744C6D,{9E5EF405-3619-5D33-85E4-1C28493FAD81},dir274E88C8B9EE1A78594F3E203B8922C1,256,,fil71985C0354EBFF50590E6868516FC77F
cmp2F504AD65E022B01AEE28CBFEF6BADCD,{2E63E7CD-0FAB-5EE7-8F1C-0C45CD310A08},dir274E88C8B9EE1A78594F3E203B8922C1,256,,filC17EF0569491EB7DD2D1AF004C299CA9
cmp68C2C45F33169CB82B7F4036D5063D3C,{5ED1E5C9-5A7E-570F-B384-25BC0E1BA38E},dir274E88C8B9EE1A78594F3E203B8922C1,256,,filDF262EE933641A8F4CD0F484CB9F20A5
cmp9DF2D4EDD5768023983530AF00CFDD5D,{7842C5BB-A1FE-57B3-B49D-F5BEEC1F8574},dirCA9BB53B326A86617A978126B957352D,256,,fil6F3EAB34FCD5357ABD077D98B21B0E81
cmpEB6A7E9FDF48D3CB00AC139F89AA947A,{01CA3789-C312-50A8-941F-F18FBAFF1918},dirCA9BB53B326A86617A978126B957352D,256,,fil329A0A48784153CC8EC9BA4397B07917
cmp261622B08158DE3BA4AB447D5BD3362D,{28CCD120-4A57-5794-B7CD-74E163AAD290},dirCA9BB53B326A86617A978126B957352D,256,,filD2FCD284C8A70EABCC1B93A095198CA1
cmpB655DA8863A201AE0586085C62127986,{268022D8-411E-54B8-9923-E2058A370119},dirCA9BB53B326A86617A978126B957352D,256,,filA755D5E5C666E554E51498C898FCAEAF
cmpDFD33E1B0876BF26D477DA7671FF6258,{FEFFD937-D44B-51F8-9D42-B1E534333BE2},dirCA9BB53B326A86617A978126B957352D,256,,filA64C51F0E63950631B3BB7FF11B2C5CD
cmpAAB03A618A92B864D7790FF4742EE7BA,{AC9004F7-F9B0-50C5-A07C-E9D9A2B48EF7},dirCA9BB53B326A86617A978126B957352D,256,,fil2F73E48D2974E79697F3892CF32A3AD4
cmp958287A028D5007003F0D4F688C27923,{66CEE088-91CD-518F-937E-DF88D6853CF4},dirCA9BB53B326A86617A978126B957352D,256,,fil9BE80C7DADBEBCFD884A1B06BDD38E71
cmpA7CF5170587DFF3920D7EFD8F0B5A020,{2D719B26-114A-56C6-A926-BA87E13AF4BD},dirCA9BB53B326A86617A978126B957352D,256,,fil5711E5BD6A03BABA87331666FD63FFDD
cmp58473A628CEBE194996E0D5A3765E09E,{36C216C6-D017-56BE-980B-35DDDE075549},dirCA9BB53B326A86617A978126B957352D,256,,fil60BCD67FE6C97E3083F521EB5C077F41
cmp8B31F68D305A0846A2468856C1322EBF,{FEA640D3-7E4A-5EE4-9D02-A5010282F7DC},dirCA9BB53B326A86617A978126B957352D,256,,fil3C9CBA8CE455C2F2C8FF1B2E759EA0EB
cmp4BFB8403377D630EF822DE410577D32C,{3BF4316B-721B-500F-81D3-EF0098D2AADD},dirCA9BB53B326A86617A978126B957352D,256,,filDCA70132B8B930D06D19A2ABAA00F0D9
cmpBC7A4A02799597C4363C7E47EDB13567,{2992C53A-4882-5C02-BE33-F6DE9B84F1FE},dirCA9BB53B326A86617A978126B957352D,256,,fil716037B8ABAB20D5482A4BDC1C05854F
cmpAC3D0E648AC1CF488F4EF33AFBAF98A6,{F156B7A1-EC9E-5485-97D6-AD5AECCA946D},dir796D45619F9AEE162E2F864C946F0BB1,256,,fil1FEF5DF27D55ED1D0761D35274022F32
cmp295F491D40353AE877F9177D3E1DAB0F,{A4FDEE78-CA94-5FFD-8162-06AD26A36E7D},dir796D45619F9AEE162E2F864C946F0BB1,256,,fil6703EDAE67A6A4B0A9940D6DEF0C2EC8
cmpEFC9A5590E076FDCD99967C2C6882495,{934C04BC-B7FD-5631-A9B8-8EE2FC4AB6D2},dir796D45619F9AEE162E2F864C946F0BB1,256,,fil1EF2604593468C5C182D96898187D21A
cmpBBB310A7CA0FAF18E535ADF69FCC5F75,{020F3829-2E2C-5DAB-895C-F562130EE7AA},dir796D45619F9AEE162E2F864C946F0BB1,256,,filC783F70D3552CECE58E275456FF2F608
cmp2121B6413E779ED5C8E9DF2D519BE875,{77ACB3FA-9497-5FA8-8716-D79E9E2996AA},dir796D45619F9AEE162E2F864C946F0BB1,256,,filD4C1ACF307AC11CCA0189807B6B70A6B
cmp81BCBF5678499451C0153F6AD64C97B4,{9EFB6E59-5FD1-5AE2-9F5D-B62D9EF4BD52},dir796D45619F9AEE162E2F864C946F0BB1,256,,fil053167A1A9A675C2B055E9FCFA2EA798
cmp898A2A0CB24C7AEF31318CA3BA1040D9,{6ABD7853-51B8-5326-BFF2-0402A11C94FD},dir796D45619F9AEE162E2F864C946F0BB1,256,,filA6F99DECF0EFD91C5EA32E8197EF4999
cmp6C26B527187EFA6B0DE6DEAF42DBC1E4,{6C36B1F6-0CC3-57C6-AA7A-B4481F8E9423},dir796D45619F9AEE162E2F864C946F0BB1,256,,filD976B1998AF0C8DA5030075BB9DF29D5
cmp72F1735F39ACD5C68A06A906158F078A,{781E8D6C-18DB-5581-B425-668287FFBF38},dir796D45619F9AEE162E2F864C946F0BB1,256,,fil9AB17087B8F7485B79825056626EF167
cmp461191B779CDD8AA9D7973434AAEAF67,{77775565-BAB5-53F8-8CB3-50F8C357F282},dir796D45619F9AEE162E2F864C946F0BB1,256,,fil52D9BF27C81568F126620D73DA0737D0
cmpDCAA7F4430DF607357C2824C2B1D0D6A,{F77820FA-B90C-5CD8-B761-4D546E65BC56},dir796D45619F9AEE162E2F864C946F0BB1,256,,filD40E8099253064A8DBF0FEE1C16F9056
cmp63897CE621759C66916803232617E9F2,{6EE716F0-BA97-5631-8F86-662A11F98584},dir796D45619F9AEE162E2F864C946F0BB1,256,,fil41D3A54CBE4F08D7F7D008486C1A7C29
cmpA90265AD1BCA77147705BB407E221404,{8B35161F-B0C3-5AEC-8928-26E0C68EAE8F},dirBD0C3EF4678CB59F14F76441834B20E9,256,,fil77A4EB2A52802058DE92FAB935B2BF6B
cmpACBF478DC7359A4372250C3D660128B8,{6FC1EF2A-E072-55C0-9D53-B25CAFFAB5C5},dirBD0C3EF4678CB59F14F76441834B20E9,256,,fil6E28BEF6CE336C35DD3957AD0B1F7D5F
cmp42E48A0965543E40C96B072D6DFA6121,{4450AB43-D5C0-50EA-A378-D18DB131BD0F},dirBD0C3EF4678CB59F14F76441834B20E9,256,,fil627078FEA590DF6567190CB8ABBDC9A3
cmpC1832787C8C57B42E804B498A6E1C90D,{AF085FBF-9210-5D01-934F-71EE87C1ADE4},dirBD0C3EF4678CB59F14F76441834B20E9,256,,filE5F39FB25C761344660D16B707D6FBAE
cmp72FD3322FD1F4CFD60E266882BA627F6,{E47C5989-1F94-5E4A-BA07-0837695E34F3},dirBD0C3EF4678CB59F14F76441834B20E9,256,,filA22120B0B7F1552F6154C218B651DFE8
cmpC5959203A4C1969BCC83CF3271DFA17F,{EAD33882-6F9F-5EFD-A2FE-CF73FCA6A35B},dirBD0C3EF4678CB59F14F76441834B20E9,256,,filFA6A42BDBA7451EDB309D2384539ED6A
cmp858CB751D639BA08C9E73A28E2B31CC0,{141A02AC-4FB6-51CB-B676-A0D227612A5F},dirBD0C3EF4678CB59F14F76441834B20E9,256,,fil844541AB12B5083C07F8DA1C8556F2D7
cmp84BF5D0B81A93936A96541BF92597B3C,{62A1CBF6-5B99-52A4-9473-A8448EB81EA5},dirBD0C3EF4678CB59F14F76441834B20E9,256,,filD9221EC2A2DB82661F8BCA87F3AE87DD
cmp7C7FBF1222C8C643914AE7C0124EE291,{B3617585-6F6C-5375-B4F1-996574F51F3F},dirBD0C3EF4678CB59F14F76441834B20E9,256,,fil6A9FE55A5FBC13664A2EED86FF0509F1
cmp3D954F5A1BDAD70A0857369361D47E1F,{A95AEBBC-E01C-54C1-98B3-1E0C7FC1EDE8},dirBD0C3EF4678CB59F14F76441834B20E9,256,,filA9E9F6320EF9F7C5AD910D036FBF286E
cmpA5F91B59F5445441DDF4CBC16DDF2DE1,{BC061C89-F83D-5839-9997-12D365C433D7},dirBD0C3EF4678CB59F14F76441834B20E9,256,,fil954D53C29B305432B4E5A18CF1041410
cmp10BA673633E41FACE09B4D2EAFC2FA32,{1D2C0834-5D88-5B50-B5E3-E1F532890169},dirBD0C3EF4678CB59F14F76441834B20E9,256,,fil42A1123C5C57102D8E06E850288B558E
cmp127121FA78D6D33F76C966916E15E0CB,{3F93805F-28A0-5789-8C65-7409A887BF34},dirA66A9D1F454852A5C0396C3C1182BCDA,256,,filCE2E96E0FA2B0319AF6E3598A21B5C10
cmp8E5109A9A9E1634DE18FDF56BF6FD17B,{1BE4E253-B522-59BB-A2BB-CECB23B84069},dirA66A9D1F454852A5C0396C3C1182BCDA,256,,fil56EC1CE0101AB012F70D3E53C7958A2C
cmpEB0D059763370D10421B74F39D9CD09D,{FF5C8DD2-BAB0-5565-823D-69A9297DD49C},dirA66A9D1F454852A5C0396C3C1182BCDA,256,,filB1A4CD1DFC95BABAA60D1EEDED6ADF34
cmp5A0315D6D4B7B2BECC291AD22BEF4250,{04FC6260-A7A8-5417-BD5A-66D07234C375},dirA66A9D1F454852A5C0396C3C1182BCDA,256,,filCA69D05A40ED79BC3D2B5B80D3414818
cmp88A56D85E1C76D25AAFF18927EB271B9,{9FF1791D-7A42-569A-B84E-C7887F2F5709},dirA66A9D1F454852A5C0396C3C1182BCDA,256,,fil154919786E0851155C1FE199A16DE7FE
cmpBDE486F4E873BA756C6098A0DC1794A0,{F868D9DF-EA46-58C0-9D88-CFDDCCB12A79},dirA66A9D1F454852A5C0396C3C1182BCDA,256,,fil5C3754039D6E0F35373D51FCDF52EB53
cmp03709369F4A84E43DA8E3B009CB6FEF7,{DF663025-D9F6-5253-B818-FD8321072A4B},dirA66A9D1F454852A5C0396C3C1182BCDA,256,,filAECB46B6BEC42A878CF47D26C4CAE667
cmp3B2AEC1D4788F20E1D038E0E2D4B39E6,{8443ED10-4669-5286-9B50-1950C17EB5F6},dirA66A9D1F454852A5C0396C3C1182BCDA,256,,fil7C54748EB31AF5FCCD5C2EB5D7D8E9B2
cmp6435BD56751DB26BDC215626DB937F90,{4F5EEF02-6074-5D27-B9D7-09B2814A7A66},dirA66A9D1F454852A5C0396C3C1182BCDA,256,,fil2E0CEFE0FE4A02AC2C76092B2537D4FA
cmpDBB117FB20436F5E856A25BE9E9F5805,{BC780E0A-4A61-5EDD-BABC-B502AF9E9537},dirA66A9D1F454852A5C0396C3C1182BCDA,256,,filB3BE2A5742955EE8462C314261DB24CD
cmp83E02CB47AD15533CFB07609638017B9,{16730FD2-A0CB-535C-B0D2-2B6910C33412},dirA66A9D1F454852A5C0396C3C1182BCDA,256,,fil88737DB359E078B609314A8E9969C42F
cmp6BD21174874E1C13387A141699C9BD2C,{C47312A1-39F4-5FDC-8FAE-F7266BB16E20},dirA66A9D1F454852A5C0396C3C1182BCDA,256,,filD8BF3185554AE976E86F1E87C15D929E
cmp088EC660E3D0DC094F708116307A2C90,{593FDCC5-3B2A-5774-BD8A-4C30471AA9D1},dirB526BFE4CF10258A2369CD9467EB4C4A,256,,filB9BF3925FE81C7355CE322C7BB23B50D
cmp92BC038294C30250BDB4CB9AC7A02A38,{BF45C091-3B10-53A8-830D-715368CD709F},dirB526BFE4CF10258A2369CD9467EB4C4A,256,,fil55501DB3A3AE13EA6D2AB865CFB899A3
cmp66AD94483424748044FC89E717DBE869,{CE289EE6-27D5-5D71-A7F4-06CF0E5DF1FF},dirB526BFE4CF10258A2369CD9467EB4C4A,256,,filF886AEE2ABC40D66511CA02DF81E51CB
cmp52E5A3D700B5A426DD7C6D829D050C83,{2E66CAEB-31D4-551C-9834-1F7D27228EB1},dirB526BFE4CF10258A2369CD9467EB4C4A,256,,fil03E1A109ACD08B1866823951AE80CF83
cmp51CA6C9429AAE13DAEF9FD175EBDD38E,{B566C550-AAAF-5CF4-BEFF-31B1B9B25E43},dirB526BFE4CF10258A2369CD9467EB4C4A,256,,filB0A2E6627069D0DD1E26097BF33C599A
cmp5402BD12054BA1409597AE17FB5708FA,{615CC906-7EBF-5A7F-BF1D-C21C9FE7DB1A},dirB526BFE4CF10258A2369CD9467EB4C4A,256,,fil3E4F4F8EB6FA3C7C5AAA7221760D7367
cmpCCA8C007856C0104A9B5D43A54C6EE90,{C5F4413A-43C0-53A0-9170-90BC2A5BC740},dirB526BFE4CF10258A2369CD9467EB4C4A,256,,filD3390E530CB443D223DCC32C7DD8BBAF
cmp7D2CB3D7FEC5571ACBF6D8A6E9E8E1EC,{E6DCED2B-D78D-55E6-9DF4-73A531A21CD3},dirB526BFE4CF10258A2369CD9467EB4C4A,256,,filCD5599631CC88427685DDBBF616F53E7
cmp0E282F83D1483173FD9CBB5934A48B5C,{9DD6742E-8A7B-5725-961A-764F3E0023A9},dirB526BFE4CF10258A2369CD9467EB4C4A,256,,fil51E8E1BE6BE8FBEBD05F6CDB0A54D297
cmp7763CC7B87D70959CC9500C3DF999A10,{85CF85B0-459E-5DE2-B223-5BF16EEE8610},dirB526BFE4CF10258A2369CD9467EB4C4A,256,,fil18FACEE18C94591EF353F4C954ABAE62
cmp5D639FC12DE63D55B4C579D461B9A3DA,{FFB7852F-5F34-53C0-8F02-733E26C93E02},dirB526BFE4CF10258A2369CD9467EB4C4A,256,,filC8D5F673DA2CE1A8FB130A6ED2FC4F6E
cmp1F68F39A7647EB1BE950AACADC026C4E,{57B9CB3D-1AAD-5F0D-997D-5C5116DDA37D},dirB526BFE4CF10258A2369CD9467EB4C4A,256,,fil7E650FBC942FBDC7D9F46CA97383741D
cmpAB0588620D59C05F0EC1E0660620BB3E,{08A6467F-C558-5E09-BCFB-4E6AE8CA1CF0},dir21BEB5A68F0B0DDF31009AAAB5069B5F,256,,fil1C743C679939B6662B7E46C98D982639
cmp0BA5F2A4B7F7EDC49741A3CF8F824AD5,{65A3052F-E2A2-545F-90DD-A368DF9269EC},dir21BEB5A68F0B0DDF31009AAAB5069B5F,256,,fil1C59034AF118087BF67F2A24D3E6057C
cmp1F27A3604DEE49A41DB2675B92D65174,{88742952-8078-588D-A3CE-9EBD9F1D56E4},dir21BEB5A68F0B0DDF31009AAAB5069B5F,256,,fil09F980FB762EB6437FB1CF5E51D5DEA1
cmp7939D05631BD958F9DFD2E2C8D12202D,{4A33BC3E-D495-5661-BF16-A0A39CA75A37},dir21BEB5A68F0B0DDF31009AAAB5069B5F,256,,filE4C59225B1F1AF96054970988ED452A7
cmp23C478DFEE9FECAEE7FC8A0B481C6573,{F14F0239-F5BA-5371-8225-AA4B25C46446},dir21BEB5A68F0B0DDF31009AAAB5069B5F,256,,fil1A09FD294C53C3FB5B73227A9396A8C0
cmp9BABB9C9F75E6A7E32DA923F537DB088,{8C4C7E4B-BD32-5A53-8977-D88BB6670FB2},dir21BEB5A68F0B0DDF31009AAAB5069B5F,256,,fil0E49ADE4E23D59B1E6D14E63AEDC4D5A
cmpF656EBE17D6D8DFFEC9300E53913FC72,{4E500A30-FC0B-5417-A5BE-A00D4490272A},dir21BEB5A68F0B0DDF31009AAAB5069B5F,256,,fil33DF9F5062085A140310482A8DA6446E
cmp6478909E4DF54626B90B8CFBD7C89736,{796BB000-09D2-56BF-8CCA-DD163FEA96B6},dir21BEB5A68F0B0DDF31009AAAB5069B5F,256,,fil251A84C57AD9D1B49150D04EF77A5013
cmp65A595C37B898F5D2606A66D57B247E2,{21E8B352-5D0F-5D1C-A652-8638E2D41126},dir21BEB5A68F0B0DDF31009AAAB5069B5F,256,,filA9474A24490E5DA37764F7B868174513
cmp01495E25B17FA69B6BB2AEBA0227794A,{01DEF2FF-2E72-5D4F-9C3C-119C1EC1C134},dir21BEB5A68F0B0DDF31009AAAB5069B5F,256,,fil88500822C1EB8699C20E9EE235998F1F
cmpB845551E78C4E2ECD753FD3B8C525507,{289BD3D3-E0C8-5274-BE93-2BE8102325FA},dir21BEB5A68F0B0DDF31009AAAB5069B5F,256,,fil22136B7DACD5A06ACE57C71D481DA325
cmpADF58C83082F2D4756B70CD3DBC5088E,{87ADC44D-CCD7-5873-B2C3-1A10D0B73FBE},dir21BEB5A68F0B0DDF31009AAAB5069B5F,256,,fil89F2193A4403098333E3023EB04CC31E
cmp6F15A254A6BCAFB7D9BC266CC24C2401,{081999E7-97BD-53A3-B0AE-76CF27A69894},dir76040DCD49D81BFF2B026FB046C66A1E,256,,fil85845130BE66381ABB4ACEC5E466812F
cmpE5ED87EE2C703CA6400FBF08B7A16F4E,{E1E1DEBE-B39B-5B36-A380-596313A8F4D2},dir76040DCD49D81BFF2B026FB046C66A1E,256,,fil45D19DF870EF497AC0FB6B5BB5EF4EC4
cmp4FDC03696BE26390673E4E60F35A3FDC,{97650179-3717-51BE-A13E-2933F49BA420},dir76040DCD49D81BFF2B026FB046C66A1E,256,,fil95F38653A84F7C8450735B3A17BC43FC
cmpA6CCD121D33EDCCCE8C0819C695A052C,{9784E70B-E54B-5C12-9C55-37F097F22215},dir76040DCD49D81BFF2B026FB046C66A1E,256,,fil922DBF1BE871E0AE0648AE6D04FDE77C
cmp7FCBE206E003E6269FD1213F35AEEE49,{FE51F824-84AD-5467-A70D-4BECF4127DEA},dir76040DCD49D81BFF2B026FB046C66A1E,256,,fil34E328A8AAE9EE1E4B0A2E7F93637DC9
cmp339A68FD0F71A4304C3351950F2D7A75,{EC27C0BB-870C-54AC-BC1A-CF74E7B81A17},dir76040DCD49D81BFF2B026FB046C66A1E,256,,fil67D684611ADD6B713DE509FEF563E62D
cmp7D0F1F8C87078D675C6EEBF5314A4443,{F3406886-5494-5504-A22B-901E13C40BDE},dir76040DCD49D81BFF2B026FB046C66A1E,256,,fil54DE1F5FE64E745B45AC10AC1C69AD28
cmp900EABF481C0A96B81EC5CA0E3D188A2,{35DEF65C-B9D7-5513-939A-B2DF80A19164},dir76040DCD49D81BFF2B026FB046C66A1E,256,,filE01AF66D62B2F9BB8D9269944EF37AF5
cmp5B353FD60FF8A04EC57A723DBFA91E8C,{9B8EA18C-57BF-537E-AF17-013BA1D1DEDB},dir76040DCD49D81BFF2B026FB046C66A1E,256,,fil8C7D3AF8B5D74F8F5176B82BE792D400
cmp816BCDF78F819DDA62635F0431477F66,{D367F2C5-B34C-5A54-AC27-F30869CA4987},dir76040DCD49D81BFF2B026FB046C66A1E,256,,fil78007D11C0358B6B29598E51874D4EA3
cmpFFFBEBC54FA050BC3935EC5E60845BAE,{C1D98A6D-34E7-57A1-BA59-B7AC72608F39},dir76040DCD49D81BFF2B026FB046C66A1E,256,,filF90DAA248EEE967FF785807418F7ADE7
cmp7F54C94F8CF30442391B679A8F1A7D26,{933055DF-2020-5EE2-A05F-FF4DAFFD87BD},dir76040DCD49D81BFF2B026FB046C66A1E,256,,fil92B5E5BD6C9EB6D0BBF225CA0DFB235A
cmpEDED4167996FADC609E8E4E26D015DBD,{58EEF679-BD4C-50BE-9E1A-C7E3BD5AA4A6},dir2B74A0DB9B0EF99DA54BE725AF05E60C,256,,fil879FE06226F7E452DE80A4E87742D39A
cmpC7A9016AB24DDD18B4991A96AB7B24C6,{0E06994B-97EE-51FC-91CC-73E9CE2BD9AE},dir2B74A0DB9B0EF99DA54BE725AF05E60C,256,,filDB135AEF10E148F6456CFAC041597842
cmp323FF6577C6412BE5A8E1E80F0DC809E,{5F227BFA-6B14-52D5-B93F-3A9D58A94311},dir2B74A0DB9B0EF99DA54BE725AF05E60C,256,,fil11B82F528CB1C439C76E337DB6A1ACB9
cmpABE3D83FA210C25D829A94961880EEBD,{E44233DD-12CF-573E-A6D6-4EDB1BC38746},dir2B74A0DB9B0EF99DA54BE725AF05E60C,256,,fil4F6D5EEB23C57EF183C4C471AAF8BDA1
cmpCDA77658551496DBA0160EE5C26C8843,{6BC39017-A79A-520D-BF36-4B66491DB7C9},dir2B74A0DB9B0EF99DA54BE725AF05E60C,256,,fil24B04B7321AAA81539E78969BAA6920A
cmpECC5640E7B411028F8CA861784D5F674,{12B75B03-2A3F-5CBC-A42A-4DB2C224ED76},dir2B74A0DB9B0EF99DA54BE725AF05E60C,256,,filBF1899480CF33E76CEE8A82451E4AFBC
cmpE426A01EEFB9777341D1F0E17639B5FE,{2ABC20E2-D0AB-5A72-ABEA-DCA81C2DF2F2},dir2B74A0DB9B0EF99DA54BE725AF05E60C,256,,fil8DA5F28235796D15B354E8D2888103DC
cmp93DA10118D9FBE1824BC1DBA0CB251AD,{1DC3D5BC-CC4D-5946-8EA6-2B9A27B80DC2},dir2B74A0DB9B0EF99DA54BE725AF05E60C,256,,fil477AB60DA26394B610BC5D66CF62A5A9
cmp8CC36FCC25484B8114526AB881E69472,{D7FB6EBA-3AF8-5DF7-8DA5-D3D40A07D39D},dir2B74A0DB9B0EF99DA54BE725AF05E60C,256,,fil2C00323847EE246D16E5632A6EB328CE
cmp6D3BCE7542FDB213E70752B1385F5942,{4C622FC1-7489-5D69-8077-5D2064371A3F},dir2B74A0DB9B0EF99DA54BE725AF05E60C,256,,fil67927E782CBBC5C6ED564BF794E3A84E
cmpCCBDB42362AA2516C8C1A8458B9CBBC8,{424463AC-22C7-5537-86A4-F9221376DD43},dir2B74A0DB9B0EF99DA54BE725AF05E60C,256,,fil8444F1DBCF0377A57D46B45A7CA7A029
cmpDB064E3B2DEB210CFA350924B74F954B,{0B643759-30BB-5E8B-9CEB-4E9BD90EAAC5},dir2B74A0DB9B0EF99DA54BE725AF05E60C,256,,fil7471AE288B08CF9E6D61561F1CEC9DB4
cmp0BCCF79E2F0DFBCD9C02C1164F657028,{A1E316AC-6302-5B6D-8AC8-898FCEB40EB2},dirD7B84F0EE06C36BE8C17BF7C0EA2F26C,256,,filE72201FBB1652EEAE601BB2E2C0A6267
cmpC9C68770367142AC94A2613A42376F25,{B276F9EF-8D45-511C-969A-4C7EE3BF5971},dirD7B84F0EE06C36BE8C17BF7C0EA2F26C,256,,filD7D50D36F499A9831BC7A85ACDDF3ECB
cmp497E4C46358E8B199251A3AD618C8003,{179DF35B-83CA-59B1-8104-FEBF4C199F03},dirD7B84F0EE06C36BE8C17BF7C0EA2F26C,256,,filAAEA3AA1BD054B3BE5C74E0934FECE85
cmpDE83CC23AADD1D8EFCA680AF81DF7B75,{1BBB9C74-87A0-5488-AEFE-0641D23FCA1E},dirD7B84F0EE06C36BE8C17BF7C0EA2F26C,256,,fil9D931090164D732F6A441FC01A620D98
cmpCEBD08FE414CE3919CCB6DE3BBB08A64,{A5DEC266-4A25-5813-AA71-C5A95399BB41},dirD7B84F0EE06C36BE8C17BF7C0EA2F26C,256,,fil7847FBE4A0F6D2A7833B66A2B7D2ED43
cmp46FB75A8CAF9A2A4071DCC558888FF7A,{60578A38-B452-5A34-84DA-669A98A6F7E8},dirD7B84F0EE06C36BE8C17BF7C0EA2F26C,256,,fil5635D5A0221891297B7A1C5B9C3E8FCE
cmp7D5AA3BBADF04FEC60D7F265AF304FBF,{ED4E3B71-A2D5-5580-871C-FCB0ADA5C86E},dirD7B84F0EE06C36BE8C17BF7C0EA2F26C,256,,filFE1A89AD38341A6419361D2687FE5006
cmpE0C9385D176921AA6946F0CE53053D31,{76A122D7-FFDD-57F1-8E14-A6E8645C0996},dirD7B84F0EE06C36BE8C17BF7C0EA2F26C,256,,filD26D1FAC209D5631651D640709A15AB3
cmp1C570E98C42374237B7294E7BAD515CF,{650321AA-23BB-5086-9B27-E685AB8B7BD9},dirD7B84F0EE06C36BE8C17BF7C0EA2F26C,256,,fil93E55E7A167288E83B8C3F3A262CF0AE
cmpBF9BEAB0E5172652E081007EEEB4807C,{FCB4E796-58D9-54CA-94E4-5847B28ADBA7},dirD7B84F0EE06C36BE8C17BF7C0EA2F26C,256,,filB2B143D7A084C67BDAFE2D4E93949B09
cmp9341B087C81F9031A9AC422B91E14254,{2DD11C3A-1E71-55E1-9179-1B9A03D2A2CE},dirD7B84F0EE06C36BE8C17BF7C0EA2F26C,256,,filAC6DECAE77986F44465790EFF480ED96
cmp2EBD3C6AD3511AD0C07F828358C36B1E,{4DB140C1-FB2D-5E8A-AB07-9D128B27F28C},dirD7B84F0EE06C36BE8C17BF7C0EA2F26C,256,,filF9CCEC4732558B38968604AE491C70B8
cmp3C66093790C84726A742D57C44882B76,{47623222-005C-5397-9FAA-8643D4FB0021},dir9010E7CA9E5A8E726411C287B844C272,256,,fil72D8A7F2AAC12AA695D97B8243D9E95A
cmp5C5190ED60947DFAD5AD90EABA440768,{EAE97563-A2F9-580C-AE60-7142F256201B},dir9010E7CA9E5A8E726411C287B844C272,256,,fil17EDE833136B90070BF8D59BEAFE4ABE
cmpE810CDCCA5255610F24041805665FFF6,{1B5B4488-D512-5ED6-8E88-BA5E926746D6},dir9010E7CA9E5A8E726411C287B844C272,256,,filE77C29FE8A8393C11C770C7DDBAE17C1
cmp6F228FD1DB9569FBB6968B105A70FAE8,{A7B0E297-60FA-5502-8C49-F3C6CECB453E},dir9010E7CA9E5A8E726411C287B844C272,256,,filBB71BE2D68C656AFCA5A80379B2BE9E9
cmp1236A7CE41AB3C8D5C2D58E6400968C8,{8A075FA8-3D6B-5E5C-8ADE-27B29FAFF388},dir9010E7CA9E5A8E726411C287B844C272,256,,filF238A7D3C279A6C2A9601ECAA12E718D
cmp318841EDE8E4044C357A0ACEE00F0976,{E7D3F733-26E9-5385-A958-90456F9F1E81},dir9010E7CA9E5A8E726411C287B844C272,256,,fil88646763567FA94A4343FA312EA3A1E3
cmp70DF8C3B639C0C81E746B09A80CC0DD8,{72964355-BBA5-5A11-9778-A0EE6FCE3BAB},dir9010E7CA9E5A8E726411C287B844C272,256,,fil8ADB6E6E77C4E4E6674AC3715200C6F9
cmp339F5076E29BF89B6DBF42DC6C10EC3D,{CD6E9B1E-A149-50D5-A633-124088889C72},dir9010E7CA9E5A8E726411C287B844C272,256,,filECFAD702EEEBC099F7C03F42553433FC
cmpE9CB754530EF6463E87B51AFC2F2D182,{533D324D-4EE1-5AFB-8491-CA2385A9DC47},dir9010E7CA9E5A8E726411C287B844C272,256,,fil23D3ECF6667C9276B57EC20996C92230
cmp33C74F5EC8CFA1CA4194EB04BE8C9B40,{5984F111-63F9-57B2-9B7C-EB500C34B190},dir9010E7CA9E5A8E726411C287B844C272,256,,fil8D2874EA089D8D6DA57AC8AC4DD735F0
cmp27B96A0699F42B49AE55F55BB13A170E,{2A42C539-F4AF-5884-9047-DD38E52B2531},dir9010E7CA9E5A8E726411C287B844C272,256,,fil8B37A8CA02742F124BDF566C7D92B4AF
cmp8C1454CC600E38E80C6EE4F16D7BB392,{AB3BB219-226F-599A-9F5C-1B104B1C0B59},dir9010E7CA9E5A8E726411C287B844C272,256,,filFFBE755BDDE1535208D5E4789328C729
cmp2D812BD9219E1E7718AF0443D6A9C738,{768CB0AE-61E1-5F0D-AC2F-A7855F70E3F1},dir09542B87E63EB1113104731648BF63D4,256,,filDCCDE786D66FB78709775407E798659B
cmpEE025F2C149524AFE9DD00024173A962,{54E2EF17-B27B-5964-B33F-D74D85F66EE8},dir09542B87E63EB1113104731648BF63D4,256,,fil30149E7089B0E10BC2B2087D06930AC6
cmpB69A25E85A0F050BC70AE7470285B746,{66D13A9A-A5BF-55AA-9E02-417AC4220097},dir09542B87E63EB1113104731648BF63D4,256,,filDD96FCBECEEC7AA16DB28DB93FE2E2DE
cmpA0FFFFBAD926DD5BE4C97DEB23E08AFC,{279AED5B-5263-55D8-B892-FAA2DC026D38},dir09542B87E63EB1113104731648BF63D4,256,,filF1063CD6DE7C6C5EDB135846CD21D497
cmp7CF1D6F1EFB19D2149937D7A49B6E970,{AFD196F3-E90B-5AD6-8FBE-D44DDE104D94},dir09542B87E63EB1113104731648BF63D4,256,,fil5C2E67B5155A4101AB3E63AA6BDEF2F7
cmp7E304A6296B4C87F6235DA5B06D97332,{4F503217-920E-53B1-9F9C-3AEE5E33FEC9},dir09542B87E63EB1113104731648BF63D4,256,,filA726C16D9BD0F289F5E74851AEFDEB51
cmpA1B530184F2A5EA19102DFA2364A21BF,{21B4585F-E6A5-584F-9468-8F3B4892DDA5},dir09542B87E63EB1113104731648BF63D4,256,,filB48FC052F50ADA08125ED452144E452A
cmp4A70F6CC6E1EAA7361D3B34C421BF585,{F53DDA45-B074-5C41-8594-5BD9B0FDB662},dir09542B87E63EB1113104731648BF63D4,256,,fil9778FC2B6D5B9CDD64CE94629929790D
cmpE2A16EFE3134CB105AF2D0A9093018CE,{FB844924-1D4A-5987-B0D8-150856852A13},dir09542B87E63EB1113104731648BF63D4,256,,fil2793FF3A71A08E4C27EDE2B94D806FE5
cmp85CAEFACDA536A6F3E4BB0CD10A51A6B,{FBC87F84-4871-5C36-B32D-E0C487327195},dir09542B87E63EB1113104731648BF63D4,256,,filFE209D91825CAE42FC940F783ACAE5D1
cmp77B64CF0F8DFC3B1DF6F3080FAB498EF,{8287AAA5-453C-5117-8778-49987C8894CF},dir09542B87E63EB1113104731648BF63D4,256,,fil617EC61A93E5E6001AA116DE8BF1C20C
cmp6554D35614ECFA921CF91488030E5262,{37078171-6DA0-58C2-BA29-F2E2031EB714},dir09542B87E63EB1113104731648BF63D4,256,,fil47864DF01B5281944FB6E5A4BE83DD6C
cmpB46505945C40792AACB53EC64CCB4DA9,{F454C657-873E-562D-83A0-388BA23D44D4},dir4A89A5DD60753E24EBFF3ACC99B2E576,256,,fil07BB64030EC6F58BB4F6135457E50258
cmpB0493C6C287BE7930BD9DEFF965F9885,{141D2C4A-E90A-5C72-96FA-8457A0F3C886},dir4A89A5DD60753E24EBFF3ACC99B2E576,256,,filD763F74EF27E0036B2F4B3522A27E909
cmp47DB675F5C0F2B386E1B77708F8C3A7C,{8205EE02-F78A-54AB-A2E9-66324BD175C6},dir4A89A5DD60753E24EBFF3ACC99B2E576,256,,fil894C1FD42D3AD83045B815DE708CFD46
cmp558AE34D7B3BD50F8FA30D56A12A8EDE,{2860B14C-FC70-5BBE-9BB3-E02E7B83EFD5},dir4A89A5DD60753E24EBFF3ACC99B2E576,256,,fil2A33E5B5949424B2F9DF2E1A3D02485B
cmpEAEC7C9D984C97B39CF6A30399BCD8C2,{36D110D6-2A72-55C0-8218-B194D9B1339F},dir4A89A5DD60753E24EBFF3ACC99B2E576,256,,filB74456314A6C8EAB42CDF31026823562
cmpC06B6702E2FD52338608A643939174F7,{BE46FC0A-5FD4-58DA-A5F5-4245A19F7668},dir4A89A5DD60753E24EBFF3ACC99B2E576,256,,fil264D2C2A364D4FE8C55ACE0414BE0703
cmpF0E7AF160C5B84C28D2C8EF8C9999EA6,{4709A7B3-16F8-58A0-9640-BED469CE6957},dir4A89A5DD60753E24EBFF3ACC99B2E576,256,,fil3668F2EBFC102E36F3217F94AEB565CD
cmpEFB6D00664E02FB5A3B68A071A32FF09,{A672699A-41E2-5C6F-858C-85E3CC5D5013},dir4A89A5DD60753E24EBFF3ACC99B2E576,256,,filA979545994BAA9E67F1EDF0F0807EBFC
cmpE4D726CA3930713C88FD295CCD2BBD8F,{A70A30DF-0A29-54C1-9F8F-17F2E41A936B},dir4A89A5DD60753E24EBFF3ACC99B2E576,256,,fil636B24530862A78A3A7339D181178A73
cmp4A223141DEAC9B8790A987C1E2F4E494,{E9F3B0D6-ED89-503B-A6A3-7E0A80FFB72A},dir4A89A5DD60753E24EBFF3ACC99B2E576,256,,filA30D732AB2C45ADE1AB46C471C1C5C1C
cmp74CC694A65BECCC47B8A2774882D6560,{6098C9F4-F927-5E42-853E-27964F844F0E},dir4A89A5DD60753E24EBFF3ACC99B2E576,256,,fil8A5618C94B49D2399EE1C43276880F1A
cmpB0A8179A91825C79C28105A6BFE69CEB,{CAF03931-6196-556E-BA9E-F8CFEE6C3A80},dir4A89A5DD60753E24EBFF3ACC99B2E576,256,,fil898B541BABDF0490A68CA4A7E67A35B5
cmp278B86DD84A1D8E4021C8DBC6C24D04D,{6B37D9DB-8575-5248-8274-507C02826758},dir8EFD9346990C733C06D502102D5969D1,256,,filA38F83686BFC91BDE49D8E95FEF835FE
cmpE69D96CEDD2C9CE40E62AD05FEE8E1B0,{E5AB0240-6FFF-5A40-B8A8-4AD974174F1A},dir8EFD9346990C733C06D502102D5969D1,256,,fil302BE88B0D183080AC38ED91BCE71C9C
cmpF723079DA6B53BCBE34A65CF498EDFDB,{AFCEC849-0594-50D2-A898-996CDE81F8E0},dir8EFD9346990C733C06D502102D5969D1,256,,filB49450338478D1ACA2F64E2FC8FA0152
cmp6EC526D1307A1438B0CB4A80B9A7DDE2,{3DD96B78-5CBA-57F4-B2D7-1CED5BF0053E},dir8EFD9346990C733C06D502102D5969D1,256,,filA522C0918CC4569D211643A519A74CE5
cmp41934D6B92E0C5DE8CC3958E6CC21044,{3BE82468-292A-506C-B84D-BD3F3C1D562C},dir8EFD9346990C733C06D502102D5969D1,256,,fil65E326DCA563A787647AEAED4383EC33
cmpC845FB8874D77BB166228C9B1DC3FBD7,{7A579A0B-F7A6-57A2-8CF1-9AAB4260069F},dir8EFD9346990C733C06D502102D5969D1,256,,fil801CFB4B813272FCAEDB0967BC01F127
cmp4ECA5150379D416A23C15C87FBE6CB66,{EDD410FA-BA3A-585B-8760-C77288C6CC20},dir8EFD9346990C733C06D502102D5969D1,256,,fil432834D3787DD6CCE81DB6AC2F1EA4AC
cmpAEFC93B739FC1F98DF0E65442436AEEA,{543D0A25-45E6-5456-A9A5-1A5F70FC86D9},dir8EFD9346990C733C06D502102D5969D1,256,,filEFF6581D2A92FB22A36D12C1A26E7EA1
cmpC244B0759758084C0C4361CC12329680,{0C0110EB-3C63-5B19-9F1A-2D7C0C544039},dir8EFD9346990C733C06D502102D5969D1,256,,fil9A14DD0D4398B694EAD95F10EE950D22
cmp853484B14281B5071519EFFF6A40590F,{F7EAFF31-95CD-5DC6-93DF-1F456E135A9D},dir8EFD9346990C733C06D502102D5969D1,256,,fil64E05D88F427AAF54BDC7CA42CDC0507
cmp74BE2395CBFD1EB6B216F75F949B43E9,{7F6D08FD-5CC9-5063-95A7-3B7BE5BEF372},dir8EFD9346990C733C06D502102D5969D1,256,,fil96FA7E622AA5F78787E09F01FF9091CD
cmp339E4EB6F545CE9F58E37DDABEDD25D7,{E1CF6DF5-3923-571B-993E-EC7C254C062B},dir8EFD9346990C733C06D502102D5969D1,256,,fil47CBBA5EFE5EDA2186FE7858CA01F929
cmpD8CB95453097BF6A86C1A5D5185CC018,{BA6DFC47-99D4-58E2-81C6-9D1C57641B9C},dir45AE232B8E643ECB969940473C0E5255,256,,fil455B0599E93F08C42AD96DE24974E96A
cmp8B97E2A05865EDF2F5D0A827DF9E256E,{F4B36912-665D-5443-A864-3B0EBA0CDCD1},dirFAF26FB1E6580F45D1AED3C5D0B9E300,256,,fil4BC9EF6B765F479CF9CBFC11789215FC
cmpC8449FBFC5C411F314E445681F52F1CD,{571F60D4-0C36-5598-A72D-E2000EB7386E},dirFAF26FB1E6580F45D1AED3C5D0B9E300,256,,fil7083BE6810B4E3405C56B123F610B10A
cmp62E1D928798553B818FD7EDCCD7C1E97,{97A14C06-2E73-551D-9277-80B61008312A},dirFAF26FB1E6580F45D1AED3C5D0B9E300,256,,fil23A680A2872A3AFCBE599F55C036453C
cmpD8A3618F1687709F2F41D4F145BF770C,{FFEC6DAE-2DD2-5107-956A-57FD3BACE1A7},dirFAF26FB1E6580F45D1AED3C5D0B9E300,256,,fil5AD27DD5F5F73BB4C955955D8F86224C
cmp2C4DEDF7260D4F386F51A0B690342F84,{A2C61B6A-1B1E-5447-8439-7FE3B28F187A},dirFAF26FB1E6580F45D1AED3C5D0B9E300,256,,filA89FD896F0991226583E8AE2539692E1
cmp1C4146BEFBC5CE329BA873DC3325DF10,{317D24DF-6231-56D8-8697-EA69D54A381A},dirFAF26FB1E6580F45D1AED3C5D0B9E300,256,,fil3E85B7FC569171655C99014D829408D1
cmpDAE01814CFE1A856E2082879A53492FE,{0F0BD8CF-62EE-5EF8-A365-389678CA5EB2},dirFAF26FB1E6580F45D1AED3C5D0B9E300,256,,filF82BF8B5B4A99DD01C7F877E2F144873
cmp15E8E93C125B78F97318C0C18F32C22F,{E0B01128-2561-5E2B-AF36-D17DF5CA7C77},dirFAF26FB1E6580F45D1AED3C5D0B9E300,256,,fil9212DE47816F92093B332568EAF709F0
cmp2A67A16746E2DA8D00A4F179BB4EDD47,{C50C8AB3-D345-52F6-96A7-BED02217307A},dirFAF26FB1E6580F45D1AED3C5D0B9E300,256,,filEE851A2381725B73F7D7F413F3856B6C
cmp3C9FBCC7D856CD0820ECCB0CF6CD2BCC,{2DD56CA8-0427-58C2-8E6D-72CF81E97542},dirFAF26FB1E6580F45D1AED3C5D0B9E300,256,,filCCAA874EC43469C81A46DAF1F6C08A03
cmp380B7CBCE688270E261B21214E2D47BC,{B5C03084-3F0B-5483-94CC-3076E76FC104},dirFAF26FB1E6580F45D1AED3C5D0B9E300,256,,filB30D1C0E98ACA5F0F80B696F3399C151
cmp5EE6154D2C976D7FE81C5B85382263A5,{9EE8F228-001C-5E57-BC37-32911A932875},dirFAF26FB1E6580F45D1AED3C5D0B9E300,256,,filF9E9E85B53A6694DA3987C536E1CA23D
cmpF40B8EE0BF6696313E8852D9EF12DF74,{DEDA2EAD-209A-5366-9FDD-19F65FE21608},dirFAF26FB1E6580F45D1AED3C5D0B9E300,256,,fil431BA8BEF7AAE5ABFA7B319A2CBFEEEF
cmp0C06AE44836F4FB379587A169DE3145E,{C8F35B3F-B4B5-596C-B53F-5833A8157EDD},dir1BBD97E880D0E4E6EA9CD13A0C485A87,256,,fil8475FFB8101AF373148C8CA6FD513F3B
cmp05BCD7E764A4F0BD857469C39F84D241,{F9A5844F-A2A1-5738-9AD3-B7388E132869},dir1BBD97E880D0E4E6EA9CD13A0C485A87,256,,filDDF7CE7110E35BBC7FE033FF214071CB
cmp01E3A546A4CA7B061CBA530F19A670F3,{CBD3EAF4-1E3E-5D18-B3CA-632767398900},dir1BBD97E880D0E4E6EA9CD13A0C485A87,256,,filF1C6069E9046DD9E5E85B992CA1BC5F6
cmpC5DDF1E5E690390A7C08C3EACDCC1E22,{C282F528-A33A-55B9-8628-DFEF88A48B3D},dir7778C9C23AD6120524BDAC4D55C17C4C,256,,fil45C1F0698B7C1EA3609CF234A413013C
cmp8180E66D041344B5F2F004615C00B751,{D581B1B0-0BDC-5BF6-B151-D8162F6C6EC0},dir1F8FBF9CA253214E979AF3A55C3B55BD,256,,fil7FA0E83F772257C4B9B6890C0EC8C2E3
cmp9451765128F7095BBF47792CA15B86CD,{722F6773-6DDA-5504-B488-DA6D61CE7F0D},dir985A2B73831B691EC7803A991561A91B,256,,filD31CA85507840D9BB4AA9441CACD3F2F
cmp5FED423FA0DCD9831A8D23B60C8ECD5A,{0C7BB3F9-56B4-5991-930A-CCCBC37310DD},dir985A2B73831B691EC7803A991561A91B,256,,filCA9ADDB56C97152FDFDCBDA4A99C7DF6
cmp8FEB72035689696235294C4B6D2F4196,{422799A9-4D1F-5005-90B2-931DD4EF167D},dir985A2B73831B691EC7803A991561A91B,256,,filD4BC373C699C5DD1A8B1E1F0A83CCF7D
cmp49B1C9C38121E52CD6BA4E02D8A40309,{5712C1F5-5097-505D-BC1F-70829938FE26},dir985A2B73831B691EC7803A991561A91B,256,,filBB72C6BFC37F09F6E9262C30025118D0
cmpF1C30941BE3A4774F5BBE4AE282F0E1F,{C83D3C71-D33B-5AF1-AA2F-33086A82463F},dir985A2B73831B691EC7803A991561A91B,256,,filCAC0C14996720D40FB1F0C3BF7452744
cmp37A2CA55474AEFF0EDF6335510572794,{45B73E74-6EA5-53CC-A3E9-C84FF7B6143C},dir985A2B73831B691EC7803A991561A91B,256,,filEB9DC40B5072F20A37B867EE645D4D0D
cmpFF7BC9F908F78F45A2F70ACED9F4639A,{DA123119-8B68-5611-8635-00822686E0AD},dir985A2B73831B691EC7803A991561A91B,256,,fil3CCEB4DDBB7582BBB011394B170EA7D2
cmp6D59B6A398714331482BD67800B4D63E,{C872D439-DF65-5E86-A59C-3066DB9057F0},dir985A2B73831B691EC7803A991561A91B,256,,fil4A363CB01613DEB5A9C1285648F2DC9D
cmpCE22EB96449C9D6666E72B7A6006F55E,{CCF128D2-5682-52A6-B276-CEACEECD29BE},dir985A2B73831B691EC7803A991561A91B,256,,fil7532BF43755357397EB5A0730149112E
cmpA4FA976A54DA84A6DA64EF88ADAFD3E5,{F92030CC-11BF-5522-AC4B-85C12E21F7C8},dir985A2B73831B691EC7803A991561A91B,256,,filD68E307C059568EF76284F83A6E8CDA5
cmpC81851A29097B774E0BE55B18045ACE2,{B9E17F61-8874-5875-BC76-CF788F0ED679},dir985A2B73831B691EC7803A991561A91B,256,,fil434B8F479B8CA9E5B095FCD9F085F627
cmp9A3255A7CFB49107BADF5138E6AD05AF,{D0E85524-0997-5090-80F2-2E706D4894ED},dir985A2B73831B691EC7803A991561A91B,256,,fil160BEFFC60BBC82FEA252AF21EB6576B
cmp149AA75098766D6FBAE11E079AD4D4CE,{F4AECD72-F229-5DB7-8FE4-D5AFCD221208},dirB03380FDB5054A6FD3F6949DF73DA229,256,,fil5B2DE343F246BB0819F6732501F668B9
cmpC5FD72C9DF249AAB93530C290608844C,{6E85B4AE-9FB8-5E9A-A45C-72BD53090CBC},dirA059F8FDD4084039081053F3D05A6F09,256,,filC6B7B4DB0202FF5FB7A43BCB45A9D6E0
cmpC30362ADD347F04C2356FA4592156FE0,{B6EEC61C-AF31-502E-9DB6-E7E949BE9C99},dirA059F8FDD4084039081053F3D05A6F09,256,,filDA35B358F185E51CED11DA38C37ACBBF
cmp4EC6FB6A3BF860CBFEB3F77A33061271,{AAC63B83-690E-5D6C-8F5D-A8A72B04F188},dirA059F8FDD4084039081053F3D05A6F09,256,,fil6E86F358358E5558F37762CE81236775
cmp9B8F4AE6E7BE1183439217946DAC2A27,{761D7AFE-1179-5129-AAAB-1E0FC5D34EF8},dirA059F8FDD4084039081053F3D05A6F09,256,,fil61CC0871EC2939FDA611755E08D5D315
cmp6F7D2DC4E7E1EB402EFDAEE9D60BF48F,{C1042992-8715-51FF-B77E-93B0807469E6},dirA059F8FDD4084039081053F3D05A6F09,256,,fil2BD35EBEC488ED7F3A10D949B08384EC
cmpAF42956EC5604CFD02762562D84A3FB1,{B15D3DA6-1442-5480-9177-BC589533ABA8},dirA059F8FDD4084039081053F3D05A6F09,256,,fil8E4154EB29DD66617EDD5BDF6FD5C360
cmpE030F12E8A4E12F49133589155BE6E25,{E0EB341A-A207-5E1E-A1B6-969FF6E9576E},dirA059F8FDD4084039081053F3D05A6F09,256,,fil0B1D9EF27025BEF9D31A2375871D861C
cmpD0820E0E169E2993F65102D2987837BD,{46CFE23C-4522-55B7-B2CB-E4E79439511E},dirA059F8FDD4084039081053F3D05A6F09,256,,fil7EFD601ADCE2691BE0EF45A3F7D6338F
cmp5C00274D6CD6ABF68798311F378DE6C0,{5FFAB7CF-816A-5F82-B957-342D12359F90},dirA059F8FDD4084039081053F3D05A6F09,256,,filF3212F12173AAE7F19281CA34E89AF03
cmp91F68113829B4B87207EC214E4FBA0AE,{E399E36A-2666-5934-B560-82DCD4F0C02E},dirA059F8FDD4084039081053F3D05A6F09,256,,filF56D099DCB602BB30C4D114303A46168
cmpB79223656C6785DB36A15C56F3759DA1,{B971BF03-9C5C-5224-8412-FCC607A173B4},dirA059F8FDD4084039081053F3D05A6F09,256,,fil6A16DF986EC3A11C59268AF3F1A943B1
cmp0FBA88E5229A273344F31F869336A6CA,{BDDB8743-A057-55CB-9CFC-F4B1C345E90E},dirA059F8FDD4084039081053F3D05A6F09,256,,fil53AFE81EC87E963256C167E12FD76E2F
cmp822B67004358E619DA74C31BB39E1BD8,{74ABF1F8-09BA-54E9-96C1-E65AB2930BB1},dir1802CDAD4710EF8AF5C29E4DFEE5FEDC,256,,fil39112C0CAADC90E75113A6DAC43AFA4A
cmpCBF2475C6D2EC49204C99BDD865F9A1A,{2072D553-F750-5D37-A9A8-99A6A44B739E},dir1802CDAD4710EF8AF5C29E4DFEE5FEDC,256,,fil1E78DDE867EC5BB64E92D8AD8EDB7951
cmp90F33A2824BCABA4E171427361B3754F,{0AE0472A-A330-551F-BE47-80003CDA2CC0},dir1802CDAD4710EF8AF5C29E4DFEE5FEDC,256,,filAC171AA5B5FC1B3B062C601B8BFFEEBB
cmpC1DF757BAA2506AE93F230BDBF1A3805,{0D2E6F31-B1AD-53D6-A9FF-36CD89878281},dir1802CDAD4710EF8AF5C29E4DFEE5FEDC,256,,filA200405E7C8EB1EE34190966D8DBFCED
cmp474FD4569456C5D2397951C73248CFF2,{627D3266-A4D1-5D05-B40B-2CA0C1A0E9A3},dir1802CDAD4710EF8AF5C29E4DFEE5FEDC,256,,fil0103F51F6944D3B4E4AE6F95376C486E
cmp5E7391C94A9B61B03977B15452FEF988,{326C98C6-BCA2-5036-9246-FC1A7A561017},dir1802CDAD4710EF8AF5C29E4DFEE5FEDC,256,,filBFFF5A3FD1BC42988BF9E9EA5B2E0B18
cmp662FDB0407EBF317594704C8FA10A567,{FCA342E6-9AAF-5CBE-8BAD-D18E3DF23BE0},dir1802CDAD4710EF8AF5C29E4DFEE5FEDC,256,,fil2421BDD00987BA93CD6C057D58F648E1
cmp1BB80D58577C3528084C32465D6834AF,{6283944F-6C8D-595A-86D5-EA8EBD4FEDD7},dir1802CDAD4710EF8AF5C29E4DFEE5FEDC,256,,fil2B53DF095078815223A5F8293DEA3342
cmpAB35E69B1936731E82A8D6ADC52DF7A2,{8FC049F5-7B10-58D0-82CA-F1176F33B94C},dir1802CDAD4710EF8AF5C29E4DFEE5FEDC,256,,filEF7A84A4002F588AB112EA35B42000A5
cmpCC40B5E467E0A61B15DA88EDAD5EE34C,{1FBE6768-A0EB-5FCC-B002-9D595AE0367A},dir1802CDAD4710EF8AF5C29E4DFEE5FEDC,256,,filDB4BD4B5650B2C8DB525DCDDD9A5845F
cmpBC49DBACB21AA3D310F481AC64881F39,{523D34AB-A12A-5D01-9F2B-4BF13ED96094},dir1802CDAD4710EF8AF5C29E4DFEE5FEDC,256,,fil60B3FF4A37ED5F4F14D275B8C40E7326
cmp30C4D0ADF2838AF37EAC6B1D3A55339A,{49108946-0D72-5670-BA28-E05447EA5461},dir1802CDAD4710EF8AF5C29E4DFEE5FEDC,256,,fil16E9B3F68C5D4D70775DAF9820FA2321
cmp393C18E78B0F149E311CBDB257F0FF14,{753077A0-EE64-5B6E-821E-C615E273DA3D},dir1802CDAD4710EF8AF5C29E4DFEE5FEDC,256,,fil5674426FF9CD78DCDEE132D2A631F514
cmp8E448615269482EBFA8ECC811B0F14C5,{7EFEB0D0-5F05-5690-B932-A80EA483FB56},dir8CE8090F9FA44103F893BADAC1CD6F15,256,,fil43068CD7097DF9B936EAAE3446CC387D
cmp88E30DBCF7D6FAFD90F2B1BB02C23EB3,{EBA4DC02-FC58-504B-9DD1-6D2ED1897786},dir8CE8090F9FA44103F893BADAC1CD6F15,256,,filCA9D4E941C4FDB4A1E58CAEDD944232C
cmpBF928D635CB158F2C14CFB7E6A7D1226,{560B6509-9C99-5C7D-AFEB-2C1B28004844},dir355469848E227F4661CBED12D9243EB1,256,,fil27ABE2BD1219386F032ED826C6A5A1D5
cmp2F4488E9040A5122D3FB542FDB70F4F3,{72F59506-9C93-52F8-B5F7-1F53931BBCA4},dir355469848E227F4661CBED12D9243EB1,256,,fil374BB330DB7E5710B6659C01211D4EF6
cmpCF2E6E693DEE36B4E21A4B5B77232F28,{85924DB8-E66C-50FF-BED0-C58BBEEE7683},dir355469848E227F4661CBED12D9243EB1,256,,filECE6476D7B1FEB7A87714243C24F4946
cmpC7C0010E40FAA612AE5A982916BB02AD,{67371C51-41C7-50A4-A49D-29F7736AF4A7},dir355469848E227F4661CBED12D9243EB1,256,,fil0644214BD3EF8921C977406E59177B10
cmp6104673D0F9B6164988473AD65900FF4,{1B8FD270-3D92-58EC-8F8B-66C4F1521D13},dir355469848E227F4661CBED12D9243EB1,256,,filAC47223757E2809A67969C789F26D0A6
cmp568E18902A5F36EACCA72B59F6409ED3,{11EDA1D9-8F5F-56A2-A521-8524B927D0B5},dir355469848E227F4661CBED12D9243EB1,256,,fil778A997A25CB6BE3199E859EF5D418BA
cmp0E3FCC13E0C999FCB4AE8C741A1EF12F,{4B477DBB-B710-50B4-A763-4AAD0683C93B},dir355469848E227F4661CBED12D9243EB1,256,,filB4FB9FE08311A6A8A1BAD3199E9D8BB7
cmp32E901A78F35BA5878BC169664B7E713,{3B245186-A6D1-5820-8890-DAE9F9C381D7},dirB1576CC0701713DD2CF7EAC92F2DD584,256,,fil547E213FACFD3C55EE21E077E834A5C5
cmp0E78809AFE16BFC448F947888DCF6964,{99557AB9-6E4F-5841-A8C4-B974AC717273},dirB1576CC0701713DD2CF7EAC92F2DD584,256,,fil47CE2E0867A3FABA62247F9260D9ED1F
cmp0FF5710F8FCD25463E454FF1DCCFA886,{842C7CE7-B8C6-54CA-8E97-ED3456DD60D7},dirB1576CC0701713DD2CF7EAC92F2DD584,256,,filA57DB6BBC88D503E7962DF6C997DA906
cmp72C99AAB7A75C75449F2F4C3626892ED,{6EA62A6F-E5E7-54A5-8D2E-0029C7258124},dirB1576CC0701713DD2CF7EAC92F2DD584,256,,filE47077F5796E5BF2F2F2D7BCB7CBDD5B
cmpAE00250657A18A225E7E8B2E53A87E97,{51566E16-0D70-5AED-BA1D-658C567F4C19},dirB1576CC0701713DD2CF7EAC92F2DD584,256,,fil1A021B196B0FDF71AE18B5FBAEE34E6A
cmp4F85F4B0079BC6D9CFC79989B4CF7A1D,{0E2C171E-0945-563D-B657-C51F11AB7470},dirB1576CC0701713DD2CF7EAC92F2DD584,256,,fil21C0E9B813E44BC93DB1A146F9767DEC
cmp14192A002DD5FD1290200CD1437F2CC9,{45CDBFDD-83E4-536A-9AE9-0CEC696D3861},dirB1576CC0701713DD2CF7EAC92F2DD584,256,,fil4222D568A6A2127176BE0C750064BD30
cmpF1680B0AD2660970D9FEA887CC577CE3,{777E3B98-1DA3-5839-935A-7292D74E76EA},dirB1576CC0701713DD2CF7EAC92F2DD584,256,,fil1BB47B4F57C6F2A95A3E6498D5975B0E
cmpB4A75434CBFA3B1F2D0F2B0FCF7EE598,{D7C3B445-AC0A-591C-8E0E-59602E1F9E66},dirB1576CC0701713DD2CF7EAC92F2DD584,256,,filB65E693AD736D1EC1005D407DF68CB6A
cmp1847BDCB967385A703E9AF10A63F6970,{5F617953-E9EA-5DDD-A47D-DBED5EE90572},dir2180E2C3CB99167274A7E311C5CB7BD6,256,,fil7BB7528814735749AE02839AC858D638
cmp58AB1F2CCD1B38E7F35C57AD964012FE,{8E568D1D-316C-5043-A55F-E10D7F8408C9},dir59D370E4C0F2325CD608D435D70E5482,256,,fil18BE1BCEC79643B8D86896C5C2B3467E
cmpD0EA20E346DDEB9E99AF6A05C487323D,{1D420102-3C67-5768-9111-D33C211FE815},dir59D370E4C0F2325CD608D435D70E5482,256,,fil1EEADC783F374CF1086C0914D795A3D6
cmp677D43451B632BC1E7EED652AA4E7049,{3CB1F90A-8988-5B9C-B2C4-1B6918D0BF2D},dir2BA8E7664B064CDC36CD08946F6194C9,256,,filEE3CFB0185B370D2FAA2FD59D0EF3488
cmpA28D176CAC5D869E6900347D3BCE385B,{F6B2542B-139A-57FE-9804-B4411CD46320},dir2BA8E7664B064CDC36CD08946F6194C9,256,,filA3D4547A7E654DFED3ABD19C70666FD4
cmpD78C1D101DB0055317C32D7D4FFE27EB,{862A7802-17BA-58EA-BE4E-042168FB05B4},dir8B8BABD58F41D214DE7AC40B3CAC2C5F,256,,fil0F90B491A490304AD1EDB5BE70EE92F3
cmp2FA3B3CD5F423CBC56C54F843246C854,{A9461D2F-F277-5A80-B7D2-9870F3FA6C59},dir9F00E3CA470727326735B6559AACB119,256,,fil2C4888D643A7FC82EBF91EFEB0E07983
cmp6AC993A4A6B9A28CCA620DF927D3858E,{14A63541-867E-5C5A-B10A-49D10999FD4F},dirA4F4E450C06C03091F68426D8A88AD70,256,,filCB3048B11757B9BAD16CBA3863EE49D2
cmpA65F971686F72F7010FA156ACB59E8B1,{E7B17B58-A5FA-5B8B-AD58-615B3AA74DCB},dirA4F4E450C06C03091F68426D8A88AD70,256,,fil7D981384928881AC458F717F307B8F3F
cmp701632EE2093C881134886541751232B,{70A4F74A-E94C-503D-A055-440669BC1A42},dirA4F4E450C06C03091F68426D8A88AD70,256,,fil6D7891C4833B8ECEC97846EDBA25051C
cmp55F86415733E9C376E8BF72E74C673E2,{BA91C644-D69B-5AC9-90A7-105739AD0CCC},dirA4F4E450C06C03091F68426D8A88AD70,256,,filFF52F099864D150CE2CEF136D58D85CA
cmp917305E99C8BF88E78A012B88CD76B29,{097D9D77-4211-57CD-87D6-1887B1D2A22D},dirA4F4E450C06C03091F68426D8A88AD70,256,,fil88D135AF084670163BB43AC757BB2E67
cmp89138671093AE42674943FE51E2259AE,{DC6E921E-5679-520B-B577-6DBD35FF887B},dirA4F4E450C06C03091F68426D8A88AD70,256,,filA11C815FA2EC375428886BA765B49B52
cmpFB3A7FB0DF16D0034B517C9FCFC58F90,{02B18196-8F79-5991-8F3D-318A4633A4DD},dirA4F4E450C06C03091F68426D8A88AD70,256,,fil240E3EF7BE499BF3C071107533E5D418
cmpF1A7E58CA09CDDDC4361FDCD5F1BC865,{02763F64-9828-559F-9611-C3A98E25F9F6},dir57EC65E3A413EFE85A57852E86627CC0,256,,fil9BD1D08F222A7E99013F82402A7A2870
cmp1097D3921588794D4BD2A98CDF930301,{312DCA53-D5B7-5190-8B6B-1636AB9D28E7},dirA0341A0E94530325FAF86D4F7E344348,256,,fil954CE6B7C713805BEA33BF8275C1EE9C
cmp4B9F8BFAED1269F1AC3ADE2593487B41,{6FEE1CCA-BBC9-532D-B302-9173A5CB46A8},dirA0341A0E94530325FAF86D4F7E344348,256,,filF05AB742C11B47F37F17CD488D182B5D
cmp0F60B50B8E106FFA64B892417C915754,{380F2799-CABA-5274-AC67-37ADD0DC16D2},dirA0341A0E94530325FAF86D4F7E344348,256,,fil9F1BDA13EDCE56FEC0FE9A714769ADCB
cmp87AC0E280044F94526126FBD15556732,{CFEC041B-C2DE-5D74-87BE-C9FBFF16CA30},dirA0341A0E94530325FAF86D4F7E344348,256,,fil6A7FC09D26045EB6CBA393C25421F869
cmp8815DA5C75BFBACD8B51A404FD82ECBF,{C726CF69-31E8-550C-A526-4B12F351BF71},dirA0341A0E94530325FAF86D4F7E344348,256,,filD5C330BFA696849EDD04D967E01CD782
cmp3A841CD36D6E5C93F8B7111268E96B47,{68A2D9DF-74DE-535F-A71A-D9157E5F4FE4},dirA0341A0E94530325FAF86D4F7E344348,256,,filED836CAB62BB2975F1091DDFB8181721
cmp2A63DF2D8D8B571DF21058C02D7EEB87,{7CFFB92D-751C-5F56-80C8-0BEDDBB3CB92},dirA0341A0E94530325FAF86D4F7E344348,256,,fil7BC05C3FD406F7AF8E70033231CEAD1D
cmp4D9F62AFDC932C34A812EE2AA80D1F7C,{EBBF150D-1E38-582F-AA24-5D3105B523EC},dir0247BF4E6CDFC241C10B048344891257,256,,fil117C084F1D37647E38F53A75D089CE7B
cmpF483DD0E1529E50EB6ACECE333EBB545,{CD388833-EC39-52EE-90BF-4A974767F68D},dirF894E156A287A235EEC18F29FEF64CD0,256,,fil6908C5E2EB54C05DBEFF6D70ECC84D76
cmp9F60024EDD9DEB0E3DBC7DD60A1E3A44,{F991B4C3-6EA0-5DD1-AE6D-C3FD7B706071},dirF894E156A287A235EEC18F29FEF64CD0,256,,fil46F0A405DD41E576947C5912B9A1541C
cmp8AF0ED9D632479532FA7BB6E95B64676,{A3C22AEE-3623-5C4C-BDC2-984EE8EDF59A},dirF894E156A287A235EEC18F29FEF64CD0,256,,fil089CB69A085F7F0F76E0CED2A9AA1BB1
cmpB2005C2FE1E0C023AF810502F5C0F0C5,{A0557042-2644-5CC9-A8C0-88FE5196DEBE},dirF894E156A287A235EEC18F29FEF64CD0,256,,fil9BDF3E7E7136F66C75F057043A19FD78
cmpA4D58F3D13AB1873A396D55E8C64A386,{413A7201-647E-5D1F-985B-C6AF959A249F},dirF894E156A287A235EEC18F29FEF64CD0,256,,fil5DD1AE8E43FCFFE65BE206C3C72D0AA7
cmp8F15F82FFA1816569665E48B7C1F250E,{90CE1342-C597-52C8-AC56-BF407BE96DB3},dirF894E156A287A235EEC18F29FEF64CD0,256,,filE57B07146AD6D637F3168F93EF59CAF3
cmpB99B0F4B0CCC3AA980015E449A2E1DD5,{0DF5226E-C3FC-5F04-BC33-A83356E66C27},dirF894E156A287A235EEC18F29FEF64CD0,256,,filDEB4C6DF3AF826984646EE96CBC9C8CB
cmpD1A2DACD97D63A0EBAE740D462E6A20D,{209E8591-301E-549F-B1D3-73BBB296564D},dir8D430D6BFEB8BE07F98A4E63B7FBE2DC,256,,fil1AA7C3365B9556421B020436A6F41A62
cmp6C9C96D673F48CAB3908CE6DCC632A00,{69CD6D58-DF21-5D3D-A823-91AC03F34CF4},dir723FDA78B77EEBB3FD945758A3272CE2,256,,fil0F67F8A407D39E6DD51F0DE37E00035F
cmp7F4E10BD942378269AD5AD50F25CAFF7,{004F509B-20D1-5DB8-985F-05F97ADDCBAE},dir723FDA78B77EEBB3FD945758A3272CE2,256,,filB72D88C6568887E4BCFA1D54AD10AC05
cmpB6DC53B9E7F0EA31401F4CB70CACAE43,{01551254-3311-5DA9-AC07-D02068B29B24},dir723FDA78B77EEBB3FD945758A3272CE2,256,,fil5532D2FB1A2023EA15D63E84E9DF4A5C
cmpD816A91D06ACA5691B26F83A5B103C56,{8DB4A12E-6B10-5120-A3DF-F60DAC5B32E6},dir723FDA78B77EEBB3FD945758A3272CE2,256,,fil5EE59B4582257A5AC2F460C1339E60E8
cmp3F37D6B6EF567E18EA59CDC3E7E1B353,{F67BD397-67F9-586A-B049-BB24AC121AF9},dir723FDA78B77EEBB3FD945758A3272CE2,256,,fil20D63A8267A08055F46F3BC6ADE128B3
cmp4EFBE6F509E3E32A671684964F0155E4,{6DB8F3E4-7F92-5FC0-89E3-C05759DED358},dir723FDA78B77EEBB3FD945758A3272CE2,256,,fil780E4400A2CE4BE6468C03804DFDB2DC
cmp196C9E20B12879B826617D06D8B84C07,{51D03448-BD67-5EE8-B771-0E10A66F8E92},dir723FDA78B77EEBB3FD945758A3272CE2,256,,fil561A678C7D794054E974942E89679EDE
cmpA3AFEA8B0D4F46E30B8913BED3947626,{5EB214F1-D549-54BA-8964-BA3FB846AD56},dir5976C971D4ECAFEA764888DC450B4A82,256,,filF77B908F91D0A6F5A2FBDCF53F840145
cmpC81DA00897D31C31F433252FDB493661,{1E000C5F-6083-5D9D-A1D8-6BE31941D4BF},dir5BAA85456AA43A044747B19F2DAC767F,256,,filEC0F6E0E63B127A62538D97F5DD84B1E
cmpD8BD988CE320242F485E961000F65CC7,{E6D475CE-7D64-5EFC-A2C8-BE8904CB8161},dir5BAA85456AA43A044747B19F2DAC767F,256,,fil238730C002D2AC7EE6B47BE43717C056
cmp8DB613CC8D1BC2676EA50014FBFA1400,{D7C2D0D8-60A1-57D1-97C6-85AFA6C00F3E},dir5BAA85456AA43A044747B19F2DAC767F,256,,fil0A429E87A48068403ACACBAD65F00603
cmp1D4EB095C8CAA0A9DDBD7F9AEA81D07C,{20A9D5B1-85F2-5A2C-B240-E853C9AA8D1C},dir5BAA85456AA43A044747B19F2DAC767F,256,,filA332E52646CAC681C0230D14D4881BDD
cmpCF6D6C44A060F653AA39357E643367EB,{6A9ABAB7-B362-5C8F-91EA-7C9542672D50},dir5BAA85456AA43A044747B19F2DAC767F,256,,fil68D52F88B209D11AF38008BCD4CC9F0B
cmpE164910055C1EE71202AFE7CF6EAEA7F,{26C30F29-81FE-5618-807D-0888F1817D94},dir5BAA85456AA43A044747B19F2DAC767F,256,,fil159683D97BAF6EF9B7A8E37596B35039
cmpA663ACAF6DC6B39652C50323C96DAF01,{89F8A21A-EB9D-5EC1-882A-240264A503F7},dir5BAA85456AA43A044747B19F2DAC767F,256,,fil69B14C9634C0277F80EC3C150F2D2C3F
cmp44508DBF695D7D6966907394F0AA10A1,{51AC7399-C078-5DBC-A5D1-90C2319F2C24},dir75FE5F4D00D01C2E7AA5476FAF9458C5,256,,filED66E7907DBF6C29118777EDDF41C6DE
cmp4209D172A23B9CF736292AA34AE2A585,{21BA3C3D-3E58-520C-A909-96523F4A1BE4},dir75FE5F4D00D01C2E7AA5476FAF9458C5,256,,fil97E1CA31290C185887FABE1599B106F3
cmp26765B41DC3A971C72A7CB2DB6C132B4,{26C7E6AA-D464-522D-885E-6AC8D918A143},dir75FE5F4D00D01C2E7AA5476FAF9458C5,256,,fil147A1842FBF2777B31E378E6E3D28FA0
cmpD11C3DE6D1D81624D807E756B224B4B9,{3FB9244B-7D87-534E-A9C4-F4777BD0B3D5},dir75FE5F4D00D01C2E7AA5476FAF9458C5,256,,fil87E3A53237AD9ACC0217DC2BB5D4FEF2
cmpD2119CC7DB4DA0844EB04F6029FE4401,{BAC56DB0-15A0-507F-8EF9-38CE7975C3A7},dir75FE5F4D00D01C2E7AA5476FAF9458C5,256,,filCE99F00A7139CB7029093D5766897A5C
cmp40E1829087917240BA15E512E11C2FD3,{A25F23DF-8018-5F18-9725-012798E71871},dir75FE5F4D00D01C2E7AA5476FAF9458C5,256,,fil16269BBC56E9D039ADEE6D162DE789B0
cmpC7DFF5ABBAAC4E67B8F3D8732EDE0F98,{3184044E-FA09-5637-825F-DD369B3F9B68},dir75FE5F4D00D01C2E7AA5476FAF9458C5,256,,filC439C749311DC3E256C6B9A736240D0C
cmpCDC542B6A2ED08C4EDA3DF0A4ABE179E,{6EAFEA87-59E0-5F29-AC62-2903F83A2EC8},dirCCC332908C05F8670B32085306A981CB,256,,filEE9069F94FEA4BDCE64E9D9B31286FB9
cmp68B0BD51590537DD87742B8084174313,{16815146-6B76-5DC6-BDE1-DD4A588D64A7},dirCCC332908C05F8670B32085306A981CB,256,,filDEA15B44DD38B0E0D406C4B2C7E1AFFE
cmpDEED773E0B69152B2D92200AADBED9C4,{FA93BC49-0648-56CF-8553-B035AB7579A0},dirCCC332908C05F8670B32085306A981CB,256,,filC38CDC442D90AF6003EDC017B49BD34D
cmpC355E8F096C8A35E3721D32A0D83CEB9,{E7C44B7F-0047-5074-A32E-A6A54C42DECD},dirCCC332908C05F8670B32085306A981CB,256,,filD16D09E8BCEA695879427B826A9D7AD2
cmp87E58A9892CE17DFB4DDA728464E56DA,{18444DB9-9444-54C9-8686-C1AF5C0A8350},dirCCC332908C05F8670B32085306A981CB,256,,filA9B1D62D3D116997847D260AEF7E66B2
cmpCD5D2B27264C52594E7B721CF603F26C,{E343BB6E-C214-5C89-9687-B1513DCCAFAC},dirCCC332908C05F8670B32085306A981CB,256,,filB10CDDA35B6301B0FC3925609F5521BB
cmp4E8F01779634FA8B9CE577B786E62EF2,{035E544F-417B-548F-AA8F-92AD3BCFA1A5},dirCCC332908C05F8670B32085306A981CB,256,,filDE04A04708BA8159FA95D2ABD62C99EC
cmp4CD41AA199A49EE6F06A30B34F5C8849,{3C5AEABB-F23C-56E6-87A2-2DABB2A9E8E9},dir08B5BDD836035D17DE0BF4C8077CCA13,256,,filCDA6786C57A394E1F1C3FC0CFD358658
cmp7F94AE6BAA53D4401A81A142C769F80D,{9D492E54-F4D0-5AE0-864D-527898F6D8F2},dir08B5BDD836035D17DE0BF4C8077CCA13,256,,fil58C17D60EFB418638D52BBC5AAD7292D
cmp8016BC36CF7D980635E34C0B62D16911,{10135F77-159A-54F8-BB08-7201025827A6},dir08B5BDD836035D17DE0BF4C8077CCA13,256,,filD403000870DA9A4838C9C59A770F2C7F
cmpEDDDFE89B9435299404FEE1D4989BBFA,{093CF84B-2924-5B86-AED4-4114B7A62368},dir08B5BDD836035D17DE0BF4C8077CCA13,256,,fil9678F50FE6D1EE926DDEBCEF4935A013
cmp9AAFFCACB3BDCB56E393B3C1336209CF,{EB24D19D-AFD8-5311-A755-C59F7CECB28B},dir08B5BDD836035D17DE0BF4C8077CCA13,256,,filEBEEED9D4C2497CD4C71C4AB43AC8E2B
cmpC48CA207FBEBD557C2BFC75370EE96D2,{B4B3FE1C-2008-5CCF-A289-B0344AA71652},dir08B5BDD836035D17DE0BF4C8077CCA13,256,,fil4126BFB97435764B4812D12212FA7CDF
cmp72952911AD94073659E41075C5E92921,{D5DB14CA-5048-5214-858E-14E4B64377F7},dir08B5BDD836035D17DE0BF4C8077CCA13,256,,fil4E7DEE62221E38C5834DC33BFE316227
cmpE7BF3F057976498A13A6BF7E4DB3D8E9,{797FAF9D-E8F2-5645-BBCE-2C7E04ADEB09},dir447888142A176668C202E3873BCA5D95,256,,fil082F067322E7B2D9D3DBDD9580515E00
cmp68EE0C94E397BC53C0D2F7D67DE24920,{964CCD43-60B9-5FC5-8E16-E145A61D5F28},dir447888142A176668C202E3873BCA5D95,256,,fil01E1B6FD5D5BBA17028AA84E72FB5C19
cmpBA91DB5BAFB6C8D4AA8BF1AE9F4CE34B,{C236B50F-7B46-5BAC-B492-B8DD35460834},dir447888142A176668C202E3873BCA5D95,256,,fil9759213E02EF9118CF6BE2754B534D06
cmp301CE7B1A5C78F521AAA742601B74127,{552538D1-385B-502A-8243-932C9D3A2402},dir447888142A176668C202E3873BCA5D95,256,,fil8F24F7795B24FE3147A9C5A544DF357B
cmp97994AE2861958966ED9231B37E1F551,{56722EAF-EB46-522C-AD27-2116ED247122},dir447888142A176668C202E3873BCA5D95,256,,filAA8EEF8FB08B00F93C08ADBE828E600F
cmpD27671F93360B6BBEE769BD90D6C76BE,{43D0CF0A-550E-522D-8BB9-7287BF25077C},dir447888142A176668C202E3873BCA5D95,256,,fil58EA01AE58A986FF6FAFC4D032836E32
cmp01270EE14B1B3D8614E0BBCD9A54BBEB,{FBBB58DF-9EE0-5902-9B16-F949244F2BF0},dir447888142A176668C202E3873BCA5D95,256,,fil5CFAC6603A804420D84AF17A829D84AA
cmp3200D9943127EC9719B04FC603A31DAF,{D6FC16A0-FB3A-55AB-9A92-53F54B324398},dirAD32833C970DEB24BBB0E98DE5FC0B93,256,,fil2C1D819D09DB55C49E5913E05889C385
cmp28725E6A60B8B82FFEA53B1DAE282ACC,{F09C7D23-B3B3-5BB3-BD71-7C38B6003D74},dirAD32833C970DEB24BBB0E98DE5FC0B93,256,,fil8FC75E5A0F679B86A39D17FA7C0E7E95
cmpCDE4336CE59FD33E359D5D7F3D62BF31,{E22A44BC-9160-5C25-892F-BCFD341E4CAE},dirAD32833C970DEB24BBB0E98DE5FC0B93,256,,fil31D289B59F7C4A540C91A3668C1C044C
cmpFBC279C9F43275D902D4A245B8CC50F4,{C1F32FD7-AC68-59D6-9603-E277719A6251},dirAD32833C970DEB24BBB0E98DE5FC0B93,256,,filEF8C2B3FBE7A40DE56DAE06AB8079053
cmp569184D2709A7ED9CB7DA242E8D2CB1F,{0A1EE09A-75DC-593B-B41D-9BBF411C1C74},dirAD32833C970DEB24BBB0E98DE5FC0B93,256,,filE4A40AF8B0367BC9CF81499491040102
cmpBEAC810252E7AF6505219163281C6398,{90AD06DA-4E26-5114-8D18-B5AD2607F2AB},dirAD32833C970DEB24BBB0E98DE5FC0B93,256,,fil94584C2DC2D6642A83E72E779AED47A1
cmp4701FB8E7149A02F8E4920B918E1FC95,{D981A9B7-9146-58FE-84EB-959772E1B3F2},dirAD32833C970DEB24BBB0E98DE5FC0B93,256,,fil3F6C00359455A64AB1333A0E3C8D977D
cmp32156687301C8EFF2DC0789745667C08,{1492520B-ED9B-5746-B485-2042AFDAE981},dir76A88BEA39E7C8E4FBA7043C61211145,256,,fil3A07D0948FBBBDFEB6CF204D1543BC65
cmpF6B296E640A68306EBF6694F8DA9DF93,{72A52980-CFC1-5851-AB05-A34B04C62612},dir76A88BEA39E7C8E4FBA7043C61211145,256,,filFBA98E495E4E908C9389ABDD8F4E0AAE
cmp7DF537DFA14CBCDFA6F94B18EE005150,{770B3A81-F0CB-55E4-B59C-24E85C095CAA},dir76A88BEA39E7C8E4FBA7043C61211145,256,,fil40106FA439400634AAAF172D8D9BE53A
cmpBC458F2CA1D4FBE6725FE38019D7A90F,{D65F6574-4798-5CF1-BBCF-9F8D41F7BC0C},dir76A88BEA39E7C8E4FBA7043C61211145,256,,filAB889643D6419EAF1B3637F56FCD5C06
cmp90DA18FFD0B8DE7DCE87D40F250D788E,{CE1816AA-7BEB-5774-A2A0-A3DBA4295A21},dir76A88BEA39E7C8E4FBA7043C61211145,256,,filA8AD1156C1EC4A99250A9E7B227C3C2E
cmp966D5AB0A60BB8F57C82EE3AB3013266,{96A40FC8-0FAE-58E2-8AFF-BD9CB234C6DD},dir76A88BEA39E7C8E4FBA7043C61211145,256,,fil2EB1085C19C6BE52BF6212D6D62E546A
cmp7131A8434859C89C14624F3236C164DD,{E2D2114A-DDE4-53FB-9B66-B093F4E2935C},dir76A88BEA39E7C8E4FBA7043C61211145,256,,fil33846A515E7B44DB004AD67F1F5F025F
cmp55E60A05A95038C48A5474AEF02EEDAD,{60D78257-FBD0-5706-8451-61DA07B763EC},dir949912EE568B02DA0ADC4D001E4EB313,256,,filF4E30A57537BF0548AB3FA9C5A0A76F1
cmp229DB38A5C6DB72D1D3BB2D7BDAA5695,{2210BAE7-9A72-52E2-8A38-1E6A6C5CB31A},dir949912EE568B02DA0ADC4D001E4EB313,256,,filC12BE5AE7C209CCFE799B2FA602902FC
cmp5EEAEB646769056E9C4921425CF3E37A,{BC63682B-B387-51C5-9B75-F1AB1CD95FEC},dir949912EE568B02DA0ADC4D001E4EB313,256,,fil2DF2E13A05487DE364EFCAE83C337B79
cmp3415B1F5713202067F02B723CB070491,{564A0297-9465-5910-AC4A-B43959E2DF74},dir949912EE568B02DA0ADC4D001E4EB313,256,,filC19F601B9661E8129075C530C583DDE3
cmpA1F308BEC64226A64F51368241035890,{5A97D1FA-AA83-5271-A8C3-DA27703834A7},dir949912EE568B02DA0ADC4D001E4EB313,256,,fil9D784086F7A1D673AE0BBAC3A2EA6D91
cmpB8D337D12016569F8C199DA03C33C178,{8A3585E0-CA0E-5EFB-BC1A-2792AD606F5F},dir949912EE568B02DA0ADC4D001E4EB313,256,,fil2E07782B39207F73990CC091401B9140
cmp105B5B586609C7CC38BD44143BCDE4E0,{B141A116-6BBC-57E1-9AFC-209B71432589},dir949912EE568B02DA0ADC4D001E4EB313,256,,filCFF20DAFF99D935A9817CC8039B509A8
cmp3AF93BE06CADCC1BFA0A5248A6BB34BB,{B3FB9661-B286-5483-827C-3391421F5A45},dir0A28F11BABA1E639D3AB9F7CEB79B444,256,,filAE2E0FBE1B8F9201866796357C58BBD7
cmpBAA9162E605511521AB1ED771A29B2DA,{0D6F3A54-1B38-5323-BB20-3D2625E2E468},dir0A28F11BABA1E639D3AB9F7CEB79B444,256,,fil4A810AC27C5A261AA7D644A909B96B28
cmp627648D18811C487652AA7141B5EC50F,{503FC34A-B026-5F96-968A-DFF284D29130},dir0A28F11BABA1E639D3AB9F7CEB79B444,256,,fil953CB6ED47102AC2B37E8BC7923007AB
cmpA57D4B24116BE8310FAD553238D55403,{ADD8C4AD-23AC-5B70-AEB6-CD7B0C84F99D},dir0A28F11BABA1E639D3AB9F7CEB79B444,256,,fil5339F39BA16B238950D60BFF55E7F693
cmpCEECCCF679F0360A0EFC2083A299ED82,{67700BF9-DCB0-59ED-94E5-B0AB97A5D32F},dir0A28F11BABA1E639D3AB9F7CEB79B444,256,,fil80E64898427B13FF281E92FF776AD95F
cmp48E369F44B9FE74874F084DA126A8073,{12F050F1-20C8-5D3F-8DA9-F67E45220CAA},dir0A28F11BABA1E639D3AB9F7CEB79B444,256,,fil28F9F0C1334F91E01A569790A151D37D
cmp1E574857C9012F0B6B3E10C6E918C6E9,{BE209468-7D77-5439-93E7-92B0E642E399},dir0A28F11BABA1E639D3AB9F7CEB79B444,256,,filE21494C8DAD77033D66BE2CF4BEE6F07
cmpA6BFA6D1995D3CE8A3AB431D13781D91,{D51EA4A4-7B1E-5FE7-9F31-E9959A46AD3D},dir76FFD9E85F9FB43D99D73FBE2D819569,256,,filF35D40564DFA58D64C4B7934CBEB8F23
cmp179A8033A0C75F4DD4FBD1B11B2AE725,{CD75519A-6D37-5990-ACA5-3150DAE6B816},dir76FFD9E85F9FB43D99D73FBE2D819569,256,,fil2E248C5FC0F67DB67990FF886DC8A4D1
cmp8A90B780D4D8256A3233B92E63874172,{B5AAAC65-4632-508E-9CE6-69F36C93783A},dir76FFD9E85F9FB43D99D73FBE2D819569,256,,filE1FD1A3EFEE81A4558AA17EB2C2E86D7
cmpD9C745553AF24491D16A998606157B5D,{CEAEF1F7-2DC7-5DAE-91ED-6BF348B54674},dir76FFD9E85F9FB43D99D73FBE2D819569,256,,fil224AAECEEEF00B2F2CA03AFAE32A06DF
cmpEBE42BD9A730F221FDAD940FE55A98BD,{2050E68C-B027-510F-B67A-2F73BB5E21B8},dir76FFD9E85F9FB43D99D73FBE2D819569,256,,fil9D0F650678EEC247F028749B7475B57E
cmp4992A0131919B849F8E03BD39900937D,{9EF3FC1F-1BDD-58C6-97FC-2F9CE82FC34F},dir76FFD9E85F9FB43D99D73FBE2D819569,256,,filE2B3C3DE98F8AE94FA20F76493AE2388
cmp71EEE12E558C7A20AEA6D763505B0B7E,{98BBBB43-2ADB-53AA-A5AE-700A94903894},dir76FFD9E85F9FB43D99D73FBE2D819569,256,,filD3B3EE1070D7DABDE630D94CC12EF61A
cmp598F47D2B24B2DBA8D21703DD89B4296,{6C7E9289-0D5A-577A-B19C-477C09B5BF61},dir1C39979FDE9944DC69A25A338FD4E08A,256,,fil87FC52F75DD787B7518706304F6E190B
cmp7A8D228ED8D5BA7205EC098B172DB028,{94083703-3AAC-51F0-911F-9BD41763AA77},dir1C39979FDE9944DC69A25A338FD4E08A,256,,fil07223F856A9A07CDEC238B27C0BC7A2A
cmpE3E8FE4A0FBAB83D51B4FF5A7741039A,{CF58ED37-6237-5E5D-8507-F29A1EE4C06B},dir1C39979FDE9944DC69A25A338FD4E08A,256,,fil06911BB97EB8370A04904CC6E2EAA2EA
cmp2C78152C6933A67B12FC210C5E137966,{B8EA3B27-A5B6-5200-B5F9-7205AFF05BAF},dir1C39979FDE9944DC69A25A338FD4E08A,256,,filB56934691C178D2418221125C7D92BEC
cmpEAA0496DA38B7CBE583F1C74DB85608F,{915732BD-88D5-5E85-9441-632F627BDC4F},dir1C39979FDE9944DC69A25A338FD4E08A,256,,fil28F92AB176594C2FB1A53B36BE267148
cmp9D6A7527638D001F2A89A858AD607368,{5D4E4BAD-2DD8-5D47-9D6D-CE9F94FC11BF},dir1C39979FDE9944DC69A25A338FD4E08A,256,,fil98BB7309107E9F27FA1CE111C2D6E999
cmp218464B4A51CE3E004E0D896975E2F69,{FDA58B1F-CFCD-5B17-A49B-74FF9266EBEC},dir1C39979FDE9944DC69A25A338FD4E08A,256,,filA7B2FDCB886E585836C5088D888BE9F5
cmp04429D15DDCEF35F307CBEFFDD1D7E90,{3B330E40-9936-5D20-8DCD-6CFA46A6B95C},dir8C77FEE186677C7DEF42215DD93C0A82,256,,filAFE33F45714946153593C21F3B6EAF35
cmp7E6D0BA3566D0704A1806A8C5C35F7DD,{F4E36E7A-78E6-5D20-80FC-3A9B06A5CD41},dir8C77FEE186677C7DEF42215DD93C0A82,256,,filC56EE40BE707EE7BBE24AE2F10FE9754
cmpF3084E1AAD14F10098EEDDD874240489,{3812D6B6-DACC-5BB2-A623-4DDEA99C70E6},dir8C77FEE186677C7DEF42215DD93C0A82,256,,filB97AC14F4BEBDE02654A86D83AB569AC
cmpE43C7B9E4EC8CC9B5B3EED77C2604541,{A7643D46-665F-58BC-B004-11A6DB25F1E0},dir8C77FEE186677C7DEF42215DD93C0A82,256,,filF5BEC69D157331C284A4E8EA6A4F2AE3
cmp140215710FC343DA3A14B219A61EEDF7,{3FB62646-E71B-50CE-83B9-DB41F48A4CF0},dir8C77FEE186677C7DEF42215DD93C0A82,256,,fil8FBB3CAD6BBAEAA13A300B733362498A
cmpEE4D5088828950575C734A4B8C5EB116,{47CBC321-85BB-51D5-B638-951D71B7952A},dir8C77FEE186677C7DEF42215DD93C0A82,256,,fil6E49698E14622F3BC8AC7B0BA15B0B90
cmpF7F068EDCBA5BD29C2FF7696673CE8DD,{B3282186-C3D7-52A9-B491-A4A7D6A46C5B},dir8C77FEE186677C7DEF42215DD93C0A82,256,,fil8CE95BDCF15441AD4C1238C82C01F1E0
cmp155FA6DDBBC9C2256F1D58096318E759,{7141599E-F2F2-570E-BF35-EF1A3E3B46B0},dir6A1947D63BE40EFDB32F223EE50B6A18,256,,filC89C8C218D1CEE538BE55516B7D8B676
cmp9C30CB9682ED7EC862EFCDA72F646768,{938DF5E2-3A99-5EFC-9EB5-F79491143AD0},dir2B4916CD232FC4F900C4C75893156C01,256,,filF9B25C29275CFE843C06982E0E2F5939
cmpB5FDB91E384C0619809E9CBE76F16540,{CDCB9833-53B1-5396-9206-23C0B0323795},dir2B4916CD232FC4F900C4C75893156C01,256,,fil089DDDC0260F11C7E0840D6B66A258C1
cmpCAE1F255BF3F594CCF61FAF028F4B692,{92FFD120-11D3-5C68-B960-AC9F5A2BAE64},dirB760AC03541BA24497143C0822DD8B65,256,,filA4D2ED8AD2A0849EEDEA6B42EDDD6727
cmp1E4BF8EDD17C6838DEB836C11834A9BB,{BCF4FAA2-32A7-58DF-8867-58A4C7CD8BFB},dirB760AC03541BA24497143C0822DD8B65,256,,fil1DF02AE152A2E4AFFAA7DFAAC54E1FAE
cmp7C8DA5930074A94A5F41B35768D86F61,{EB2A025B-2781-547E-9778-45E8E1AD0C7B},dirB760AC03541BA24497143C0822DD8B65,256,,fil0E35DFB4593BDA25EC9A0AE704BE5B38
cmpCBCB7A5F1743BD518AD1901CB5B00081,{512C7387-EEA0-5DFC-AE5F-0798625AC5EC},dirB760AC03541BA24497143C0822DD8B65,256,,fil6EE01A7DF042440F53E5EB19157CF65A
cmp4CD3A2A629F1532D7CEB28A86C5469E8,{7538FD47-684D-55AB-81ED-9ADBC04FABE8},dirB760AC03541BA24497143C0822DD8B65,256,,filAAAFB155BBF1749694977F94DB27A389
cmp78E977A8163AAB30F961F2479A720691,{797825A5-F793-5E53-A145-2F97985D06A6},dirB760AC03541BA24497143C0822DD8B65,256,,fil96A7CB33DC75E26FCB4084AB7B9E7A3B
cmpA67508F5C354C394DD25846095823739,{5CC71B76-7AA3-5E9B-B50A-9B63DD73023C},dirB760AC03541BA24497143C0822DD8B65,256,,fil84E30BBB902A93C349D32A88CA37357A
cmp39F4D71FA63A5497A4DC366CDAFD5EDE,{ECC05AC0-643C-5B0B-9242-D73347E16438},dirB760AC03541BA24497143C0822DD8B65,256,,fil24AF2AEFB5F35414A6C51C2F46B27CC4
cmp0B280AF364DA41AA6027D61AE172FEDA,{9A812E83-5419-5D45-A745-CFB131BAA615},dirB760AC03541BA24497143C0822DD8B65,256,,fil831A2CA658FEBF1F898FA5FEC8E42FB0
cmp6F6901783C90470ECFFBC729B6230FED,{97B5E064-D366-5263-8DAF-30E2C5862631},dirB760AC03541BA24497143C0822DD8B65,256,,fil623266785428982CC7EA851DEB1D0E05
cmpDE8B6DF0D517DFEDA37193B7D7B9B618,{D13A78F3-23C9-5BA9-BC2D-259ADBB446B2},dirB760AC03541BA24497143C0822DD8B65,256,,fil190CC36B67CA70814738F203696E38B4
cmpF5E07A56F2863D80A628D67CAC7663C4,{8C570C4C-5572-515A-81C5-643D29479C23},dirB760AC03541BA24497143C0822DD8B65,256,,fil8741A22C5984CEBF9EC810687CA54D09
cmp2BB92B48127C94F8E244B790A0DA636D,{DAE81436-D974-5287-BAAD-91131B0C7B01},dir57E3E109F07564C44048FF52524A3D9B,256,,fil59ED4B67E9AAE0AEA80FD49AB212BD9A
cmpE4B83AAB7F8B408B1967FFCEF0275B1C,{3FF5B6D5-D12D-50DA-87FD-B94FC7811686},dir57E3E109F07564C44048FF52524A3D9B,256,,filCB5977266DD080D8CD74D3C00270FDB6
cmp9A16AC066DA557B7963A8353DD0EAA63,{601305C6-6A2A-5933-B34A-68E4E2449CE2},dir57E3E109F07564C44048FF52524A3D9B,256,,fil5AC820D251DF743E9D9F4E1F144A56E8
cmp32232FE35528B2285887D5CE6F87F338,{199E4587-5CE4-5042-9B0E-B31246919A2E},dir57E3E109F07564C44048FF52524A3D9B,256,,filCA1C61E9A9A4A9F7C3F4B0FB8D51BB45
cmp8154A9A5886DA9835F49489A17351090,{AE3CE04B-42AE-51E7-A5ED-D67CD0786BF3},dir57E3E109F07564C44048FF52524A3D9B,256,,fil39AF99B166E4D979418B872832F996E6
cmpFF6680F2154D1630C7F2773258BC3254,{332DCCBA-4CA4-5571-8BD0-70F88C82CED4},dir57E3E109F07564C44048FF52524A3D9B,256,,filBB158ACC3197AC69AE483D55C7A2D88A
cmp86EDFC964D3226E8E94D4AD7500C473B,{E1EA5BA0-A72F-50EF-84BC-EA628DFA73C1},dir57E3E109F07564C44048FF52524A3D9B,256,,fil4399D096415CC547E55EFED5983D3270
cmp654710FFF5FA4C0D5B145C348E7AF11B,{101326C5-2BBA-5B46-BF71-93658290B728},dir57E3E109F07564C44048FF52524A3D9B,256,,fil7B5628E96152A7AA6A4CEEA731881C77
cmp3527445A0BDD3EE644358C94607AA254,{9ECCA60A-9A9C-59D1-8C87-DABB9E9DDD8C},dir57E3E109F07564C44048FF52524A3D9B,256,,filA572BE40BD664F6B89F7FAEC05C7EEA9
cmpD4C044DC4CECAFBE843B918F0116EDBF,{9FADF1BA-C13F-5D25-B883-F82D753C2650},dir57E3E109F07564C44048FF52524A3D9B,256,,fil68AAD4D8ED6C7CDBAF22265390BE6035
cmpB8CC1E9624F0369F4D71B08281DF5DDF,{3FE768A0-CA56-5B72-A34A-7274FAB94B8A},dir57E3E109F07564C44048FF52524A3D9B,256,,fil188D2ED571DB1BD05477B974466F9EA5
cmp50DF4123C04AF28C5FE9B5B16A9D4F43,{EC188C02-36B5-5B6C-8C96-FAC0424405FB},dir57E3E109F07564C44048FF52524A3D9B,256,,fil0112454238287EF3A8781FE7D3233341
cmpB40BA63EC01AA3FFED8E129A9DF11C33,{37724161-BDB4-5181-ABCA-C032C7D41D06},dir558D196D811E9B9D8C63B9D0072BBEA6,256,,fil8EF86FA9D3C0AE641EB2BCFD46E82AF2
cmp492587F3DBDFB804F3F722FF0910023B,{07881DD6-8B11-5EDB-9544-C6B183A09C6D},dir558D196D811E9B9D8C63B9D0072BBEA6,256,,filD63484CC66AC72D1001F1F0800E10036
cmp05ED727D90256A58DE656BC70935791D,{9BA399DA-8E94-5130-81FB-515FE7C777C8},dir558D196D811E9B9D8C63B9D0072BBEA6,256,,fil8499854C7BB2524B2AFE3C658D2CFA01
cmp5C1ED93D0CEB07B676B14EA6D2754BA7,{14099CB7-03D6-530B-ACD8-A9ABEA947AA6},dir558D196D811E9B9D8C63B9D0072BBEA6,256,,fil9BD13039C99C36BBAA578EF015AADBB5
cmpFBC3C83ECC64A623FCC2863E8954F593,{68FFB095-F670-5ED9-AAC2-5F45F8559E0C},dir558D196D811E9B9D8C63B9D0072BBEA6,256,,filF31A0253A6A2E004EB21098357A9B953
cmpA995E7A38189E0028F25CE0115074F9E,{1BE893A1-3604-5F43-85EC-0237548E1851},dir558D196D811E9B9D8C63B9D0072BBEA6,256,,fil25C0DBEE134992AF4A68CAEF2B78A342
cmp34874DB06D192EC5E1132E721E6841CE,{D1FDB80A-D9DF-5558-8382-9E975758D695},dir558D196D811E9B9D8C63B9D0072BBEA6,256,,fil48C19865D1566C8CA914E8FD181CA2BB
cmpCBDF1CD896312F5036DDEE00A3CA3FF0,{A8F94AFC-9F5F-569C-9BCE-8E7600C34DA4},dir558D196D811E9B9D8C63B9D0072BBEA6,256,,fil129F29B35178131DD27D4DB033A47CA3
cmp901642AE3603C1E2288A59EBEA7FBE1E,{CE96795A-F681-55B0-AEB9-1E1D98302D70},dir558D196D811E9B9D8C63B9D0072BBEA6,256,,fil719B3299EE237EC8B7ABAE4C8B53777B
cmp686B22D721B1629644FF89D171A88960,{BAF3A55D-B1C3-5CFA-9FF4-9B85C7DB78D3},dir558D196D811E9B9D8C63B9D0072BBEA6,256,,filF2A732D54F629EDEEBE05520DFF8D7B6
cmp49C0C7E279FCC1B89C849790637CC151,{C2C20DF6-862C-576E-82B0-81FDD962E6C0},dir558D196D811E9B9D8C63B9D0072BBEA6,256,,fil684DA5B4FB399E8FF7537082DD11B500
cmpEEE01B310156281306AF4C7B01230395,{D58AA785-A540-55EC-8482-50D13DE858A2},dir558D196D811E9B9D8C63B9D0072BBEA6,256,,fil04F95472F3244139641ACF4BBC5A1778
cmp83DFF3057A85134BFC5639CFCE4C44DF,{6B6A7B3A-97B4-56DC-B09C-533E67F1481E},dirC32CB9972394D8A2319DC42FA38DBCAD,256,,filCE9B72CDB57D119305878BFC3E6BF55F
cmp0340A28B2527F31632A3C1D028FE9FA1,{4353B640-E93E-5C69-A8DD-8EF2F4BB80B4},dirC32CB9972394D8A2319DC42FA38DBCAD,256,,filC821C6261D550BF0219E8EB28057DAEE
cmp97A12213E6A31CDA36A4DD96D60303A5,{7DA6433C-70EF-5079-91D8-B78C7DAEA708},dirC32CB9972394D8A2319DC42FA38DBCAD,256,,filDF577914A50AC5159FA760667E583531
cmp529F2D7D983CE530C6C4726306AA8257,{DA5520BE-E9BB-53A5-BA18-6363360740D4},dirC32CB9972394D8A2319DC42FA38DBCAD,256,,fil014B9E2B99E1BB602A8EEE6506A497DD
cmpFC2891BD2EA39AA10CF1A2AE03080E35,{78E80C26-8AA4-56AA-B0E5-C300C8846289},dirC32CB9972394D8A2319DC42FA38DBCAD,256,,fil99B576043701B6FE27550B1067DE3603
cmp17165824177478309C2784CD522D957E,{492E723A-71B0-556E-B386-90BDB760A24A},dirC32CB9972394D8A2319DC42FA38DBCAD,256,,filCCC4F2E89F0AAEC95BD20CB379514F34
cmp297A758A5446368FB3C2710540068C76,{C99F7150-B538-5891-9651-5313EE8C2E61},dirC32CB9972394D8A2319DC42FA38DBCAD,256,,fil055DBE54C1C6477C8F5756A038597930
cmpB66C16091AD27F6AACA1AA281F87EFAF,{4DACCAAF-F497-50CF-B6E4-55D100DFC63A},dirC32CB9972394D8A2319DC42FA38DBCAD,256,,fil79236768D0C528CC0B1A59912234A489
cmp4BCC4B364CD859BFCE4029BE8594AB00,{13C93777-ACEA-5AFE-9E4E-4DED34337DD6},dirC32CB9972394D8A2319DC42FA38DBCAD,256,,fil4D29B03ED27A19B29423D8EEE7F3E74C
cmp5DAF869521DEB5B1785DF306BFDAAA3C,{3CFE1E11-FF8A-511E-8583-819EE2FAFFF6},dirC32CB9972394D8A2319DC42FA38DBCAD,256,,filE13AF379803FA128EF4FE098B309A61F
cmp60C19EF61AE2C6562CF204ACE4088D1F,{3143BBA2-CAB7-57E1-92B5-D7D131A9F66E},dirC32CB9972394D8A2319DC42FA38DBCAD,256,,fil677325900B6251E591B0A28CC019AA5F
cmp46F4730B7E5A61B71D85ED9C78690B05,{5AC5F0F5-12EE-530B-9D6D-69E6C945ABEE},dirC32CB9972394D8A2319DC42FA38DBCAD,256,,fil3113818078F2754438C637733AA93C0D
cmpE4F95AFBA84DCF81E18E1D0421F286A2,{4BF75665-635A-51CB-9EFC-424464D6F2F8},dirEC14BBB8C0E25C723E44836913E4AE6C,256,,filECB586CEC56B3CFA2F9B5A0CCDA64748
cmp76BD2E69420D5619F09EDAD29D2CE766,{91AE0176-951D-52B6-8989-C327CF864284},dirEC14BBB8C0E25C723E44836913E4AE6C,256,,filF964DC369DE1135D8C25EBF7B00104B3
cmpAEDEB494A8A2F60CB19AAA6946DBBA8B,{C867FEA3-5B97-5E17-A99F-6D4131AF2778},dirEC14BBB8C0E25C723E44836913E4AE6C,256,,filB90C7BEF60CAE7957CA36CA788D75C8B
cmp4B1D8708C15353E1A0CD3AEA09C41BEF,{D30BA483-2875-5CA2-AC8A-608F17F65F3F},dirEC14BBB8C0E25C723E44836913E4AE6C,256,,filE77C3C0224A8CFCC01D0CEE496EFAADE
cmp5BFEBE9C0A437436E6E9F9CAFE06C07D,{B4F169F5-7E77-5900-9A3B-B99C5A8B48C7},dirEC14BBB8C0E25C723E44836913E4AE6C,256,,fil526C6BF91032C6F532F5D0B4A900645D
cmp4B014BCA3C797B5AF2FB0C5AA538D311,{9F5BBAE8-7A41-53BF-B0A5-87106EA4CE7C},dirEC14BBB8C0E25C723E44836913E4AE6C,256,,fil22C20D6F3FEC47E77184C399F22FC9A6
cmp6D5C7CBE0DA897B3EC238EFAD0FDD7C7,{44E730A9-7F3F-5E67-B1EB-A2994268792C},dirEC14BBB8C0E25C723E44836913E4AE6C,256,,fil7FB8012B65F00E82D8D6EBBD5935981A
cmp11BAB847D5DC84404B5F2F926028CC49,{F538A0E1-49FC-5C6A-8F13-59EC06A27B27},dirEC14BBB8C0E25C723E44836913E4AE6C,256,,fil08DD64D1387D0CD49A6BE997435B96A2
cmpC51577A2AD2EC8A992520ACDF8AD64AE,{540B4470-1484-59E2-B88C-778FE174A8BA},dirEC14BBB8C0E25C723E44836913E4AE6C,256,,filC5D1F574D4804A9CA9CF7292C54873C2
cmp54A436EDE4B332BD1907FECB9B95B703,{854328D2-1CD7-5A20-9713-2682BC1EAEC9},dirEC14BBB8C0E25C723E44836913E4AE6C,256,,fil2A067A316DDB7112AFD4DE1E89FEE3AD
cmp222E3F531753859752E8861571CF1795,{BDEE8996-CBBE-526B-AE99-06C80D500056},dirEC14BBB8C0E25C723E44836913E4AE6C,256,,fil71DEBB09C9CBF54366A17D8C22AB8B39
cmpEC1AA9FA3A35B2588D76AD8329BD4F43,{40753319-295F-5091-9CFC-ED854CCDE953},dirEC14BBB8C0E25C723E44836913E4AE6C,256,,fil6572C9E52CDEE83FE2B8BF438C9C3E7B
cmp99099AE08B7196350DF7ADF158B7A0D3,{1C81E40D-1331-5503-9572-E718EB0E697F},dir18175B4794D63CF1234110DAEA97E5E9,256,,filD8F5C15F509737B59530DA377731A80A
cmp0072379C5EC4A3D9108F47A04DB959E6,{C0CD7AAF-3E3F-500C-9EDE-A8EA6C8098BC},dir18175B4794D63CF1234110DAEA97E5E9,256,,filCAB7560129C7797EB162C6BC42F4D779
cmpA560393677498B6CC0229D350AC8571A,{CDE79FA3-3D6B-54E9-8A30-8D404029F463},dir18175B4794D63CF1234110DAEA97E5E9,256,,fil52B2562BA2BFF564F15A88EB762786BD
cmp34C3ECD0AE7D9E7C79F723BEB6D79178,{F5DA9DE7-C218-581F-B1AB-AEE498472410},dir18175B4794D63CF1234110DAEA97E5E9,256,,filA93A8F54BC1BCA2CA45EBC56BCF35C41
cmpE977DACB33FF7D4118C025628A6C7AA2,{5E0A79AC-18C0-51F6-B1B9-03B9ABBA8D71},dir18175B4794D63CF1234110DAEA97E5E9,256,,fil52E34942391596CFA896166F463D02DF
cmp5EBC5F0431C8726B9B670AA39708DC37,{FD9042F2-639C-5845-954D-1C5D807DC361},dir18175B4794D63CF1234110DAEA97E5E9,256,,fil2C00D473309C16BFE9EFEDFDEEB6690E
cmp40E600E9AF92BCD6471EB34915D7D7A8,{E89A9FB4-2C14-5A1F-BE25-0293B0A5C8B9},dir18175B4794D63CF1234110DAEA97E5E9,256,,fil26DE3F15D2CE835C4B7338098CFAC5E6
cmpEC0A53C6AB331D9054BA5A4C13FFBD57,{802B2ED5-1C94-507A-819F-3D495B9DB43D},dir18175B4794D63CF1234110DAEA97E5E9,256,,fil76A871C7236DE77A09E01F709A8AC3CB
cmpCBFF2B1611AD4379A5AB32C055D8B49C,{B5AB78E5-037C-559A-93AF-EE9A522AAD38},dir18175B4794D63CF1234110DAEA97E5E9,256,,fil658E77514123ECB0E6974EC0105B1DAC
cmp34F55A780AC20126FA6375531BA496C3,{8E529F36-54CD-507E-8981-3620E2D4C034},dir18175B4794D63CF1234110DAEA97E5E9,256,,fil2494DAC2C8EFF416295B6ABF818E034C
cmp52A70274AECEFBF7477E192799358E38,{2EACA27A-E14D-5733-894A-3E238B9FDA4F},dir18175B4794D63CF1234110DAEA97E5E9,256,,fil9402BD68256126C778F9781EB33CDA13
cmp6A23DF2FE0FB7BA39D63996749687AFE,{9A515609-50B8-50C0-8E76-C6594D753EE1},dir18175B4794D63CF1234110DAEA97E5E9,256,,fil5CE7CE618CA2F5062CD421603FCC4708
cmp8FD5FDB0649246AFD5A654AACCE88D0C,{3762C13B-2C39-504D-AC81-DD4E9C8DE5F5},dirD986812AC7D5ABCBC265797709DA2006,256,,fil06C02A1F4DFB98E27A8DB917FBBD1D04
cmpC575CD538E18D5FC690411B44FA994F2,{8CE45783-3477-5290-A637-F00167FE0C52},dirD986812AC7D5ABCBC265797709DA2006,256,,filFB01C247A1BE904C8E9AE7797473EBA6
cmp9C7E34C2949CEC9A7488519FD68C57E8,{9E164FE5-77E3-516B-B9BB-4FC33B7723B4},dirD986812AC7D5ABCBC265797709DA2006,256,,fil3C8384DCE5FC99FD0A7A18C4FE6A6F9E
cmpC5200F7526B664F46D819C1E1710FE7F,{41B8C811-5A1C-585E-BDED-3C5585C6D8CC},dirD986812AC7D5ABCBC265797709DA2006,256,,fil4E8E9E1B87F977C6D32E24CD0344B362
cmpF6FC2F7052B6E330DD434AEBC11D4C3D,{CCF32E67-D947-5005-9549-402F1A7D8486},dirD986812AC7D5ABCBC265797709DA2006,256,,fil9B6C43FF118358113D578605D62A2270
cmpD3DC1DC3A6A5619AF4478971850ACA74,{29AC0FD6-3897-5D1E-946E-4943BEDAE615},dirD986812AC7D5ABCBC265797709DA2006,256,,filC5396AC86B26D312E9442AD9ECB7B4E4
cmp618201B77F218866666988C506390DC0,{29086BB7-91E3-50D2-A776-4BF1A20276CF},dirD986812AC7D5ABCBC265797709DA2006,256,,fil5507F5094C7B99B8135DA5BD274BEB62
cmp512E64794B9EE3743DB33C0096D5CD72,{0E9EC0A0-DA75-5436-A580-16BD982DF202},dirD986812AC7D5ABCBC265797709DA2006,256,,fil3B106C13B754B756211F027BD15EC825
cmp97E24B9A0682F5C5510BFE6335E9E68C,{E36B7F33-B525-5340-97BF-0CCAD68CCEF8},dirD986812AC7D5ABCBC265797709DA2006,256,,filB8536E86D3E8E2839E75E4DC6C9DB5AC
cmp9A3B83AC929618B721FD516C8AAEF61A,{FD402B25-6208-579B-8BD0-0785E6F0149E},dirD986812AC7D5ABCBC265797709DA2006,256,,fil045FD461099590B2D1D3D01B7079B70C
cmpA5128CB532FDBA8F8E67A147FD84E195,{C84B3711-98F6-5058-BA07-D32E71BA9C79},dirD986812AC7D5ABCBC265797709DA2006,256,,filDACE31D5884D5E0F88864BF713B7E7AA
cmp9DB1B1AFE60F8F299AC65A5B2CF630A8,{C9D312DC-4854-5FF0-861E-9B9690B67AAA},dirD986812AC7D5ABCBC265797709DA2006,256,,fil5CC771169F4B024E62A09159AE76B986
cmp65240006D599195B63A7C75DF8700F49,{0CDB8D28-0270-580D-88BE-D4261E3C946E},dir917FFD89C6CFAC081EFC46335B594656,256,,filE68007B6AD447C0864359D2F4761FCB3
cmp40192F0F212B6602C34504B6A5F95ECB,{F322C00D-7FE2-569A-BD4F-836628D5B487},dir917FFD89C6CFAC081EFC46335B594656,256,,fil4BE7753330957A8553CB29DD44486DA4
cmp8A6F54BADE85315CEF661FECA669E459,{2BAF648A-1996-5B04-AEF8-75B960F3AF0A},dir917FFD89C6CFAC081EFC46335B594656,256,,fil1BAD616DC10543123F9DC55C23F72849
cmp4C31A59CB09A98F34186F8B7406E4B7B,{454DFED0-06CF-5AAF-96E4-E50C06C8500B},dir917FFD89C6CFAC081EFC46335B594656,256,,fil0941F46E8435B1B4E78B67658E7BD130
cmp92EA2DF841CD171170EBE8878ADC92F6,{007F4557-F9F7-5733-8980-CEA337C43DD3},dir917FFD89C6CFAC081EFC46335B594656,256,,fil393ADC39F37681B2BD320FEFD36E12E3
cmp84B7FFED9B07042862F40F9DC00AEC3C,{ACE4FEBA-AD05-55D0-A07D-4165A7B273EA},dir917FFD89C6CFAC081EFC46335B594656,256,,filCF0D87BA4E013D9F4EC6B4A1CBFFBF09
cmp9076046E6EC25A1AAD7D2FDB013F673F,{5AEFBCB8-4CC0-5BEB-95A0-C9AFC789C374},dir917FFD89C6CFAC081EFC46335B594656,256,,fil51E32618341C13C5C583F4B128584306
cmp961A0811F2BCD6E7ACF1BAFC4EF256C9,{525C0E5D-0489-5957-BFB9-73237EB2FC69},dir917FFD89C6CFAC081EFC46335B594656,256,,fil0B1F0E275B628D4B830F6116DB0D9C56
cmp36B80CC22F3BEE470998093136E3CF38,{B65CD898-1D2D-5DF0-BA8D-E105EA6BE88F},dir917FFD89C6CFAC081EFC46335B594656,256,,filE48B39C6E51EC6911E875F3C99A360EE
cmpCE22BFBE513A605001A3845F0552DCB6,{910C6C11-9321-5E09-A606-78A1F370EE67},dir917FFD89C6CFAC081EFC46335B594656,256,,fil74F8521B9B4757217AD95DE13679B1C5
cmp14D5FE54EA6C7FBB2E861C675771DBEA,{609E2379-3924-5ACB-8AE8-E83074BF38F7},dir917FFD89C6CFAC081EFC46335B594656,256,,fil879E4290B991CA9F9454DA41087CA93E
cmp310F445D8F0AA9251D7630102B62401E,{AEF9625D-C610-5AC6-BD4F-A080E35BA35C},dir917FFD89C6CFAC081EFC46335B594656,256,,filF806B1D8F2B3C3F9AF92C2F8CA6CA8AF
cmpE7DB255DB2B729279F47AED3A5091DAC,{A791F5E4-62D2-5E80-9F8F-40E1538B4B21},dirF2E424CD8FCDBB297BBE4B30473E3721,256,,fil5C2FA05C9BC017AF48A86A24C326EABD
cmp3DF734D4451975F672F3E2102812F7A8,{3E4C4C14-A5B3-5C6A-8455-D8B82C907FFA},dirF2E424CD8FCDBB297BBE4B30473E3721,256,,filA17616165499B15743587802549F0E26
cmpAFBEA4C9BF55FC1FF20D25FAD616527E,{1CED6D3F-B2BC-53CB-A117-AE5937C198A1},dirF2E424CD8FCDBB297BBE4B30473E3721,256,,fil163EA69883CE7352D761A05F1ADF9E7A
cmp3EB61D55C1F7FE66B25E81DB2D2D84ED,{931F9B69-BB17-55BA-9EB7-911DF440DBD4},dirF2E424CD8FCDBB297BBE4B30473E3721,256,,fil8BBBC031222D105E294C2894AF5EC694
cmp21E358B672C2E202E5351964CA488A46,{EB5BC664-079D-51E6-8433-AD66E4ED7F1E},dirF2E424CD8FCDBB297BBE4B30473E3721,256,,fil9B1814A1C35D6C111E7B79B13F0E3FDE
cmp82C83A385FD77117BA239E5AE40BEAD1,{63878599-5AA5-52E7-962D-0FD145E0EE4C},dirF2E424CD8FCDBB297BBE4B30473E3721,256,,filAC9A463D1C88281BED4D5C2DA5E1B702
cmpFEC7C8E4C18BAEA460F18D51C4BE5552,{7F863D46-3650-5539-B8FC-36DF6F543CCB},dirF2E424CD8FCDBB297BBE4B30473E3721,256,,fil129C83F7469AF03886C04E4CDD18CA28
cmpD378EDF25021A47AE89C306875FAEBB4,{FEACF52A-85DD-59E9-800E-71329D36A8AE},dirF2E424CD8FCDBB297BBE4B30473E3721,256,,fil02293283770CD7CD36D040A17B26EE95
cmp7197F9478486D5732E06C3EEC65D8DA7,{DF178FAC-973D-5066-BDA3-243737B48084},dirF2E424CD8FCDBB297BBE4B30473E3721,256,,filC095FEB4C1C5D9ECD5B35FDA3B213AF2
cmpD76F9AAE76B8D60D09D9DA7692EA405B,{8577C27E-5F33-54D4-8B85-25FA6B5A0DC3},dirF2E424CD8FCDBB297BBE4B30473E3721,256,,fil2557FF8E08358130D07F872C95A7A83B
cmp0D4567F7131802F04EA5DC0195972CA6,{BF564371-4D3D-5716-BFFD-C15E0C965BFE},dirF2E424CD8FCDBB297BBE4B30473E3721,256,,fil0EDAD39A7A7565DA45FBEFC70C4D0908
cmp3B1BDD3793FD0EEA226C04539FE644CB,{382C4A41-0431-56F9-8679-463E9F3D0CA0},dirF2E424CD8FCDBB297BBE4B30473E3721,256,,fil82F3AFB3B804E6AE3C99964B3E345BD3
cmpF11E523D16D78C81E32736A0792A0556,{C7150607-BE2D-596F-9A5F-DE7632472363},dirFE3A5E035A3A8EB99A035A082B3F7225,256,,fil2C8D081F6408C283E79E77A15E0E9A62
cmp8E30A1768B31F59F3F27566BBF811F20,{60BA2678-C7D6-56D9-AFEE-85DE494F9FBB},dirFE3A5E035A3A8EB99A035A082B3F7225,256,,fil5E22569A43154B9857BB3038DA1B1C3B
cmp26894FFC1690582F942F711795DB49C6,{4660924D-8936-554A-84A9-27F85A0D986D},dirFE3A5E035A3A8EB99A035A082B3F7225,256,,fil90F36CE1215193010C4E4D527D36F32A
cmp6C92C69E71281A82DF62D4A16DFBAB25,{F6ED29B9-CF4F-5CEE-8B18-A8A3549259FE},dirFE3A5E035A3A8EB99A035A082B3F7225,256,,fil0529C2CA16705220A49F4FBA51663D95
cmp3DA21DDB9CB1F2E7327B30262C6E70FD,{F2FA2284-3FEF-5B21-A81F-6DDB7963AF9C},dirFE3A5E035A3A8EB99A035A082B3F7225,256,,filD3E9F5D89A1990802929CC335D0A1451
cmp7803B3050AA77D117BCAA55E0C0E004E,{1A7374DD-AF02-5C5A-9FDF-C4B0DE733E52},dirFE3A5E035A3A8EB99A035A082B3F7225,256,,filDF61219EA6808F86486F4FA6FC341F4C
cmpCF3AEE00B1479A00C712C149FE2E8EB5,{D31499A9-736F-5BD2-B020-C1B36E1CA0D6},dirFE3A5E035A3A8EB99A035A082B3F7225,256,,fil0F7641ABE63FE045ABC0E920AF7B4188
cmpBC26E56941EED79C01AB0F70B974199C,{BB5318A9-F905-5FB4-902C-021348EFE9D6},dirFE3A5E035A3A8EB99A035A082B3F7225,256,,fil9058FF93C028E4D2ABF5435E10B5EE85
cmpE3A0EAB6CCF2B06CDB8AB5FB333F3FF8,{0B89767B-94BE-5394-B985-139BD0EB1723},dirFE3A5E035A3A8EB99A035A082B3F7225,256,,fil98B2CAF6B46D84C4D1EA142A3FB3A3CC
cmpD575E1790BD37B78938D8DD262A45C30,{CC272DDC-E80C-59D0-A106-DFAE2C04652A},dirFE3A5E035A3A8EB99A035A082B3F7225,256,,filEA3CE4C4F3A0FF1FD8F147CFDBAC93C1
cmpCF1E64D4B39BE077F850674DD81C5092,{F347B0A1-62C3-5240-86AF-4D78B19FD4EC},dirFE3A5E035A3A8EB99A035A082B3F7225,256,,fil4BC39ABD280AB756ACF3C6A42AF5ACEA
cmpC4A9540A3134A57291B12EB863FB9FE5,{E07A1B78-609E-5C95-90CD-EEE1A936A4AA},dirFE3A5E035A3A8EB99A035A082B3F7225,256,,fil98E1C8D43D0D19BDF65486311003FBC3
cmp7F0122A0768AF95D4AE44442138C9917,{65962271-52C9-5C4D-BCF1-CB6E129CB10A},dirC5807B5BD40E5CDB472960BA8BBAAF11,256,,fil786FA3D8A1CF7B98299BAB9E7196C1F4
cmp23090C311C25058C439BFE05787CB750,{4014A156-DA5C-5363-AA27-D5A9AB4005C5},dirC5807B5BD40E5CDB472960BA8BBAAF11,256,,filF3941B6351940627CFE55553361753CA
cmp2BD6E6F14D8C5966EE4906F52B63D8DC,{0411BBD2-B150-58D0-98C5-B009540A62B5},dirC5807B5BD40E5CDB472960BA8BBAAF11,256,,filA0379F9B2C576AFFD596614EF9DA5A89
cmp914DF341132C42A6E3FDD11DDDFFBB1E,{1EBF63E8-F1BB-57D0-8937-6AE9DFEDF411},dirC5807B5BD40E5CDB472960BA8BBAAF11,256,,fil2119E810A950122DE159D6286F4A4AA8
cmp7E6C4223196454BA0553D26EEB1C59BE,{733226ED-E99B-5F9A-87D6-A2985B5E84C5},dirC5807B5BD40E5CDB472960BA8BBAAF11,256,,fil09E2E50AC9FE507B3F00E4C76E59E822
cmp8902E65B791060F551A1FA0C7FBFDDBB,{00C9B503-D2A3-5DAB-864B-E5478AECF905},dirC5807B5BD40E5CDB472960BA8BBAAF11,256,,filEE75CB8DF13244712C9AFDCEA6F20DD4
cmpDD56999A87DB0C9916941DC7B71C5667,{21E972A4-D123-520B-B719-064A2742FB76},dirC5807B5BD40E5CDB472960BA8BBAAF11,256,,filB765A4E392765AAC9E89217CB28025C9
cmp16E99883B2F4E7461BD70118627BE769,{57A4AD1D-A925-572E-9DAB-0853538BFCCA},dirC5807B5BD40E5CDB472960BA8BBAAF11,256,,fil22B916989A72118B1E1EBA5E75E0FC63
cmp4B5A5201282D12408AE04F7E885D730A,{7B6BB1CE-527E-5043-BF8C-F3C22CF3A753},dirC5807B5BD40E5CDB472960BA8BBAAF11,256,,fil15C0CB8F8B0F02002D98AF37A0170182
cmp1B02E6CE57F5F8C59E6B93358E7C51DF,{B0EE5748-71B8-5B80-816D-7A26209C97C4},dirC5807B5BD40E5CDB472960BA8BBAAF11,256,,fil29D6655E0EC72DA3448F6CF3BE257DF1
cmp5CA7B30AB3D6435226E47060564FDE4C,{9F1E9DED-8E6E-526F-B4A0-ECD9ECCD54FD},dirC5807B5BD40E5CDB472960BA8BBAAF11,256,,fil65598BC28680184FADA6F0390BAC2A94
cmp48D124EB0DC1CA8403893EC7797E0AF5,{E13BB43C-4556-5F73-87F1-A4FB5F96675C},dirC5807B5BD40E5CDB472960BA8BBAAF11,256,,fil7DA52F10E7637856B9AB03A826C9DCF2
cmp1D8F91996EED989FE73170E8E2D441B6,{8E9B9C3C-7131-5472-BAD9-0417CEDFE89F},dirFD9C96282E02D4446EF7AED0B4C1D4AB,256,,filE00F78562129D2DD96ADD431924DF7FF
cmpAAEDBF77E6C72998DFCEA0892A3040CF,{FD9AD5AA-67F7-5F0A-AAED-26EA57B3FC7E},dirFD9C96282E02D4446EF7AED0B4C1D4AB,256,,filA32E0DFAA0A686F248C7A680E632CAB5
cmpEE56349D71DE52896C17DD3FADA6A534,{BD0B59BB-DB99-532A-84E5-87AFE4BD650A},dirFD9C96282E02D4446EF7AED0B4C1D4AB,256,,fil2EBBF3FBD9EE5E36ACB662B1193FC1BC
cmpF440991AEA8AA401A0CF206B0DB1CC49,{C73517A3-592F-5E97-ADE0-CA66851CD1BD},dirFD9C96282E02D4446EF7AED0B4C1D4AB,256,,fil15C6FA1362B3C6AE3FE394C64A8B3B35
cmp6F70D54A667F81D9238508BC90547682,{CCB8C6D6-C9B8-5F7E-A305-EB6F8AEB6D16},dirFD9C96282E02D4446EF7AED0B4C1D4AB,256,,filBAD7C22E34ACB7911676EEF9B05D1AAE
cmpB80D42186D64F3EA4EAAC478F28605A9,{97067E86-3205-53F4-8133-2AE8600487FA},dirFD9C96282E02D4446EF7AED0B4C1D4AB,256,,filDB897A70E8D5536AABF612FC604BFEC6
cmp9091FFADC1F9FAD46E7825E49EA5DF23,{2C491969-8542-5777-9A01-51326CAADAA4},dirFD9C96282E02D4446EF7AED0B4C1D4AB,256,,filD4A2D26058AAB7B62EF5B6188409D502
cmpE5782458AF42AE83C68DDA121E4DDC9A,{0ED4C6E1-BC73-5CE7-8373-48658AD0C2E3},dirFD9C96282E02D4446EF7AED0B4C1D4AB,256,,fil38CD622E9FD1EA344550A925E1A23D5B
cmpF247F57604E630443A855D950DCED62B,{38E7F057-8453-5AD5-8538-F3A5D24000E4},dirFD9C96282E02D4446EF7AED0B4C1D4AB,256,,fil0E537FA711ABFF6F91D615DB5D1D5998
cmp59F3C41ACF2CCDD5D7C8CB3E8B26B2F0,{B856FFC0-ACDF-552D-830C-9FCD0DBEB511},dirFD9C96282E02D4446EF7AED0B4C1D4AB,256,,filE39C2323F9B7BAA80F0EC23C2AAC41AF
cmp357065603695AF560D95F1BE7B64A8A1,{CB1F3D03-C1AB-5654-A27D-16D95DCE00A5},dirFD9C96282E02D4446EF7AED0B4C1D4AB,256,,filB68F4AFC44A51799702858EA7924CB84
cmpD12AB8CF4A49A295700CE85F57145F14,{C583948E-F7DE-5B8C-A2E1-DB4782A41968},dirFD9C96282E02D4446EF7AED0B4C1D4AB,256,,fil121676BF0F185DFEF3F14BF6C333933D
cmp6453AD1C51587C8C384EC3A3995DA524,{A0F3AD0F-BE4D-56EC-B8AE-CDE8BADFE7C3},dirB98F3868C03BC4320F319E524D133AF5,256,,fil3AB5000609CCF8E5249B4BDFA65BBD5E
cmpA9CBC3F5DF29F66D1F6D5C97DEEB66AC,{246FCEF8-50A9-5CF9-991C-A250E82A3B1D},dirB98F3868C03BC4320F319E524D133AF5,256,,fil473017504DD22C40A9C70B02B7BA8F41
cmpBB762CA6F4DA5C2DD8A47DE35BCD3871,{142C24D5-D6C1-5F9F-B09C-522B4E99DE22},dirB98F3868C03BC4320F319E524D133AF5,256,,filC490FB46B9FA678B7AA7E4CBF74B72BD
cmp3E68BDDDF7D1C7FAB7A32B28958A8881,{FAE4E580-E4D9-5D75-AAE1-4C25EB561706},dirB98F3868C03BC4320F319E524D133AF5,256,,filC4F8A3572B11D6D412474A500A4A6936
cmp53CC1C5BE7A6295B1E564939FBAA1861,{64DD32B5-FCB2-5A7F-AD5F-68C1E589F614},dirB98F3868C03BC4320F319E524D133AF5,256,,filB118493AEE2149E0A56201816D0A14AD
cmpAC2D0474019BBFCA7148A7E437989827,{A518ABA4-A5CE-5002-82A9-A6FC8A562991},dirB98F3868C03BC4320F319E524D133AF5,256,,filAB35A4A61439B86135B4222AAB1301AB
cmp1D5951FABC15C8427A2DEDC0EC2EDFCA,{80A5B82B-2D8C-528F-86C2-E020E9F7EE7C},dirB98F3868C03BC4320F319E524D133AF5,256,,filDD17D898338619F68D76D12636AB4E1C
cmpEC385243BF6746CC2D9ABA43BCDDE2A7,{62E91F30-AF5E-5B9D-999C-3702AC539D73},dirB98F3868C03BC4320F319E524D133AF5,256,,fil3F68D8757E5494F9E9DB5235AA550245
cmpD91A0FFACB11DA83EDEBF2B7DA6E8985,{5308360D-F6E7-5069-909F-6977D25FE2D3},dirB98F3868C03BC4320F319E524D133AF5,256,,fil53C9C138B2FB55DDB82EC4D5ACFA6506
cmp78E78938AB386C4EA3432A1CA3595F09,{C743B1A8-0B79-5966-9243-EC9D1BAF5CBB},dirB98F3868C03BC4320F319E524D133AF5,256,,filFC860A3DFC349888779F1B622A57BCE0
cmp01F303C2CFC4A62545661DE31827F6B0,{234F0A69-7620-5FE6-97F4-124E02C79E3E},dirB98F3868C03BC4320F319E524D133AF5,256,,fil13B7215E7B1F0A25094B88E27ECFC771
cmp6B9C15C0EA9F2401FB567C76326AC800,{9E295CBC-C8D0-55C9-A239-F7E6B3D9D1CA},dirB98F3868C03BC4320F319E524D133AF5,256,,fil777D1C8A9E5C9B89AB91238EED7776F7
cmp0D5C267109A1D38ED28756037205F865,{E16E5D28-CA21-5B48-AF69-AB7C8417EE34},dir4AAE9B5223A5F25C0CBF003BE01A75F9,256,,filA9AB9449E670DCAED2A3B61207E1C068
cmp676096CAA3AAB44244395095FB5FFDD4,{CB39A80B-94F8-5AD8-B924-A315BFD2D12F},dir4AAE9B5223A5F25C0CBF003BE01A75F9,256,,fil4A9C6EB0EEA02C6B557CA2784D24A2C7
cmpFE7D054C0836DFD30E5C608C2FBE6210,{05F521B3-DAB9-5AC0-81DA-DE43376C4750},dir4AAE9B5223A5F25C0CBF003BE01A75F9,256,,fil9D6F0B8D429EFE88A6FE4E2BD06D9E61
cmp62F3D66151600BD9934091E2F8C38140,{B1418F73-4914-5895-BE20-C6CF9D8D856A},dir4AAE9B5223A5F25C0CBF003BE01A75F9,256,,filC13F30EE60FF2ED0F61790AB0AB1E744
cmpDA5277D232889AD9218BB16CAA2C69CB,{4F7BB6EA-B6C0-5E85-85D2-AFF7DB083BE6},dir4AAE9B5223A5F25C0CBF003BE01A75F9,256,,fil2A27906D761BF1768BCFBE073192B3F2
cmp550C9784FE3B24FF0B7A2C30E81AEAF7,{7734906F-59C9-5408-8948-10DE8A26FFCB},dir4AAE9B5223A5F25C0CBF003BE01A75F9,256,,fil5187C14ED57398C0337D7012D76BD0FC
cmp4B0C4BBE544660C7490A937965771420,{4E115BE3-ADC1-5E6E-8B02-9DA54EFF1B7B},dir4AAE9B5223A5F25C0CBF003BE01A75F9,256,,fil18B72E25F79D06F0D604063ACDAFF63B
cmp8CF527887CE12105BA126A9A3B547AC8,{14707CB4-D809-58E7-BEDC-8AAD4D79513D},dir4AAE9B5223A5F25C0CBF003BE01A75F9,256,,filA8C29144FB222ED4351E85D3217E1482
cmp6FB6D95F1E57ABFAB6945C679EFC25C4,{6384929C-7E75-50E0-8347-1ADECBA91EAD},dir4AAE9B5223A5F25C0CBF003BE01A75F9,256,,fil95448CEF5CB0F8D562B1AC802420E3EC
cmpA73876D28CC30D4CDA409501D79C53FE,{627D648E-28E0-56E6-9251-71E8F0F441FE},dir4AAE9B5223A5F25C0CBF003BE01A75F9,256,,filD486F0A17282BE63CC4EF923F463D658
cmpE7B66B7DF2BB29A78E4680866771B7A3,{DF4FFDEB-77C0-53BF-B61D-7F6E870D9039},dir4AAE9B5223A5F25C0CBF003BE01A75F9,256,,fil2793ED16BDDDA0E34E382255BE587D72
cmp93AA36C52C01163DBDA11FA737AA7AA7,{FD02C3DB-4C69-55D0-B67D-D1422D9D2869},dir4AAE9B5223A5F25C0CBF003BE01A75F9,256,,fil7D9447D545B8B96C8776ACA10784B71E
cmpB45AB5742EB1090D0BA1CEFB85001655,{042D3561-3D54-53B3-AC7B-EB020F30182E},dirBDB1A38654E20146957DA40283A2F047,256,,filB974CF862F2741FA509175C945C94BF2
cmp4EFD79771266B60C1B6EFD8D5986AA88,{45E78762-A885-53AC-B7D8-9625F5AED6DE},dirBDB1A38654E20146957DA40283A2F047,256,,filF532866EA3A46057FDC12BC580621DF8
cmp4E93DE327110262B5E5376C4E0E5A0FF,{70164795-54C1-559D-90D0-07308AA7EF17},dirBDB1A38654E20146957DA40283A2F047,256,,fil069786609DC8F71286BB8EEEF4CB7EF3
cmpC53CF724C350B698B18CAB298F4AD63C,{64EA6DF5-FEE6-5F83-B36A-5707AE7BEA9D},dirBDB1A38654E20146957DA40283A2F047,256,,filCE929C4473785A8F25AFB7C396BAE088
cmp8212FA097E9384A07CEDABD8043CFACD,{7B791BC3-3BE6-504F-AE06-032CF5B5F77F},dirBDB1A38654E20146957DA40283A2F047,256,,filA7A798AAC977FCA9E70A39FBB7CF3187
cmpADE3BED789C68FE3131A3552F4FF0CEB,{868B17D0-C882-5928-9F3E-66B3F7924AFB},dirBDB1A38654E20146957DA40283A2F047,256,,fil819F600E5B8A2BE4C4135D336F61E442
cmp18A4E2D0C19310D8F208301FA135A52B,{30F6C6AA-9654-5610-93EC-E14DAC8A3F64},dirBDB1A38654E20146957DA40283A2F047,256,,fil65C0E6971C739C59B58ADDFD8704F007
cmpEF7615AB73200E835C987CFFBC333A5D,{7C7A1CDA-EA82-5EEB-85E9-D819F96459B1},dirBDB1A38654E20146957DA40283A2F047,256,,fil7728EBAB0184DA095984C6533AEE60E1
cmpBF2E19B2623FC24C784A47002D90A076,{8BA331D9-015C-5F62-A07A-7973A438D236},dirBDB1A38654E20146957DA40283A2F047,256,,filB40C875C222AEEFF75FBE0FDAD5F3EA9
cmp74C0644E516603273E292E4113C3108F,{ED0C14FA-4335-5D2C-8AFE-F7162E2552E7},dirBDB1A38654E20146957DA40283A2F047,256,,filABCA12225C4B712D0D100FA64EACA00C
cmp8D98FE69EB1DC1B4A4E72488688EC7D5,{50F3D63D-9A8C-5378-A11F-C0F9D2ED7D07},dirBDB1A38654E20146957DA40283A2F047,256,,fil294C86D8AA07A4A80CF8457228374EE6
cmp552A1639E908C322EFEABFB192A1A314,{CB3BEEFC-EC0A-5FA5-94A0-10AA65AA395E},dirBDB1A38654E20146957DA40283A2F047,256,,fil2D4DD401B3BDB6148A18F39DF109CA82
cmpAA29EB96D0095F2CFBE9E929B2B129B6,{CF1896C1-C9E4-52C5-BFDB-81604A0E18E0},dirAA8755158818F3A186DDCE38DE1F8303,256,,fil12F152D8CA2B38C66880B6578E70C49B
cmp790E3B65989279A80A3EB4DA464EC93D,{1B29ED3A-6B81-57D6-8013-FB707F040306},dir3042FAB6E6F19F9DE7D2272A9F3F712E,256,,fil5BF6DFC543983F449FCB6C2F93E9440C
cmp32C4A69755010AA989F4830399A964C6,{A51ED5B3-FDF8-5E3B-B96D-DE0998FD644D},dir3042FAB6E6F19F9DE7D2272A9F3F712E,256,,fil120C5ADC208AAE0C9CF9CCFF3C696312
cmpD367F6FA4B05FB79A8BC1D7D18DB7409,{C83FABE8-6D46-54B7-93A9-6369C4088BEA},dir3042FAB6E6F19F9DE7D2272A9F3F712E,256,,fil3334CE84E3F7976C358C2E786F08B278
cmpA2A0BCA63D591CB9CEB9C10C3D335605,{3025FC78-FC3A-53AC-9AD9-F43C0D7ACF1A},dir3042FAB6E6F19F9DE7D2272A9F3F712E,256,,fil50D70BC57A5A822172782460EFB019D8
cmpAF50029DF3CF90F841F724FE706C3ECD,{C8AB4111-8203-58C8-805E-6D5E8F555B1E},dir3042FAB6E6F19F9DE7D2272A9F3F712E,256,,filE25576C7FCA70F44014E64B50564B0FB
cmpEF584B5F6A5C563046BED5E6D4588500,{B0CF6CBC-33EC-51AC-BA72-9D4D639D6205},dir3042FAB6E6F19F9DE7D2272A9F3F712E,256,,fil0DFB842DC81CB7177390C015F7CF2E94
cmp80D9A651138ADA9164E71FCF761628DF,{05720072-838E-5647-9B5E-9CD197075382},dir3042FAB6E6F19F9DE7D2272A9F3F712E,256,,fil6B10AD61A7C59632B39DC1CD72A84ACC
cmp665396346B30911625EE15C46611500F,{A8EC0BE0-B564-5761-9DCB-912F7CD9206B},dir3042FAB6E6F19F9DE7D2272A9F3F712E,256,,fil0B4D0557EA66C7AEB66A67B4E3EAE74B
cmp65CAD9BACE07C1F0AD0CF2424665A187,{9D400A32-AB91-5478-A47C-2F23EDC16B2F},dir3042FAB6E6F19F9DE7D2272A9F3F712E,256,,fil73BAF9D14EBA5AD176D06372159BB6AF
cmp8C6A33E71E8068BBD51E4F4D9679BC63,{171C1931-6443-5E8A-B2C0-3A73D4CBCBEC},dir3042FAB6E6F19F9DE7D2272A9F3F712E,256,,filBF15201352D49DAB582C3538DA21F460
cmpDD06C03893D2E0D9C6C8F85D4C3B9FC0,{EC744B15-2E0C-5D6A-9AF1-F5EF0EC4F558},dir3042FAB6E6F19F9DE7D2272A9F3F712E,256,,filB1603BB2052C2A86CE3800216F4B1285
cmpD6690277F29AAFD4E17D81760DA7A195,{6DA56911-A7C9-5AFA-8094-121A88252B54},dir3042FAB6E6F19F9DE7D2272A9F3F712E,256,,filFAB3740972D2E553B73C05AE105FF75B
cmp4A321B30AE4C287FF2E487F2F73B8CCB,{7617245A-1996-5BC1-8151-3510B752B0D6},dir3042FAB6E6F19F9DE7D2272A9F3F712E,256,,fil803FE86F591D8AB26D941B188DF76243
cmpEB0F42DE002BA66C887181BEA6BA3932,{4AB13926-6DF6-577E-891C-5E4FAB2356E9},dirB2712EE615300B8F255115251CC5454E,256,,filCC0C93CC1B6989DA4F93ECD03E9B16AE
cmp0690744B77C4750EA3DBCF06ED9FDC88,{B43F3A25-860E-558B-8244-8B2B8EF706B8},dir224499376B318AB04824575C12EE31D1,256,,fil39127E5A9ADF74A73838FCF274289B6C
cmp4BF900CFAB459E2F4AA83183A3FC62A9,{4DE221EC-5BB9-5F86-AD60-7D6631A63B51},dir224499376B318AB04824575C12EE31D1,256,,fil82CC742CEDC21C07BA9BC39C3E3967AD
cmp98DB76C7546746EA34133ACB3ECDFC64,{A37D200F-B49E-55F4-88A8-CF8F468D2EB0},dir224499376B318AB04824575C12EE31D1,256,,fil2DD3A8000B72E0056EBB3C1551F8EAED
cmp72D95EE607B97236580B12EA86145ACB,{B36AA08F-69A8-5632-B06E-C28CB97CBDD7},dir224499376B318AB04824575C12EE31D1,256,,fil249968D8A7BA5121E9C9E4AED85A3DC0
cmpC8D409ACAFBD9D7CE9DCBB254CC98914,{D3D294F5-3800-557C-9693-FB338B024A7E},dir224499376B318AB04824575C12EE31D1,256,,filCE9044D83D5CDBAB48FE583115F460BD
cmp25E596F9F306A43341AFAECD764AF924,{5C5B3986-C1ED-5B47-B762-05B0716CC968},dir224499376B318AB04824575C12EE31D1,256,,fil0079E3272F20739627A9100DA7C686CF
cmpF29C0F3411FB2D37AE2DEF104E928C7C,{B1122A0D-CFDB-5095-B202-61C5FFA176B9},dir224499376B318AB04824575C12EE31D1,256,,fil7A1E4CF37DA81AF03EBE52D65924A120
cmp41658AE91CE50946CE6D29F586B0B613,{5AA970F8-AA5E-547B-910B-6A6B61B4F0FA},dir224499376B318AB04824575C12EE31D1,256,,filA6E036BAB7911BBF9386C0FCDE8259B4
cmpE21679B1B96B5D423894C0BE4C7F91E2,{96D652D7-4AB5-53D4-B670-9FF891035979},dir224499376B318AB04824575C12EE31D1,256,,fil5E6AE7360ABB6D80064D5B361FA8D600
cmpDDB11587DC69C3E7BE30061D2FA79317,{9C58F529-3852-5118-9D29-358EB8058C00},dir224499376B318AB04824575C12EE31D1,256,,fil69019665C4E9C1F77DEAFC39AC686B4A
cmpB360ECC9809BA9F89A2669FF9D366AF6,{ED6BDA82-5CA8-5C79-8E6D-FB0FDEC4EEF0},dir224499376B318AB04824575C12EE31D1,256,,fil4B7DB5434E73ED670F57552D4FCE8775
cmp6EFAB872066649CDDCD4CD0FC4DB3303,{E3007D3F-C7A5-5A46-8AA3-9912CF2CE387},dir224499376B318AB04824575C12EE31D1,256,,fil0BFA4DE2FCE8A9A0C9F7C4790D4462EC
cmpC5FA6D06660AD8918C2730CD572E23F2,{46720EB9-DB1E-5185-8A22-E48CCBD35C78},dir55151D3FACFD228CFB295E787ADE77BE,256,,filA216B01D17804BDC2CE94E222A1A3720
cmpC9736FFAF5D445636EC622CBF38C57FF,{410F0383-FC6D-5AE5-B50A-57553CFEB61A},dir99603C086CDC3769A549814EFB662D8E,256,,fil70A1DAFEC262F4665424DD9B628375AF
cmp8AFE4CA7DEB79EB551FC7A7E7D3667B8,{9303BF67-3098-547C-9677-A9B381262644},dir99603C086CDC3769A549814EFB662D8E,256,,fil137775201CF3CA05F94CAA62AC6AC8F1
cmpB8486F0CCBF0716E539AC1A5F4411235,{216397FC-6370-5420-A723-C592AC68B2F2},dir99603C086CDC3769A549814EFB662D8E,256,,filC2BFE53A0555113FB1B885225A39919E
cmp7C2D74B5D6589A6B92A5084FF70E0D55,{99C374D1-11E2-5351-B4F2-3BD34EC7BDC9},dir99603C086CDC3769A549814EFB662D8E,256,,filB7EAF71DD46182323FA49B13D859949E
cmp20932A665D43A13C30EAD484A5A87A48,{FEFE54DA-B8E6-56B7-98DE-71F7DA5C7322},dir99603C086CDC3769A549814EFB662D8E,256,,fil2D31DECE9159508505E8EBF350F28586
cmpCA368AAFF215641A3F5EDB990BE35499,{4F701B36-5704-5E98-BBDC-742F90D373D2},dir99603C086CDC3769A549814EFB662D8E,256,,fil9536104374D54DA95242D6BCDC1B11B8
cmp197F3DA917A6B8565014757FE75143C8,{F496315F-1E8C-544E-A049-0C2B05932998},dir99603C086CDC3769A549814EFB662D8E,256,,filF8D6BAD87153BFA3884AEAF5F58A1BBC
cmpF34C76C556B0CDEB80D04840925F2553,{F36EEE38-C022-5187-9AC1-5A00AA3A5A71},dir99603C086CDC3769A549814EFB662D8E,256,,fil41EA136DB08A268214E06CB13F850D5B
cmp1A9C5558CF7647D18789C8AB5708A199,{EFC46DD8-5002-5E5B-9F9C-E74A6F0B160F},dir99603C086CDC3769A549814EFB662D8E,256,,fil28A017E0A759BDA72B40C1E87CA57DFF
cmp8131ACF59336961D7C2B6D96E4DA8E99,{96562993-BB99-5DAA-883E-5A6E156EABE2},dir99603C086CDC3769A549814EFB662D8E,256,,filC847CA2887543D0A4DE741815D505D3B
cmpDE9E0C07CA6333DD27ED60726280ED6F,{1C0A1468-B63B-5C70-8F42-F06AA4EBA785},dir99603C086CDC3769A549814EFB662D8E,256,,fil48955C600D72F82A7016A0BCB3DECFAB
cmpEEEC726FAA16F5173804BAF6DD254F22,{F49D0E12-72B9-5A41-8826-3FCCA2A112A8},dir99603C086CDC3769A549814EFB662D8E,256,,fil90B843F165D328449F1ACF7265E444F6
cmp1A4C2B9E85E5595E4D0DA93B5CAEA822,{A8587F23-9C80-555E-9F2C-EA821F010689},dirA6385B9FEA49E609E6092D67109FD25C,256,,fil4A6D6BBDE88057BE6CE67FC50B098D95
cmp9E2D71E8B31392AF2747159A640EB925,{E8AC21A4-4B7D-5E63-ADAB-A63F67BDA813},dirA6385B9FEA49E609E6092D67109FD25C,256,,fil6D1294181724839A2198C0EB256D7A44
cmp5B30ED1E640A525C2F53A99BC5133CB9,{113A3C4A-5E55-5AEF-9AAE-C247EFE7C216},dirA6385B9FEA49E609E6092D67109FD25C,256,,fil11BC393FE60D8FA6082CC433497C97AC
cmp81C471FB43FF9B5D49FBD470575D4CAA,{73ED9E21-C59B-51DE-8138-360E1E4F31DE},dirA6385B9FEA49E609E6092D67109FD25C,256,,fil56FB93BCB72A48EB826DFBC9500337C0
cmpEFECC382D556D59187FC38993A21E0F8,{36EE4E29-2DC4-5FF1-B53B-DFF208ACC7BC},dir2D7EC784FC5E4205ED2A3A43EAFEEFB4,256,,fil45F0102972A1684CBB13A0A011958416
cmp0C675B6AC5ACEC13270BCC6157233A7E,{39876DC0-0176-5974-80B7-7870BC251279},dir2D7EC784FC5E4205ED2A3A43EAFEEFB4,256,,fil74D0A4829826407C923A50F53AAA2193
cmp6B85E6658606D0A06B7E3C882114D30F,{2A61AEFD-EB84-5E7E-AB8A-2412459BBC8E},dir2D7EC784FC5E4205ED2A3A43EAFEEFB4,256,,fil7548FE264D5A50B11D8F9CC8AADF7568
cmp85418381A4F6C1D7212FCF80F3B9540B,{E0A38B8A-4C43-541A-A1A1-D8C88DBA012F},dir2D7EC784FC5E4205ED2A3A43EAFEEFB4,256,,filACD15CCC303B7AE12F696704C3AC50EF
cmp301DBA245CC0820C503EC7B7BB09D511,{22789F82-9D12-5446-BEBA-1C1FF73A5AF8},dir2D7EC784FC5E4205ED2A3A43EAFEEFB4,256,,fil8BA489138A294A0BC9B67E64800675B5
cmpAB462FF702FFECFD88A120CC562DED3E,{87270E15-6328-5EA5-BEC6-B63FDDC8392A},dir2D7EC784FC5E4205ED2A3A43EAFEEFB4,256,,fil9E295A168447CA204CA8045C91484893
cmp67EF6CDF77D0118C78C9DF6D3B1A26A1,{438B8C4C-D8AF-580C-974A-0705FF350F90},dir2D7EC784FC5E4205ED2A3A43EAFEEFB4,256,,fil1D87BEF774B5A0E9C031070425E87DB8
cmp5364AA061C311188AC39D15E30E0ACB8,{8C78AA0A-7486-5C25-B59E-4098A8A42913},dir2D7EC784FC5E4205ED2A3A43EAFEEFB4,256,,filA1E008F55E52E8AAB64E3978813984E5
cmp2377426A8229B2393A2B3A1DD3ACB176,{7CC00DF3-D2C8-5064-AED9-63215C0B627D},dir2D7EC784FC5E4205ED2A3A43EAFEEFB4,256,,fil269D343F72F4B14A0EC859D1EEA477FC
cmpE167467F730E425E7CE26C486DA0A4B9,{7CED8BF9-BC49-523A-99C3-290A49E91403},dir2D7EC784FC5E4205ED2A3A43EAFEEFB4,256,,filFBF2C289D091BC2FBEA4B00A8B3C53A3
cmpB24FD87D9B1BC1157E225B1B8A49C584,{0B5052D7-D0FB-58B5-A9FF-C446336C07F4},dir2D7EC784FC5E4205ED2A3A43EAFEEFB4,256,,fil4BDCA6D92A6CF0E01935452E45C58A5C
cmp66AB3E36CE8E1B0DF33F0C19038E4911,{B1ECA8C7-0054-55E0-969C-44854514732D},dir2D7EC784FC5E4205ED2A3A43EAFEEFB4,256,,fil1CA8A68EE4D70E8FD5301481B4D950C4
cmp1D7C91D846248AE021A9E378984BCFE2,{0767A442-D32B-507F-AD28-179002399E8B},dirD245ECC564FD532570A883BAE36A8D83,256,,fil23F5C94C2A618B6D8E60FA509494EC04
cmpD092A6707765F3FDFE695041A7D88E58,{7CFB5D88-9D66-5FF3-BB0D-902A0CE3F685},dirD245ECC564FD532570A883BAE36A8D83,256,,filB9335DEE13F2516243FE2F8F640CBDF1
cmp8C965D6972CC94AFC653B31A34A42D7A,{0B0C0D41-8657-5E44-B24B-F3A31F362C55},dirD245ECC564FD532570A883BAE36A8D83,256,,fil1B56EBA53853EBB09FF34D6B58FFAC79
cmp719BEAB1AE3BC9C49304566FDEEF9D11,{61CD0068-D981-5CAA-BD2F-947545D8EFBF},dirD245ECC564FD532570A883BAE36A8D83,256,,filB9A661B32C7E66D30CF5A5227FBDF83A
cmp6DD42DD6A03DF59FB331C9BFC9EEDE29,{CF2DCAA0-D837-5AB9-BC80-C170EF30D309},dirD245ECC564FD532570A883BAE36A8D83,256,,fil28C5864AE6774057A4EA63436C017158
cmp285E842296DD3C3E9747E10F0D07BF73,{2E6CF9BA-57D2-55CF-AAD5-DCAE24E9513E},dirD245ECC564FD532570A883BAE36A8D83,256,,fil4EF5AEE7BEC3ECFC96BDFCB53B465A5D
cmp227E0AC9469DC4D4428E6E12212B6C79,{8F8B3156-480A-5490-8466-11ED9AF9C256},dirD245ECC564FD532570A883BAE36A8D83,256,,fil18568DED70304B2F83DC7CED8CF93AC0
cmpCF8719FDA8D7E0D15C8591D37E3FE099,{D16C33B0-E823-55F6-BA55-BEE55EE24106},dirD245ECC564FD532570A883BAE36A8D83,256,,filC5C8BFB3A3BB1DA2D842F02CDE582D34
cmp526D0629B36E3050DB47261AC1D3422F,{CED15284-4B27-570C-8876-D536230C69F3},dirD245ECC564FD532570A883BAE36A8D83,256,,filD76CF3E39B7C14FA72D6DEF7DD5A77F0
cmp405B26FD04D64E894F785F0DE4001CE8,{37BEF9A3-4509-584F-B5E4-3E92EC50CB55},dirD245ECC564FD532570A883BAE36A8D83,256,,fil3450698A35C6FB6EA20C86210A922C1A
cmp256F33C7E1964C96F00BAC8D203D4F3A,{7F366719-F8D9-5639-90ED-E6F02C428C86},dirD245ECC564FD532570A883BAE36A8D83,256,,fil9DC208ACDBC55CE53B26A7E452712478
cmp05B909BEA93FAD7C1A63576A587A44F8,{FD8C26BF-88E4-53FD-B61E-9E4602ECF343},dirD245ECC564FD532570A883BAE36A8D83,256,,filF49F6DC98B3302E16F810FBEBC4BB16E
cmp7F136C4735F2AEEB9FBA0F4C29271BA7,{0A536E31-F012-52A6-AE4B-F2A0B7AF7E16},dirEF5E5349643356FE2EC4142D753EB27E,256,,fil3FCB66B6CA562A24AFBA2D3653824BCC
cmpB7A6B4A7BBDA12FBDD1D2EBEFD724EB9,{D229FAA1-2F80-5B4D-A0D5-A9F1AD28D911},dirEF5E5349643356FE2EC4142D753EB27E,256,,filC707064C6977DD29E89841CD73AC08E5
cmp4E775E78B4983E661C2E23A578D6F3F1,{7D637C9A-D544-533D-B104-01EEE2A01D9B},dirEF5E5349643356FE2EC4142D753EB27E,256,,fil91C528C3B7EEADCCA663B24FEF8C6861
cmp7FCB3C7DC7523FBD51C2E13836018B77,{3639DAAC-27DE-5BB3-95D9-8E6D8194D5DD},dirEF5E5349643356FE2EC4142D753EB27E,256,,fil3BA169CA8CEBCA346A43C8515C4D7677
cmp7A5EF434601D9F04BDE3AB860C8B763D,{CAF51471-6505-5E27-9916-88F4CE1DB462},dirEF5E5349643356FE2EC4142D753EB27E,256,,filD7B40956BFB10A24133D5A95ABC20938
cmp3667C6AB4619A937BC5394015024C6AF,{3834DAFA-50C9-5C49-8561-31ED25DEBA88},dirEF5E5349643356FE2EC4142D753EB27E,256,,fil3E293E62BE88429C32CD989BC7C56FDB
cmp15DE6E9A1D5183117100DB219075E0E4,{50F481A0-FD4B-5031-A0FD-08204778BEBD},dirEF5E5349643356FE2EC4142D753EB27E,256,,fil77F6B882E47E1A62D780686A84165FBF
cmp5E73B1F2A2877D6AF451D6CBF7395E98,{F596FF3C-F6A2-5528-8461-A58CF77C08F9},dirEF5E5349643356FE2EC4142D753EB27E,256,,filE6FEF5CB9C7F0D111958813720002D10
cmp0924FBB7807C2D7D07F5F36C535E3908,{AC0E70A6-FD0E-51EF-9E8E-BE1005A9E641},dirEF5E5349643356FE2EC4142D753EB27E,256,,fil79BC391B10E73180B7D670E633860680
cmp6460D9F5EF3450FF36957B23AC364DC9,{499F8F7E-3CDB-5EEF-B133-71D9127D1DA3},dirEF5E5349643356FE2EC4142D753EB27E,256,,fil00BA2AA7BE188CFB6C5BB8B3564F8DD0
cmp939808EEB5B1A0B9578E6729AEC5BC42,{4593DA5F-B4DF-5824-8601-838D7EBE1A34},dirEF5E5349643356FE2EC4142D753EB27E,256,,filC5ACB4A6F36E5003676425003EF66339
cmp2B8EE8B14EB1CDBF98F4510395EB4206,{1D075B12-945D-50AB-9E69-C92CB169E214},dirEF5E5349643356FE2EC4142D753EB27E,256,,fil021A19067EF5F036F472512E553C7B20
cmpD7C82A2212583CB9139EEECD61C6CA50,{7792944A-B8E5-5E1F-BF62-91AD81B10905},dir2EEDE98763597708F6FC5EE043A86AFF,256,,fil03A39A9EA18866CDFF17762193241443
cmpBBF853EFAA963EE224891AC722145B4A,{F986DDA4-D7DE-586F-9EE9-829AA734F45E},dir2EEDE98763597708F6FC5EE043A86AFF,256,,filEA0B1B552AA62E3E594DC2FEDF36D08C
cmp39F8D9DBBE2D26286F112643429AB758,{A80544AA-296E-5C43-AA32-B8273BB4B395},dir2EEDE98763597708F6FC5EE043A86AFF,256,,fil03C964D6C827CF5426F2323F09CCDD22
cmpABAFE931C433D7EF6E4B18050C23AA52,{01EF5873-7025-53BF-A8C3-A6C815900814},dir2EEDE98763597708F6FC5EE043A86AFF,256,,filA6F8FB7075C8D8F2F6F68644C4FDD156
cmp29FF7575EF13D785C50768163C2836D0,{1F83F031-E77E-58D9-B6C7-56A214B56D8C},dir2EEDE98763597708F6FC5EE043A86AFF,256,,filB637BE94A8CF44625984610E952DC724
cmp52036DAC1D840C0F0EE6603A24E92D5C,{B00A8BB5-B0BD-5224-A5AD-309A0E0712F1},dir2EEDE98763597708F6FC5EE043A86AFF,256,,fil4CCA29E93EBE34078D051E142807E219
cmpE098AEDF153BA43E422ACC75389D789B,{91A0B373-DAB2-5709-B6D1-F5A4F8275938},dir2EEDE98763597708F6FC5EE043A86AFF,256,,filDC4442A60EFF1C5FDD4213053954F541
cmp265D71C8E3185DABF97246BBBDAB178C,{355E5A2F-4812-57E7-8828-601EB8A1F2AB},dir2EEDE98763597708F6FC5EE043A86AFF,256,,filF0E0DE2A1997F08A82B59D4394A6D854
cmpB5BABB690F6C61A9954DFF155F1755AF,{04EF0C6E-FF41-5BD0-A371-4A588B72D894},dir2EEDE98763597708F6FC5EE043A86AFF,256,,fil9B211B67355EF4355791A3E093961BC8
cmpADCCEB2BF568A9EC6AFF547E1F003BDB,{2EA48EC3-7FC2-57E4-9697-D280FF230EF2},dir2EEDE98763597708F6FC5EE043A86AFF,256,,fil47B86A01097EACA76855C51E194D3AA1
cmpC1D5B9C069B5820AD8989BA07117EF13,{F33E1AFC-F3D3-5A03-BA83-07C59B05856C},dir2EEDE98763597708F6FC5EE043A86AFF,256,,filD216FD2FD917CAC3837BB31AA2DBB190
cmpAE9A4A1646FE75D2A7F33A465943BD01,{74113A30-F638-543A-A916-9ABDFE30DA4C},dir2EEDE98763597708F6FC5EE043A86AFF,256,,fil36A17431814F6B7F2805FC6F6C0E5E41
cmp6DB1DA95E3653EA60CDBE89CF9CBEB56,{9B92A083-0D38-5BED-B157-702A4D95CC80},dir19C923550EE6A5D8D9018558F0C28BDE,256,,filCC2CF69030F04E5D438C0DD50946024D
cmp3E8B796000B2F7C5254F16BED2CFDCE3,{A10A59CF-8D50-5E61-BBCF-E6084060346D},dir19C923550EE6A5D8D9018558F0C28BDE,256,,fil51AC0FAC20F2C834687455E4F537DC4B
cmpE7DEB9C0B1EED683F546774DA596E048,{0CFD8475-218F-5D0D-BEF4-0E120CC04889},dir19C923550EE6A5D8D9018558F0C28BDE,256,,filA8037C7147DD4B75A479AE1D9A7B9AA1
cmp2A8FD3C1513986446781325C48EC1B4C,{C7C9EFEE-B37D-5B1E-B64F-F73FDED4320D},dir19C923550EE6A5D8D9018558F0C28BDE,256,,fil0B1F7D1D4EF50CA487167A4A6D70075C
cmpCBFE8EB2C2F12BE276CB17570DBAFDBA,{B5EC5AC5-A1A0-57B9-B42D-23C0A44C43B3},dir19C923550EE6A5D8D9018558F0C28BDE,256,,fil708074B22539450B402D13108546C2EB
cmpB86915A0D06E094A895B2978027F8E99,{31EAB883-5A32-59ED-A76B-B06C031E9A9E},dir19C923550EE6A5D8D9018558F0C28BDE,256,,fil5F366BCC83964572C72C28BF9B4E5AE1
cmp62A4F606D09AD11DC5243CFBA2E99FE3,{87C3A48B-1DF4-526F-A554-687AFF8BD35C},dir19C923550EE6A5D8D9018558F0C28BDE,256,,fil10AE490242D83A7D83FF0EE02EEA7B88
cmpBF1F13B9BED066FF01ADE2BCF36640FB,{037B317D-D7DB-577C-8987-6AC4C6F9E7FE},dir19C923550EE6A5D8D9018558F0C28BDE,256,,fil9BE543F12BFCEAABB6C5D707B3D4F2D7
cmpFD218911521ADCB6E39DE0D9B0895E8F,{7DD36B12-9362-5578-86EA-121E87B4851D},dir19C923550EE6A5D8D9018558F0C28BDE,256,,fil1DB5AE263D7A4F2493A6E66275928AA8
cmp6B04462BD0F5C05608667D0B73594E49,{B6D96CCB-3CDC-564D-8836-4835C7E284E9},dir19C923550EE6A5D8D9018558F0C28BDE,256,,filE547687CA9544D91C1FA58DF38AE32D1
cmp674A76D508AFC65759CC5E0E6CFC4C79,{4C1A6C49-192D-5249-B1C9-FBB86CAB1724},dir19C923550EE6A5D8D9018558F0C28BDE,256,,filCD7CA66ECB345C6000508CA6C2DC5314
cmp513FE9230E93DFB9D896712F5B15CD0B,{62F56BF3-04AC-5EF0-B50E-944F4DD33D26},dir19C923550EE6A5D8D9018558F0C28BDE,256,,fil198FCAECCFC204E96919002259E592CF
cmpF4E2CCE07C63E5B5E1B98CAE1F616D41,{CF2498D1-B156-5D62-9026-EDBD8603E1BE},dir21430664B4DA629FADAF739DBD913BE6,256,,fil944E1E70EA24CB0B06909FBCA2077555
cmpA8195BE0CB54AF05E19D94E16F56A1F4,{C0AD6378-7661-59C6-A6A7-AEEB61B1DBAE},dir21430664B4DA629FADAF739DBD913BE6,256,,fil11031BCF80FA1BD91BF7C4FE3FA9062D
cmpE53E0A272B6BC9FAFF3A10B44176D2F8,{8D16E977-EE7D-5363-9B39-6FC46439DBBA},dir21430664B4DA629FADAF739DBD913BE6,256,,fil568C2BB3145B345FC4D13AF48EE6CFD5
cmpB8F497C39186D6654A852985B385D631,{7A6B7526-75AE-52D1-895D-2074570BA66E},dir21430664B4DA629FADAF739DBD913BE6,256,,filA9388D2080263CF3E06C238AD6C793A1
cmp84326408AE6244109CD7EAFB649901F0,{71712F5D-8FA9-58FD-B75E-C37F068F457A},dir21430664B4DA629FADAF739DBD913BE6,256,,filA0FC9554D0E133CC3F7B810DB5FFF343
cmp153E1C269455DE01676D7296BC39BA80,{3A79F79B-D93E-50E2-B95D-E653B5672D37},dir21430664B4DA629FADAF739DBD913BE6,256,,fil962BA29D5C7DBC61ECFB3E4BE03A6F93
cmp069588C390BC06A21D9AD15292F515B8,{24D3C5E7-279C-5CAF-8341-A7F4267E83C3},dir21430664B4DA629FADAF739DBD913BE6,256,,fil113A90BBAC0C5F32A5262CD29D48A3BF
cmp65BC78314E8534254941ED635E12B9CA,{91230ED7-E733-56C7-8FD2-92BB72519B7E},dir21430664B4DA629FADAF739DBD913BE6,256,,fil5C2F193A8C2DB51F79310A24114C4D73
cmpD42D09A58520E661E6D71D1F4BAF8750,{DC4431A6-08F3-57B0-ABAC-1EFC04AD7077},dir21430664B4DA629FADAF739DBD913BE6,256,,fil91BA3D1350B61DC8E98B6BD0BD2742EA
cmp14E77C2C2579FA06623B41E35A5297A7,{556A5839-608A-5821-BBCA-4CB786EA4900},dir21430664B4DA629FADAF739DBD913BE6,256,,fil1C703A01FBFDAAB5386DA3CB44210D38
cmp9E83B40242235D565AAA34DCCEB9A215,{31E65212-FD34-5456-AE59-216E1C5688EE},dir21430664B4DA629FADAF739DBD913BE6,256,,fil466459DC637B3B54BDAD0348F9C19B99
cmp2487D29E669C530913EE313548E94787,{9F3F13C1-2251-5AFB-A3A7-E109D0B36861},dir21430664B4DA629FADAF739DBD913BE6,256,,filB644A86B066D063E24AA386FDF0F0822
cmp2E374BF32476D3342B3B3EE57FEAD962,{6C13CC85-0A5F-5208-9BE3-77C085D9B314},dir56CA3816C2419E54DCD57A59CDFE02CA,256,,filACB542E6BA1B54B8F8929711E59C76CF
cmp88C81AC62198B802E74ECD614296B359,{B1B7DBAA-4882-5A9C-AB0E-99E363240FA7},dir56CA3816C2419E54DCD57A59CDFE02CA,256,,fil43A02C205CED07FBF0504FBB4D5E6344
cmpA24908E580470455BFAB8AFA32F7F886,{9B61FD03-AF6E-5650-99D4-2BEA2964B621},dir56CA3816C2419E54DCD57A59CDFE02CA,256,,fil1FC48B0DF8D3E2775B9F0381D0B89383
cmp8F1FBDE0711DDCC4B90C843E1E37F9A8,{C8BFD1A6-61C1-5F3B-8B53-696CFE066866},dir56CA3816C2419E54DCD57A59CDFE02CA,256,,filAA4F1B41A941639DD5B361F67699B250
cmp3A29BAE8054B2290AAD5148547E08BD4,{81CADE44-7A56-5D29-83B4-EEFE4AA484D3},dir56CA3816C2419E54DCD57A59CDFE02CA,256,,filE25B8DAC2D331509C89FE675629104C9
cmp5EA10E1A2AA39192B295E06D590C4A82,{003319BE-6B84-57B8-960A-AD849A817A71},dir56CA3816C2419E54DCD57A59CDFE02CA,256,,fil16574B159B1B3E110671C7DC3FD47525
cmp46BCA9622ABC6E0C0A760AAF6E1D42CD,{A7614E8C-9223-5008-BCF1-09A2C36ED001},dir56CA3816C2419E54DCD57A59CDFE02CA,256,,fil045835A8914EE1304A65C7378194D7D5
cmp39FEC122B799DFB2601A5EDDFFEC6724,{5E0C01F4-60A1-5F66-9AB2-CDECE8C40188},dir56CA3816C2419E54DCD57A59CDFE02CA,256,,filA32F65B05C63954D1A635F90D727FD11
cmp3D804DB498DDA477104BAAC3B7523A39,{B4C9C52B-73A5-5E65-AC17-52BD25690330},dir56CA3816C2419E54DCD57A59CDFE02CA,256,,fil3A7E94405ADA878E7233225D863E3B7A
cmp6005B075B7C28E3F661DF05E6D6179AA,{36C42F29-04F3-58A9-8C44-6AEC9838605D},dir56CA3816C2419E54DCD57A59CDFE02CA,256,,filA1F199566A9E6CA8B1FA51106F7C07EE
cmpB01820E58A4C9F06AEB73D6D5D355BA3,{D9ECC3B1-74B0-57EB-9AE9-A438567AEE1A},dir56CA3816C2419E54DCD57A59CDFE02CA,256,,fil6886E53867CB65EB2A10C9DBF03E6978
cmp9E474EE7647C81920B868CBB5191C400,{474F83C0-AAE2-5EE8-AB5E-99B0C091DBEE},dir56CA3816C2419E54DCD57A59CDFE02CA,256,,filC4AA9D5B71B293C164A13A697150F62F
cmp72A571AC917AC757E5C8C29FC62B5922,{92678385-544E-5999-A704-C346AB4868AA},dirF8D0B390F20C3D2009FD6AB883A16B88,256,,fil7F4EA4CA1E6EDBF6DC10F5B8BEF7D142
cmp47CBA7166D18E575BD5FA3E952791112,{E87627D8-77AB-5FE7-A83B-CAB8138EFD00},dirF8D0B390F20C3D2009FD6AB883A16B88,256,,fil8CA7DCBCF4091DD03CE45ADFEBD75673
cmpA76FB2122FAAB553D92316B59A221898,{6A8CBBFB-D264-58EE-B426-8CAD66814920},dirF8D0B390F20C3D2009FD6AB883A16B88,256,,fil92569392D9D168B3E373FF983BF430F9
cmp9ED4C8AD6CA33D37B005BFABEA107AFF,{B9C9F2B3-8FB4-5754-B9C2-B378F06A77CE},dirF8D0B390F20C3D2009FD6AB883A16B88,256,,fil751F3AAD0419F2792E55098015DAA795
cmp223A765AF63B0D4322D7D5FCE6B23FB2,{97AC2B0A-BEC7-5206-819D-D29B75F3A7B8},dirF8D0B390F20C3D2009FD6AB883A16B88,256,,filBF91B04352B13298D706104F98AE6C7B
cmp2FD95E67892F99DD44482886B407F571,{55D26990-9FE2-5AC1-AF59-E1FD7B0037BB},dirF8D0B390F20C3D2009FD6AB883A16B88,256,,filF09627D4F5A60A9E0DC4AA6F13062FA4
cmp22023871DBF0F303BA1A6F4D3C3D614C,{41882890-0D88-5CC2-884B-E2F5B36D5FEA},dirF8D0B390F20C3D2009FD6AB883A16B88,256,,filFD00693796ACB1B1CF7C2437DB4BC5D8
cmp2F5BD3971E09F572FECA494EA493F2E4,{F02FB6A3-0072-5B50-B4F8-BE4A8BD4D3EA},dirF8D0B390F20C3D2009FD6AB883A16B88,256,,fil2D7512DC20A6B535B3BD8445260DEDEC
cmpF39A8D2396FAFB863002628335774896,{E842B59A-187E-54ED-BF86-E334B68AF32F},dirF8D0B390F20C3D2009FD6AB883A16B88,256,,filC17CEA31D82144A1C870964625B63D48
cmp7BD01BE6F52E5AC2B9D78A3A2AA5575F,{09DB93F9-7FB5-55FD-BA6A-83939F15E1B7},dirF8D0B390F20C3D2009FD6AB883A16B88,256,,filC8C53CC397013023AC92A5B94E3B8ECF
cmp6F74B75B69A5718E84BC55C3F7691BFF,{432D16F0-B3E1-5569-AC35-B3BEC06A4D77},dirF8D0B390F20C3D2009FD6AB883A16B88,256,,filED509394D5EC5591EA98D16E41B3F47D
cmp61B7D72884C9D55D0D80F6202134B814,{007BE967-8E6C-517E-9909-6A721CA1DE6E},dirF8D0B390F20C3D2009FD6AB883A16B88,256,,fil8508E5D90F1B4B7D0084DED724D6AB6E
cmpF0E6AB8A70C30FD97A68BED30D49B79B,{A73DF77B-1046-5E9E-BACB-AFF60CE42D7E},dir6AB2F32DD338C864142A6579D2DAA637,256,,filA4FE3EF8EC3B77D0B1AE90E36AA0E378
cmpEEE06C783D544634E8764096CAC4D98D,{2BFB26AA-D5DB-5A97-A28E-2099EF4043F7},dir6AB2F32DD338C864142A6579D2DAA637,256,,filDBA6D3A31C6C8E61FF85480C71D368A3
cmpD58A65757BA439428AA87D488F32A059,{D0BC9838-5BCD-57EC-8040-4C7BACE48B60},dir6AB2F32DD338C864142A6579D2DAA637,256,,filBDA3DAF73E3D9FA9CA45A88C13C11DFF
cmp42159235979E73F0D561B33EDC15AB3E,{A1AE3ADA-ABB7-5F43-9FF4-985BB9C8B171},dir6AB2F32DD338C864142A6579D2DAA637,256,,filAD6651A35021E1AB34D56E2CEBBD5DA0
cmpED119335ECD6645D4CFC7910A85DBCEF,{77405697-BD34-554D-8391-36062FCA83F7},dir6AB2F32DD338C864142A6579D2DAA637,256,,filBDFCB90D4C21177C5298ED36FD6B5853
cmpA3F8BC7A4A86439966166CE9263DFDE7,{908930DE-C756-5A1D-A450-37FCBFB79D96},dir6AB2F32DD338C864142A6579D2DAA637,256,,filC1235E9A6064BAE4057BBEA7E13D894B
cmp25677F9C25122FF7F20AA80DCE9656C2,{E36AFD81-C068-59E5-B6B6-A17D8A9756C0},dir6AB2F32DD338C864142A6579D2DAA637,256,,fil1B22BACC1635CCF9D19F5C5CCCB2FC03
cmp6ECEC9331626D867B6141266BE1E5451,{ACE02C96-987C-5961-B6EC-E1CE3529F825},dir6AB2F32DD338C864142A6579D2DAA637,256,,fil0D219C1581B8B2C4C7A489B78A6F5572
cmp75612AC6167196F11E1B701E1E176609,{59DA78D0-0E89-53A1-9B5F-F8D20A349941},dir6AB2F32DD338C864142A6579D2DAA637,256,,fil9A954273EBFF8E1B474B921EC1A11342
cmp11CB8F45D3C1111A6D06E7F496AA84DE,{EE4B545F-1DB3-5661-B02C-C69A759C0030},dir6AB2F32DD338C864142A6579D2DAA637,256,,fil38869E50B16D5645B78145CF26BC7B3F
cmpB5F7C30FB2D7D5E0D039330CFD2E552F,{15182AEE-0B6E-5A60-BD4B-7424BD4221D1},dir6AB2F32DD338C864142A6579D2DAA637,256,,fil1FE80454ABB83D62BFC34E985B305934
cmpD8BCF7A8657E5BA639BFDB6D8994C22F,{F1B57BCA-7541-5251-9C50-93AA4581698A},dir6AB2F32DD338C864142A6579D2DAA637,256,,fil6CC8ADBE1BB3A3CBEBBE32238D6DB3F8
cmp763CCE5B6ECEE54D04D75E7AD48C5EB7,{8B66F5D7-5A61-5FAC-AD0D-59E5A0807B9C},dir75756D9EED49CD15F7A5143227110711,256,,filC3E61ED50DE715847929E1A23FD4FADB
cmp8BA40ED05FF8917844F26AE1AC9534FA,{B7FC2A89-2F8E-533F-A4F1-4BB9F5BF3641},dir75756D9EED49CD15F7A5143227110711,256,,fil5FF1FDA694014445A2C1052B0293A497
cmpCF18EB132F81F07B451FFC2E6D52F5D7,{15E755F1-3A40-551E-9ECA-227374FA855E},dir75756D9EED49CD15F7A5143227110711,256,,fil4DE9B2BCEFB2E2807110D6F86516BCE4
cmpDC3B3F585BA1EC662C5D2118B75F509F,{D8BD74B7-0DCF-5678-BA8D-8201221A5AC1},dir75756D9EED49CD15F7A5143227110711,256,,fil50CA382CF3803A5297486DE14425FCDE
cmpAAD3A9DB68F414AA16310AB43E0A2D44,{7DAD5E17-CB2B-5037-B738-B6C88FB4DF5B},dir75756D9EED49CD15F7A5143227110711,256,,filC413855AAE9A9585DDCF70952407F121
cmp33010B9403816B70AF07EE089F243DE5,{42C25B66-0E12-56BA-A415-874A3CEC60D4},dir75756D9EED49CD15F7A5143227110711,256,,fil699CD332E7178C36298243433EF487CF
cmpF04605E9734845E96432205B79E52463,{1D098C49-B4C0-5721-8CB6-5394D02DCCF5},dir75756D9EED49CD15F7A5143227110711,256,,fil52157BCD89521620F83C507B910A435E
cmpFE09E90544DD24557BECAF40BAD96511,{6AACC99A-EEC4-5F61-8838-174CF6128546},dir75756D9EED49CD15F7A5143227110711,256,,fil219E02AF46A43310D061011AE98BCBC9
cmpD5E79B6ECB9266C6F3F6956DC20D7CF8,{B7127CDD-AC2C-52BF-911D-2124372E67B1},dir75756D9EED49CD15F7A5143227110711,256,,fil139EF93217A1D4B27B900FC5A7C09E96
cmpD0A986BA641EBBA373A8E125295AF0D1,{982EEBB8-C8A7-50EC-94D8-68A255209DD4},dir75756D9EED49CD15F7A5143227110711,256,,fil611C80F56FA06A756FCE48F6E771F801
cmp258EA6B28C64B07A20561C24CC55FE2F,{1924451A-7D0A-58D8-922B-CADCF1749BF5},dir75756D9EED49CD15F7A5143227110711,256,,fil34A84CB151702A8057246CB04E0D02AC
cmpE9E9B6B302C252DE6DE4F3238D3D5A81,{18056023-9A1F-5D10-A8C4-9FF6E7D8E9D2},dir75756D9EED49CD15F7A5143227110711,256,,fil141FDE840D27105236B9758ACFEE9889
cmp1A5171C8E97A4878BE547D18FC46FB31,{C71A3E0D-7FC1-58C3-B18E-3C1110EEB43F},dirDA8E630088666FE644757C9EA49BBC50,256,,fil31ED6F50516DB66667455ED402B53D94
cmpBE6526AD65F85D69D4CE7B80D2C5C7B3,{C8FD3CE8-862A-5D2E-81CE-792B61C46F81},dirDA8E630088666FE644757C9EA49BBC50,256,,filF5D9EB497A6324D0CA4FA7232133C044
cmp153626B90D7BC4776303001488808C8F,{6BCD6F66-192E-544F-8350-40EEE3588AE8},dirDA8E630088666FE644757C9EA49BBC50,256,,filD4FD6E198BBABED5D98030875952F76D
cmpF7C1CF0FA0B3417A905CF3E01A662E2A,{12D505EB-59C3-5703-BBD5-63442A3C72CC},dirDA8E630088666FE644757C9EA49BBC50,256,,fil42BD02C35C1159D509275F487A65FA76
cmp17412A2FE9535978724A699057BB3B45,{904438D6-BD14-5184-8034-72ED6E6BFD60},dirDA8E630088666FE644757C9EA49BBC50,256,,fil6252F65FF637F2B59C4758BF1CEF223D
cmp14A377AF83521F1DADF5141221CB29DB,{2043E124-7D00-5EE8-87A0-1A58CAE41E75},dirDA8E630088666FE644757C9EA49BBC50,256,,fil8DC28AF1747289FC97971234BF9198DC
cmp20BCFAE842E362DC898BD7D31BA26D9F,{9E6977F8-AC2D-5A13-9515-28C41CE8F12C},dirDA8E630088666FE644757C9EA49BBC50,256,,fil6ACE6AA9A5FCBCC687EE245CD3CEBC1C
cmpB48FD749E4A360AE4EAAB18D69A37509,{C2B05CA8-58F1-5E20-B7C3-BEA192D76DD4},dirDA8E630088666FE644757C9EA49BBC50,256,,fil55894D631FDEB3C67F122421588BE33B
cmpB44384BD0925D4DD6CC613287CB6B1F1,{7952D752-8AAA-5DF7-B18E-E4F614D87864},dirDA8E630088666FE644757C9EA49BBC50,256,,fil6088713367E7C0F67B41A0366CC92D02
cmpB3F68744193D97DC93EEF1BB1F9B0734,{8DF38F8C-DEE3-5613-8B70-415BEBA84AA1},dirDA8E630088666FE644757C9EA49BBC50,256,,fil50DD8E5BB991B498FE294A60ED8D0104
cmp9C79B332531723DD9BC3BA8B50D402C0,{8E70478A-BB56-5198-B787-83345CA6C902},dirDA8E630088666FE644757C9EA49BBC50,256,,fil229EC73B32B810067B0E41B344D9A826
cmpE85D0AEF69F733BFA540ED46A15CC3F5,{0D0B7C75-F925-5360-A404-6B9FC04F3FCF},dirDA8E630088666FE644757C9EA49BBC50,256,,fil5EDBD300FA255EC78541797F161280C2
cmpD8330511A80F7191C629B51C7B6730DC,{652D8AC7-2440-53F6-B739-2C80F9F8C869},dirBE3CDBFA38816D053269411C6993838C,256,,filD8C545D9D899435C3EB5901B5F5A2AEE
cmp4F4730C070CF6AAFCCC86B03F86BBA63,{9C527EE0-F4DC-5488-8CCF-2E95C157968A},dirBE3CDBFA38816D053269411C6993838C,256,,fil9332A29FB6B859694296063FCAC51576
cmp2872B31C662934BC6DD2AFF7F168EF9A,{B0C47EF4-280E-5E64-BF4F-63AC5CB5E89C},dirBE3CDBFA38816D053269411C6993838C,256,,fil283A86E6A0878CA974C25B881C008C79
cmpCABB6059B5BA3245700055BE4F832FE0,{1D03440C-D0B7-5FBD-993C-64D37A930A14},dirBE3CDBFA38816D053269411C6993838C,256,,filF23A49FD019760A4470C065A6C077EAF
cmpADDBD176C6FD350F96F72F2615345A31,{FDBD6E6D-D00D-5E11-8F40-7054CBFA0D07},dirBE3CDBFA38816D053269411C6993838C,256,,filD881C248E23011460EE51B6AF34D1856
cmp695983AE1E4E86116357152A2C19D9E8,{D6DBBE46-05E8-5B14-9C89-087E244E56C2},dirBE3CDBFA38816D053269411C6993838C,256,,filEF0F288513204F6B91963C20988EACD2
cmpCBF76E9205E26333199442B1138C665C,{A6AF4CE5-0EBD-522C-892C-FE3D3ED35B75},dirBE3CDBFA38816D053269411C6993838C,256,,filD7FAA13C84208A95AB3CE0CD22CDCA0F
cmp1E9FCBCB8EF3B0B41A2D360B166CE40A,{1B081F2B-0003-56CB-9DF1-ED7E1DCA276A},dirBE3CDBFA38816D053269411C6993838C,256,,filF13726955899BE15BD54AFE39A8AE412
cmpAEBCF5040B8906036EF181378F957D19,{D79FD468-E5A1-5333-9F64-60768A58A68C},dirBE3CDBFA38816D053269411C6993838C,256,,filD3A7A0ECF52B2EECCEEDFB723BE41F06
cmp52C4D26738C9C10851C0CF2D3ED0B316,{ADC3960B-4B0D-5EF4-82AB-8883D8AA9731},dirBE3CDBFA38816D053269411C6993838C,256,,fil997F9E6978E180B678C256BCE5790942
cmpD243366380638F45F4D09E3ABD516D1F,{2CC5A756-60B3-5075-8EAB-3D3BD4DB9203},dirBE3CDBFA38816D053269411C6993838C,256,,fil91150125FA0E9B48F2D47504DE75DE6F
cmp8B866D710BF275B7B0E764EAB1C074FA,{F075B89F-FB1B-55A4-B416-215F0C635D27},dirBE3CDBFA38816D053269411C6993838C,256,,filC74F626D347CED188F6128A4042B94B0
cmp384F2BDCFF41B7A9DF9FC56484D6568C,{49C3DC10-4894-5D76-A4F9-9842F7699A7B},dir3F2E61E8453AB41F904B5C9411600724,256,,fil8E5596B56A0261EAB683CF5057CAE2B3
cmp657278128EE71FB7B30A1025F5A7EBC3,{1B0BADC1-9B16-57A6-A6AB-D3939A736216},dir3F2E61E8453AB41F904B5C9411600724,256,,fil62B0F55265DF1F9C96F566758C938E23
cmp13AF271BAB4E58FA32D1CD777BEAAABE,{43A5669E-4472-574D-BC5A-0C882E04D98A},dir3F2E61E8453AB41F904B5C9411600724,256,,fil128D238459BC52E1F64935984E73A4C7
cmp9DF57F808D80E8F0BB7CE1BBAFD322AB,{F93ECBAF-7ED3-587B-BAD7-9F804DF52415},dir3F2E61E8453AB41F904B5C9411600724,256,,fil71DAFC86A1DA33002347707B3634417D
cmpC0241E20D04D354F57843460745AC3CD,{A56C0751-37E2-5E20-B990-0A9F1DB5284E},dir3F2E61E8453AB41F904B5C9411600724,256,,fil4BE17187DE3622F6E6449B4CF43C7442
cmp3A3EA9716EECBA8C7202761CCDFC01E9,{F143EE9D-E291-5B46-A771-8012D348B63E},dir3F2E61E8453AB41F904B5C9411600724,256,,fil1AC97CAD411319503A0AD9ACD22A4006
cmp94A7B2EF375263852E15C722DA3A2564,{0F1C1E84-37CA-5CA5-94E1-91AB071E676A},dir3F2E61E8453AB41F904B5C9411600724,256,,fil3F91BCB94A804A729CE6BDE04268AE2A
cmpE018BA443D52E80C33D837F796653F3F,{CDD2A820-3284-5181-A013-B66CD9C09DEA},dir3F2E61E8453AB41F904B5C9411600724,256,,filB89F5EAFD7A43B11C1FCB7FF06B8BECA
cmpEA5E27F0BD55061D894980521E253224,{7EDC58C8-9569-557E-B01A-67B0136B129A},dir3F2E61E8453AB41F904B5C9411600724,256,,filB52BE9AA4CA37E299422099562D67277
cmp50DD0E634FA7E28A7A89177A41D14BF5,{A4A9528F-18C4-5C4E-AF43-9395E7120CE8},dir3F2E61E8453AB41F904B5C9411600724,256,,filB6C9087DDBD5989EBBF6A1A7A2581297
cmp61B53862CACE7D77BEBA8BE974AA590B,{08EC832D-F54B-5896-B459-636BEA3D8FEF},dir3F2E61E8453AB41F904B5C9411600724,256,,fil6D787FDF099454D834CAB4792CEEB738
cmp761F375E3FEC10665F6BA23D08E0DFB1,{DEB55664-6E0B-5865-802A-5F4F9A36902B},dir3F2E61E8453AB41F904B5C9411600724,256,,filC6FB0E464266B9DDDBB20D9364B740E3
cmpD023466B95FE011C8CE1FB91CB27A5AF,{312241DC-9BCB-5FD4-96CD-51794B753745},dirBEC7B12B32BC3C2F8A3F3947D2BFCBB0,256,,filBE4B4EA1E53E66C7568F0C7D258882A7
cmp9C4EA05DA627BE2874528A53E8378296,{82E66ED3-8186-5E89-8D65-259334219B07},dirBEC7B12B32BC3C2F8A3F3947D2BFCBB0,256,,filBD8A42DC04BD3E7905F287458385508C
cmp502FEFD0DE6528FD3C470BEDEFC95726,{FD53B7D1-C38A-5E55-B2A1-E5CF7E2C59F6},dirBEC7B12B32BC3C2F8A3F3947D2BFCBB0,256,,fil980C4CD58973823987DFCC3171C3A2B2
cmpAC0A68E9184E16D94F1BAACFD90FBFB2,{C5F3CF07-6CD5-52A4-B54B-33F3A6273DA6},dirBEC7B12B32BC3C2F8A3F3947D2BFCBB0,256,,fil21518EDB545B105742D865B22D4AAF7F
cmp7F407E4A6592D43D33D66717921761A7,{6B6F3A77-E446-5DA6-BFC2-8A05B94F4ADF},dirBEC7B12B32BC3C2F8A3F3947D2BFCBB0,256,,filC97E658A49972F2609F86D3323E9E720
cmpD72B095D866AC0B70250146FB533DE1E,{928009DE-8D0B-5102-9CAF-160EFF403DA8},dirBEC7B12B32BC3C2F8A3F3947D2BFCBB0,256,,filE8C9862F905AB2F358822750BA0F0C51
cmpD05273CB1D66E103990F769E17B45AD8,{7F826826-AA5A-53E0-A86C-4D9EE706C376},dirBEC7B12B32BC3C2F8A3F3947D2BFCBB0,256,,filB1A5FEC190FA530C42739CAB96D2CCDD
cmp493ECA4F3489C3BAFDE8679DB4E7E314,{0C7DF078-FA52-5A36-9B9A-E69BB725B03B},dirBEC7B12B32BC3C2F8A3F3947D2BFCBB0,256,,fil008AF121968A0DDFD548A48B0DCB9A37
cmp10DB331545D2E193EF02B0468DD5A5D0,{668A0C11-4A9D-5571-A249-EA17553C432E},dirBEC7B12B32BC3C2F8A3F3947D2BFCBB0,256,,fil58B563B1E07544BB62953266919A97AE
cmp162E1C405BFA1F876F6998587EA895C8,{0869EFE3-710A-5D8B-B8E6-B936FBF0F0E2},dirBEC7B12B32BC3C2F8A3F3947D2BFCBB0,256,,filD2AEB93027F334C78398A56C7BD4D9AD
cmpC52F9B3069CC213D6865C07481EC4E6B,{0F9ADEEC-4A88-5529-A70C-0AEAF7CFAC51},dirBEC7B12B32BC3C2F8A3F3947D2BFCBB0,256,,filB3D980DABC28BB6B19034657D4DA4927
cmp8B4245DCB553FFCF104F6EEE2044F444,{C90371A3-F2F8-5921-8B4A-69DEEFC7E895},dirBEC7B12B32BC3C2F8A3F3947D2BFCBB0,256,,fil2AE0038EB037ECEA005CEE4EADE132FA
cmp20069FEB1ACA1582B34179D9DE10AEF9,{67B90461-A8F6-5E3E-A616-E01C27405EB0},dir54EBB49D5F13E9BFAEC45032CDFB8A8A,256,,fil8D31850FDFA7EADA67F1076B3BA27519
cmpD890C1FB367F2115FFF2A132CB65AB9C,{209A47CC-AFA2-5108-A0DF-F9F6C0E53F8C},dirE8E89DB8CDA4BE01D99FFF4ABE1FDF60,256,,fil22DD69CCFB5344B36669E0C54C04EEC4
cmp1E1139FB16ACFA421787DB4FC7C64627,{9F3CA801-2469-5BD2-80B0-7E217FD25BD5},dirE8E89DB8CDA4BE01D99FFF4ABE1FDF60,256,,fil6E4572456A5B47B3F0C91F6D01F461A2
cmp746011F9498ABF01114B2D69C393D33A,{C0226E49-0404-5DF8-A07B-E427A7B23790},dirE8E89DB8CDA4BE01D99FFF4ABE1FDF60,256,,filCA08FED67D770F879C84F79E534CC03F
cmpF0157DC0BFDB98E0B0CF031F69346C09,{6643504E-B7D2-5AAF-918F-751E084229A8},dirE8E89DB8CDA4BE01D99FFF4ABE1FDF60,256,,filDF670880B197DD57A15A349787C244EB
cmp92A3146B608E8859898D628F1198139F,{E0D59D24-9325-555C-A50F-648E67C9BAD5},dirE8E89DB8CDA4BE01D99FFF4ABE1FDF60,256,,filABAF7BF6E3B64F300FE019163EE9E796
cmp08E82C0EEB84834BC4FE695D4812033B,{9B4AED3C-4547-528D-BB38-67A429995A67},dirE8E89DB8CDA4BE01D99FFF4ABE1FDF60,256,,fil35644002DD032A30BA6D7738A3D5782A
cmpF1AC314C67F3A93D7F1B5A4235386F8F,{FDD26ABC-A3DB-5E16-853C-6DB274C60A4A},dirE8E89DB8CDA4BE01D99FFF4ABE1FDF60,256,,fil37C828752B51D088D28507C21A75D168
cmp6AC64AA38D2E87F350206B2E94B6EC11,{32DFEC25-2933-5DAB-8250-10505B386EC5},dirE8E89DB8CDA4BE01D99FFF4ABE1FDF60,256,,filFFE97A433DD4B8765AC7B82DC5907284
cmp2F993FF6A308F218B67B9233EC3DB270,{97AD8095-01EF-53E9-9859-CDFAB1E42ED7},dirE8E89DB8CDA4BE01D99FFF4ABE1FDF60,256,,fil07E1A401D98C58ABF3734333B6B4EECD
cmp441F07CA9C4BFBD04A3A646E1A6F623F,{028B0070-0C2E-5394-A7A0-AD513D6D13C2},dirE8E89DB8CDA4BE01D99FFF4ABE1FDF60,256,,filC570C13C8FE891C1ED92430430D74343
cmpE83A41D9363B1F2C64087560E1989A3E,{2A4AECAD-95C6-5691-B2F2-864D7A78969D},dirE8E89DB8CDA4BE01D99FFF4ABE1FDF60,256,,fil2F29E89A85E168A1C35EAF44BE61D08D
cmp68D4A3C4DF2A5721EF983055E74DCCE1,{5FE5256D-36C1-5070-BE52-E7C113944509},dirE8E89DB8CDA4BE01D99FFF4ABE1FDF60,256,,fil12EDC1D4DD121101C6E570C9D00B8B5C
cmpAB41F4199AFC7199D5116C4F5F89CCB3,{4F5129C1-7CEE-5711-9BD3-C542A787E905},dirE8E89DB8CDA4BE01D99FFF4ABE1FDF60,256,,filE14764B1004ADC9062505F3521D5258C
cmpD45B3D907E763019F3B50A453F391667,{94D442E6-FA5F-5D87-A256-486097D77935},dir99109ED5C54B04A3DC3A141C46C77414,256,,fil42E3BA12BE00E95B97BEE0D1E9F1BCC7
cmp6117A1165F51BAF01201B8BDD2101D32,{FF99FC0E-A349-5CEB-8304-1329619104FA},dir99109ED5C54B04A3DC3A141C46C77414,256,,filC0EEEE33C990D5413941D04446E437FF
cmp64278E88402ECC05B443A0611EC9C39A,{9BEA2D4C-536B-5EFF-BFDF-3E06F1D414C7},dir99109ED5C54B04A3DC3A141C46C77414,256,,fil0DFEB857A12AFF19D9B4425066A87705
cmpE2D54D6B44F6E1B9A7641EAC1936C7C0,{ACD79497-A491-583B-A46F-423613F7F170},dir0DBE618207374721F0FB8B7C6442038F,256,,filA415ECA44D3F2C5A02A7D25DE249CDDF
cmp66CB3C0EC5BFFED67545465E60684277,{4793425B-BAC0-5865-8E7C-663495217A78},dir352FBD97888DB5061A53046A6ECEFB2B,256,,fil84DD0683F0142D27000103FE28B8B263
cmp3DEBDA9B4134C57FB98A4E121AEA7FAA,{D6F213A4-E4AE-5CCB-9A14-98FB3BB7816C},dirEBB53FEC52510FF7930C07EE7530D895,256,,filE12525B24E6E984D122793AAF81C97B3
cmpEBDA120CF51F6D811EC3E47A34117A31,{446BA57B-A743-5FCA-9485-DB1878EDA272},dirEBB53FEC52510FF7930C07EE7530D895,256,,filBE76B3802EB8755BD5CF63286A0A4133
cmp52450B8D75D8484F89818C426088D8BA,{C2ABA28A-24B7-504D-B4AC-930A683B5B89},dirEBB53FEC52510FF7930C07EE7530D895,256,,fil9177B7467C883ACA153177F9C7129423
cmpBCB0D5EE169E69D7FE52A1C7FD3F477D,{DD6B96CA-1553-5A93-8040-F65DB8127E1A},dirEBB53FEC52510FF7930C07EE7530D895,256,,fil9E24047C65BA08B7979D4140D3B93F16
cmp6D7C9E0DA88AF2D55946F1DDF134016F,{902C48BA-F6F4-528F-82CE-E41CD8298546},dirEBB53FEC52510FF7930C07EE7530D895,256,,filF84934A1E64CA8309B4748AF49F38008
cmp80AEA889C87A9773451C82E30B368C07,{49C8C8CD-351B-52BD-B44D-F79BF885A8EE},dirEBB53FEC52510FF7930C07EE7530D895,256,,filB593CCC1D8914BE9EA9E287CF9303CAE
cmpC0F03B22652DE682F8076DD83EB7E048,{18AD5114-5BAD-5A28-9480-F7C0718B2735},dirEBB53FEC52510FF7930C07EE7530D895,256,,fil403A620798BFB7A0609E173E42CF9401
cmpA202DE50C708D013736CA5DB1502C6CD,{31902CD9-330D-5CF6-83FC-B602944B5DF5},dirEBB53FEC52510FF7930C07EE7530D895,256,,fil1FDA928BF1560A963202A5F770800531
cmp28F2487861E64E46A70BAC2E7CE4748C,{8B85EA70-116B-5912-A49B-D74082110129},dirEBB53FEC52510FF7930C07EE7530D895,256,,fil19AE4FD32472DC5E5EFD337777EE29EE
cmpC403965128219546948692C4246009A9,{62FFC3BA-2980-5067-89FA-FDFAC6A7A11B},dirEBB53FEC52510FF7930C07EE7530D895,256,,fil4F0C454C5D843B7500FD6A36A324C84F
cmp5272F0FC9BFDC63DD015956600EADFC3,{750C9AFB-1450-5FC8-8DDD-BD752CB477E0},dirEBB53FEC52510FF7930C07EE7530D895,256,,filFC5FE7C5D8177FF2F89AAD8620D0BF0D
cmp1C3342AD096CD7B2CFA20116000054BE,{0AD82992-6A18-5F77-9409-492C58262C2A},dirEBB53FEC52510FF7930C07EE7530D895,256,,fil6F699A4A67D5EC4B2EC85F90B7E24A48
cmp0603275A42558C9944BB1C4D09F6907A,{F2435842-4836-56D0-A0B1-38F8B4918B72},dir7B6C773A7F87392A5F382F1312C050B1,256,,filAAF9ECB7694C7A78B79461BCE4D98C53
cmp5C4D502944A0BC0B941C56D45174E364,{AD39681B-4D2A-5C80-8B37-731BB27C0491},dirE4C560A3B16131866743807DFFCCD832,256,,fil51FDA6DBA6E6BEECA99B31E7F3CC99BF
cmp886156A72B95AE52F4633CA92478A4EA,{E08FE22C-F1A8-540F-BBC9-B0EDA21DCD5E},dirE4C560A3B16131866743807DFFCCD832,256,,filDBD0330B3A9AD5C72749326595340D61
cmp5D7F0674DA91B282FC02C2645A0FA27C,{5BE81495-F8B9-5959-AE85-8334749F32D1},dirE4C560A3B16131866743807DFFCCD832,256,,filC3E0DB4DBF78936040DEA688901B27AF
cmp8B264489B93AE09E3133E2F158B11037,{098B5336-6C44-5E8B-9990-0F0A64941006},dirE4C560A3B16131866743807DFFCCD832,256,,filF983342622F3D33C6E249DD36E400EE0
cmp30633E3730163079BBDB850281226885,{0A2CF8E1-DA58-53BE-ACFA-E489581AE340},dirE4C560A3B16131866743807DFFCCD832,256,,filB11F2BBAC1841574745D938FAFA9584C
cmp4AA3DF87DE26830CDAB49C71478523E7,{7EE7BFD0-B3D1-5280-96E6-5A90915A74F3},dirE4C560A3B16131866743807DFFCCD832,256,,filCBA927B72F8B3005169297871E61F44A
cmpC479EE648A6BAC0042504F8083F68233,{6D1BC090-103C-5D2A-B646-E7A9331BF4F7},dirE4C560A3B16131866743807DFFCCD832,256,,fil33111C1822709AB310A00CC64FD45CD9
cmp15B08531A4A04214005A463902017A5E,{FC25B8A5-B088-50E1-89F4-BEE23FF214C8},dirE4C560A3B16131866743807DFFCCD832,256,,filCA566938E5BB6E793B35BCE0769E4210
cmp88CCC8C647B83F9D2CE32BD30B25D162,{FA1AD31F-E91B-537B-BFD8-83F0FBEB64BE},dirE4C560A3B16131866743807DFFCCD832,256,,fil7ADFD18013C54D536D05BE4351F96DDC
cmp93EB7E2314DAF44CB7D0FB0EB734C237,{94E1B60C-355A-5042-9B56-2F8AD082D4BD},dirE4C560A3B16131866743807DFFCCD832,256,,fil2BD7332728EF50CC1725EC3A03D3D4FC
cmpA5F6611BEA443DB37D3EE46491F6C593,{FA220CDF-EA18-572D-8E91-1EC9168A791C},dirE4C560A3B16131866743807DFFCCD832,256,,fil5987DA6505B2F0A43CCAA2EC66EFFCF1
cmpF4F6BAB3EE52C86AE0A85AC456AF0B6A,{FF59CF16-95E5-5C25-B3EA-73ABE124D586},dirE4C560A3B16131866743807DFFCCD832,256,,fil45954BDC896428CB5FCCDB65603A97B3
cmpB0D9D6FF26FCA914CBEC5BA5ED47E4FE,{BF7464DF-F845-56EA-8079-D217E5BB84DD},dirAFE2766843DEB6C8FF3EDD8646C112D4,256,,fil05A9163051C14F9C0B4BC25CDE5E0C07
cmp359D155FC0667F045FA496B8239920C2,{A66C7DD8-1230-57C4-9B26-20D9A9A4B0AC},dirAFE2766843DEB6C8FF3EDD8646C112D4,256,,fil1AE299088025E7B7BDDADDEF52CDAA17
cmpA0E9943C08722B6AA41E5EE09CEAE4F1,{F9644D88-BCED-574B-93B8-E1A2F37AFD06},dirAFE2766843DEB6C8FF3EDD8646C112D4,256,,filD46E0270003C887D6D9FF9CEC0121BF9
cmp8C6713C24F7E99CBA32AE97088A78C31,{19FEFBF3-740E-549F-87CB-35CB46DB4225},dirAFE2766843DEB6C8FF3EDD8646C112D4,256,,fil90D38A5C2209179519461F234C777AEB
cmp2E687793EBF2A8C5660308ACE93006C3,{F88B6A25-55BD-59F1-9D41-0D408C5169F9},dirAFE2766843DEB6C8FF3EDD8646C112D4,256,,fil86C7784EC54FA39FC98E2B172D8B8FF2
cmp2836B719062A2028A05F3FCFC705D63F,{72F22861-90D6-5753-9E28-0BEFFD26FD93},dirAFE2766843DEB6C8FF3EDD8646C112D4,256,,filEF54291DFEDDD44062BF6434468017CF
cmpDF88FA72A350889B3E8FE9A3EBFC57B8,{1173B745-CB21-50C3-B39E-5CAB8BB95493},dirAFE2766843DEB6C8FF3EDD8646C112D4,256,,filD6A003222A4C870F7FCFA52F04B54CF0
cmpACE543BA9084380A97761E7DE17B174A,{027B3415-37D9-5613-A3F1-7017934BF46B},dirAFE2766843DEB6C8FF3EDD8646C112D4,256,,fil93E473FEC0FBCA7DF81BEC99119AE455
cmpC526D15999C85B14591AA060E6772A7F,{3D5066A9-A3A4-5ABE-8478-E92EC6D72057},dirAFE2766843DEB6C8FF3EDD8646C112D4,256,,fil39E84D2ACF53B97DD0B41E7FB4321F08
cmpD52DDC789CD279BAD704A7E15912D97F,{39D9A18C-F9DA-575F-B6CA-C4EBD8137DF8},dirAFE2766843DEB6C8FF3EDD8646C112D4,256,,filFFC96F0D8686F32B5ABE9588BB0F9DBD
cmp035E1EACD3D80A3D8182838D518A98DE,{749EF465-93F2-5954-A1E4-262F52A3875F},dirAFE2766843DEB6C8FF3EDD8646C112D4,256,,fil617613A1BDC6FAFCE8292340DEEC41B5
cmp972B345472F3CCB0C75D90C36426D4CF,{38815B98-7B00-58DD-918A-0AC1D137829A},dirAFE2766843DEB6C8FF3EDD8646C112D4,256,,filEAB13796631B6552FD9EDDDD1ADE0840
cmp0450B7516286A04AB29978CDC15814E1,{6DADD6BB-81A3-5CBD-8E52-C4448153A0A7},dirAFE2766843DEB6C8FF3EDD8646C112D4,256,,fil7CC3613F227239CC48FE20E7B9A5BC81
cmp4264F55D1559EEC349114DB14143910E,{A79B847A-D814-5F8F-ABD4-046E90D1F6D9},dirAFE2766843DEB6C8FF3EDD8646C112D4,256,,fil5C6EEAEE2D6ECC7AC1B3CD0182402108
cmp35A69EB905A112F4A2D1CF33568DB906,{EFA3EA53-8797-54CF-9588-CF95875DA7BA},dirAFE2766843DEB6C8FF3EDD8646C112D4,256,,fil62906FE935D60D21D4040F2BC891314F
cmp922EA55E8DBD07C63D0F48803BAECFA1,{EE22FB1C-1BD6-5456-8903-222834786450},dirAFE2766843DEB6C8FF3EDD8646C112D4,256,,filAFC46953E33640D93FA31C67F6E81FD5
cmp0D96BE655D7603CE7770E59DA3E70A47,{9740488A-0576-5F3D-A1BC-BB133FBFCA37},dirAFE2766843DEB6C8FF3EDD8646C112D4,256,,filD5713C4DDE777FECFB6D47FCE039C9B2
cmp856B9D42F62DB09C521960AE56C3132E,{81E1F0C2-6B3E-538D-89BB-2EEFD69E391B},dirAFE2766843DEB6C8FF3EDD8646C112D4,256,,fil1693D7E99B9E6864A3AB59DF199C9692
cmp7B782A1AD6F2001E7EE629DBEC82DCA9,{74042A7A-2597-5055-8BE5-230C7D7CC917},dirAFE2766843DEB6C8FF3EDD8646C112D4,256,,fil5493E5B0F0A21EC2A2BFD96A7D7059F5
cmp3B69DF3E3EA6A03D6B08322A2462F36A,{68077FFE-5724-56E7-905C-C3AE3F895CBF},dirAFE2766843DEB6C8FF3EDD8646C112D4,256,,fil62625D99F85B89F9A2E9BA9C9DFE7206
cmp077EEC5E8E4D23F050160E7898998283,{64A91302-6CDE-5D03-9598-428497F512AB},dirAFE2766843DEB6C8FF3EDD8646C112D4,256,,fil69AE665D0AC0F317B71642CC53710D5E
cmpBB0436A4ABB700FC0109559AB523E0BF,{2B23FE53-23E4-5E5C-9DAB-6FBF84CB4DD6},dirAFE2766843DEB6C8FF3EDD8646C112D4,256,,fil1A2FF3533045AA8AF2430E34A5ADA3BA
cmpB66804DEAEC8972F5C507BBB90954FE1,{5D28FD9F-CCA3-5456-9C1B-D76B70194C6A},dirAFE2766843DEB6C8FF3EDD8646C112D4,256,,fil6163E1518594AE3C631005DE69E6092B
cmp0B96E2B4A3D7BACA0B617DBC765D1D6B,{406ABDA3-2116-5232-A9A9-D543916381E4},dirAFE2766843DEB6C8FF3EDD8646C112D4,256,,filE218BD1CD8980708B0CEA661A4719644
cmp6BAC30178D311964775A4CD58B877386,{8391E76B-08EB-5634-ADF5-580D6B4AA2F4},dirAFE2766843DEB6C8FF3EDD8646C112D4,256,,filF0997E1C656E8D0286378E5FB26DCB7E
cmp2000B2CE22F1A32FC47889F564F0DBBF,{6C0DDF03-0E5C-5E89-A2A2-175816396650},dir8DE2C48D70113D31EB09B636551F4049,256,,fil33667CA432963AB2405C7F9A94A51A7F
cmpF64BD9E2D6020DCDD45FBD0186EAE3C0,{93D0681B-8A1D-5316-B756-1EB991DB9259},dir8DE2C48D70113D31EB09B636551F4049,256,,fil4EBEA4DE0F2C46BA3287A461309723FC
cmpB4EC4D588BCF65667786EB329C41F18D,{DFA8B10C-0A79-5EE0-8F0A-D3E384FC846C},dir22347EA159E3CEEA67FE41EEDDAED3D0,256,,fil96920270CED984C5C20C4FEC7139E4AA
cmp7B27F1B5071187C0307E0AA900E0051E,{0532FC3A-583F-500C-B803-128809BA9962},dir22347EA159E3CEEA67FE41EEDDAED3D0,256,,fil8E52731663011C21368F3512B018A46D
cmp54F9968508DBDFE5D839F01208317DB0,{28C79286-2C85-5415-9D5E-216CDA0E207C},dir22347EA159E3CEEA67FE41EEDDAED3D0,256,,fil76C7170F997F481F5325DA5CB331B50E
cmpA92B7FAD53A893B9CA5878D14EC093AC,{7FE4E623-ABB8-5AF6-8F6F-4244C5855D1C},dir22347EA159E3CEEA67FE41EEDDAED3D0,256,,fil5CE7690E49BFCAD202688CF7043E4C86
cmpF24151E09848214D48405941C0C59215,{C9EA7683-ED83-5DB9-995F-4E67DE2F52B6},dir22347EA159E3CEEA67FE41EEDDAED3D0,256,,filF28D780A887D33EB7BB2797293EC0050
cmpB2F41AE2C97F4EFFA32C4D529A80B737,{986747DF-FF82-5D22-A6C3-297EF2110A56},dir22347EA159E3CEEA67FE41EEDDAED3D0,256,,filF1E0EA7BF4B70EEDFC835D5F3F428E47
cmp873E8D9672F7120387C6E2F151DA6C55,{B0BEBAC9-163F-55BA-B08F-2DEB8A82947F},dir22347EA159E3CEEA67FE41EEDDAED3D0,256,,fil6BFADCECB1BE5504F23C8C352E1FE107
cmpFE396B818BBC5DF184607CEDED545143,{7C86109F-8726-5CBA-8AB1-0FB3485ED88C},dir71A9168990A476FD65382C443E405337,256,,fil96B6E181CCB641E01FBDB88FBE0829CA
cmp45AF66525309741807AD81A50EC5232E,{9F3A1DCB-37F3-5C94-BFE5-288488621831},dir71A9168990A476FD65382C443E405337,256,,fil74149F0D1555458ED868FECF750F73F9
cmp38598CDCDB4651B676C62FBB05023429,{D8903421-5D22-5B4C-A911-893319A888DD},dir71A9168990A476FD65382C443E405337,256,,fil5ADF164D16CE5ED0D7EA47E85560B039
cmp8AC18686BE35218E1A05B39027250D67,{A6CF599A-7940-5842-B858-5C04A9A095B9},dir71A9168990A476FD65382C443E405337,256,,fil7530D67335B41128F1E8D0F78A2049BC
cmp9DB5C4F5070658B1C641DE92EC68EDA6,{FF828F3D-424A-5DA3-975D-16FC2D847B61},dir71A9168990A476FD65382C443E405337,256,,filFDEC92DC2A24A1D258E25BA19A70F85A
cmp86747F9ED9DCDCC9D4A67F5632F1D6A2,{79D03AE6-B5F7-5B76-BF4F-88E8C25D7542},dir71A9168990A476FD65382C443E405337,256,,fil9E7F20FA71C9B20C7BA543D6A9CDCCD0
cmpA287E858DBCD09C901C97DA10817B957,{2314DA53-9814-5B2C-9E2D-8ED5869E729E},dir71A9168990A476FD65382C443E405337,256,,filA978E46EB2BBE1560B6299F75884987E
cmp5FAC74E10ACECEC3DA60A96543EE0444,{72FCB43C-DD44-5268-9A6B-1D292E84B85B},dir71A9168990A476FD65382C443E405337,256,,fil4BB68E214B95D57AED1DFD32DB86A1DF
cmp1F3C6F9CD2596432E5F77202D4DFE773,{B3879FB4-ADAB-5807-89C3-49016DB9A33B},dir71A9168990A476FD65382C443E405337,256,,filC7700ECA3B384AF128C5369592C8E659
cmpD2B0920DD9D5976F61B11C49B1DA3A46,{471084F3-6FD5-51BA-8088-CFB6BBAA10CF},dir6F32900525ECB93324F93898DBA96F01,256,,filF48EBDCC123CF9611B3BFEDE6E659A46
cmp451639D6B076CF74BFEC021A03EFCD93,{B77F902B-204E-57D2-B396-F0187458E34C},dir643893861D5E3AD25346F524F43FEA88,256,,filF8E85DD0EE69F6E6BC12957B11ED9CEE
cmp3E880A86E3B3CB22A879B2007E1DC18A,{363E0ECC-13C5-5782-9A56-E2FFF647D692},dir643893861D5E3AD25346F524F43FEA88,256,,fil09649A01F905461A749714C3FD623D3F
cmpF2412D0FE7EE5B48D63B2993606DEF5B,{1A79F1E5-DB0E-51EC-BA7A-33ED1FCEFB1B},dirD123E0B98B40CF424EA9B4E9BF9157F1,256,,fil43522D2568E2FF7098464DFAEF741DE4
cmp97A7DE28C2FDC8F883E60DB58E065BA6,{668CAE41-06FE-59DB-A153-F8C7F7FAE070},dirD123E0B98B40CF424EA9B4E9BF9157F1,256,,filF2522E7D4F3A1FE9DB605A8109026CD3
cmp14D0E076F729D3426E9A46E416017C8B,{F64D05BE-FE1F-5B8E-A0E6-B73B34B891A6},dir2CA52C934666DE4355B9990FF1E883D4,256,,filFE0FACBB5C4BEB40048D77773D6A53AA
cmp9A23A9B889B52FFF64C29E49EC2443E7,{5302EF95-FAEE-534E-AC38-5BB41E4D676D},dir50D2E6DCF1422C15298720F2FF4CEFCF,256,,filE519C718DF614D58A3C865CE9A5B60DE
cmp44A06A08A5D691963368FC0CC027F819,{18947296-AFC5-5A16-87F6-B1E39C350B1B},dirD8A80A69CECEAB243B8846230624B0ED,256,,fil37FDED8A996292882B041D67F206921D
cmp8841713FC1FACA380E3F44284A774E71,{432378F4-1D2E-5C7A-938E-5EAEA63EA6A9},dirD8A80A69CECEAB243B8846230624B0ED,256,,fil1F58D31E522630E9655F48DD76F65421
cmpC64998FDA420D000DF4D859A540CE8A2,{7F0BBCDC-ED5F-5C1F-B0E1-6C778C10B23C},dirD8A80A69CECEAB243B8846230624B0ED,256,,fil8BC4BA8B9DC435FCB65553B169DC5505
cmp2D7054B2E16C46D1ADF21C00F5992DE0,{4C72EB7A-B6DE-52DA-BBAA-F5C137919EB1},dirD8A80A69CECEAB243B8846230624B0ED,256,,fil4185256472F92CB06C1D6F0F4FD47C6E
cmpA320035E99880091653F6C9F2F0A3536,{5ADF80FD-D44E-5902-AEC5-CBB5AB276349},dirD8A80A69CECEAB243B8846230624B0ED,256,,filF38E37DF0680AB4B3BB99EC8329E9BF7
cmpCC006D001533FA59689C3DDE7F3D0CD2,{E1DCA54B-B025-58A9-81EF-3B4CBFB9AD1D},dirD8A80A69CECEAB243B8846230624B0ED,256,,filBBEB72C3B7407D6CCBC4FA057BDFA70C
cmp99D7AA1ECBE2C98139974D7D1C6094F5,{10F8CDDF-D119-5FD5-A2D0-A329F000A8B5},dirD8A80A69CECEAB243B8846230624B0ED,256,,fil9B5951D9727E1C4EF8E60B810B8C0E6E
cmp0971BBE48E35E1CDA66F24B079B47614,{4A5662D4-00FE-52D4-808E-995798D2B309},dirB15EEECA0ECB4F9FB932260B68DC64DB,256,,fil6268E1A6B5443969DBE51372A04D2D9D
cmp0F07DB015FB80D59EE9C39CDAACAB07B,{E3B0020F-E128-5429-84D1-595B3A0AC39C},dir259D1992B79B4BCC41756071D1F5545F,256,,filAA1475B781E3F4F9F4D0586AE8AE23AE
cmpBEBB16905F94FAB51C6EA8BA463D233C,{04B93FCE-A4A5-58AA-A6E1-E2BE20C85A5D},dir259D1992B79B4BCC41756071D1F5545F,256,,fil7F8300EAAC8B2863B5DFA02AEE118810
cmp3407A1FDFFA16282261A3A8B16DC486C,{CEB96701-C97C-5360-8C83-543D23C50681},dir259D1992B79B4BCC41756071D1F5545F,256,,filC6809C34C84D9951EB01BDF0C4BC7F6E
cmp0007255F7013F5EEBDC2A7DEF394BA3B,{C1D18AF6-5602-5A72-8891-DAC0B6AD6BAC},dir259D1992B79B4BCC41756071D1F5545F,256,,fil6503FBC9C44B59C1EE3F08B059D36314
cmpA341306C5FF123115A9A5DCABBCFFF54,{B55FC27C-4D8C-5B08-A8EE-F2243D7F5576},dir259D1992B79B4BCC41756071D1F5545F,256,,fil1AB43D66B98A815F9432EC8DD7309D78
cmpE63F4510178B23985F57CBFAFC86D644,{BF777B9A-F84C-5680-A55D-105A4BDF10AE},dir259D1992B79B4BCC41756071D1F5545F,256,,filFBD889D90DC41B2D1612951315B5D4AF
cmp9FAC97B0EFBA4FEB407FC3B3298C5C2F,{8D850055-7DE1-541D-805F-524762AE6FE6},dir259D1992B79B4BCC41756071D1F5545F,256,,fil50F096DF1561B30C0EC886911B2FF35A
cmp5D5F1E393D0EF757A123EC54E62127D0,{3879769D-2736-5796-9F7D-F5D9825C1AA7},dirA865BAF788CF2C48E511FCCD4E941F78,256,,filD6EB4F49A22A590E3487CEF5065C3FDB
cmpD8D0873F3DFC34A8FCE35EEB4EDFAE09,{48DF3785-5C88-5400-84D6-9D8F607C4B87},dir6F5F53C268838715EE3200219AE4BE8B,256,,filE5B2F6E7638652DDAC342B55EB059756
cmp7EDB8290B8028CEF42012CF5CE23F21C,{CE5E1910-DB9F-5D6C-AEBD-FDE979E48310},dir6F5F53C268838715EE3200219AE4BE8B,256,,fil24F68CBC4A4893EBBC85C61E89D9A052
cmp1AF6CD4E520A79E8D716FC31CE2FFA1F,{5BA23D36-4ABE-55C3-BF53-9347840597AD},dir6F5F53C268838715EE3200219AE4BE8B,256,,filD45C7EE02CDACFAB843E57CB3FF0ECE2
cmp7E4FFDC25468CD03A252E91189DF619F,{B9B463A0-346D-5020-A03D-98AD90AC5F13},dir6F5F53C268838715EE3200219AE4BE8B,256,,filE57E98B202B90769EB08BE3FE24497CE
cmp478914D500EA75043C3E61BFB6B3551C,{06C9B8DB-EC7F-562D-B662-6A77D1DB6545},dir6F5F53C268838715EE3200219AE4BE8B,256,,fil595447161304508A9B09EA64899D69E8
cmp884ADB931D52BBE91C4580EBDC699102,{748E71A1-ED42-5897-A986-DCB8C9CFEE35},dir6F5F53C268838715EE3200219AE4BE8B,256,,filCB2E57B9FDA1CCFFB6EDF7A3592AE530
cmpC79581B963512DF41C3E4E67ADE2A6F8,{D25ED0CE-3F93-5C07-88A0-8620FFCDC340},dir6F5F53C268838715EE3200219AE4BE8B,256,,fil437A6353C14A02734656C6BE9BAE17CB
cmp2AD98DC6DDFE0C7C05F373178BF8070D,{3D824CA5-14B9-52BA-B31E-CFBE7E377B11},dir0CAABEEA4CE2BC7C8C2A4C9ADE5E8310,256,,fil906722F1903C93E30E8664E46C2EEB5B
cmp8A81CDDF72BD050BE340AEEEEC623C5B,{FBD06FE1-3406-54FF-884B-7964C8DBD9D5},dirF9DFBD1266C0CF5A17942A5B1A273C44,256,,filBA22F7663E7504196FD158DF5CC0ADE0
cmp5AF5FA02C72EC7160222BC75FE290A61,{EB9C0387-56AB-5EAE-954D-E22E0BC0CAAA},dirF9DFBD1266C0CF5A17942A5B1A273C44,256,,fil64E52EA31640A5EAC25CB95ACAF1ADB6
cmpD4740F7D6CEE314EFF1CE9BB0462D24D,{CFF8B2B8-C28D-54FE-9F4B-C343106B9CAC},dirF9DFBD1266C0CF5A17942A5B1A273C44,256,,fil113491FA29B2FAD496D15A9BC1E0C824
cmp6F18AD1ED3F42E7F658D7E0D0B262589,{5EC1E3F5-70BA-5341-8F9D-03474982C4F0},dirF9DFBD1266C0CF5A17942A5B1A273C44,256,,fil672B9B21F57A3B5BDA940C31E8493640
cmp0F600A288B82EFD97DD8858730C7322D,{B3708221-05DD-5B81-BDB9-226A3E8ECE29},dirF9DFBD1266C0CF5A17942A5B1A273C44,256,,fil41169693736A1C53E3A0A1C21AB6B2F4
cmpC1E70522D46050BF1D2BDEF792D64E99,{AB3B9B7D-4F62-56D1-BFCC-3CAE8F06ED51},dirF9DFBD1266C0CF5A17942A5B1A273C44,256,,fil81E8236A4DD3AC889B8089D68D465576
cmpD28CB53F54907BF0B5F6B991F02BEC25,{5F5B79B4-5B95-5A44-ABF5-C68C3A59E1AF},dirF9DFBD1266C0CF5A17942A5B1A273C44,256,,filA932CFA59EE53924CF23950B80C024AC
cmpB6FB1B03D836BF170DB00E30892E291E,{65DEAF9D-1346-53E8-8384-7A1D185489BE},dirF787499695C3C6120C6140B5BFDD3627,256,,filF774BC4EAAE12CB13A91543D57BEE524
cmp6D5089666DD70325468D271A5E689A36,{4B97534E-2EAB-5047-862F-B4C474BB8532},dirE230F4B5BC83BAB8D7D889C7D1CC8B4A,256,,filD1E8AC1C7E29F403FA1B202DFF8DA893
cmpD69C9D0F851C668599E6EC63B60EA4E4,{C80861EC-F7F4-5C71-8706-39B5FBA0DDC7},dirE230F4B5BC83BAB8D7D889C7D1CC8B4A,256,,fil8F6E83AD2C8A8F84C06F396192BCDAC1
cmpA664BF12888D333F64C934B46303F72B,{13E87C73-DCB0-53DF-82C6-2C115CF3D789},dirE230F4B5BC83BAB8D7D889C7D1CC8B4A,256,,fil80084746AAA0D26F7A084E1F8C97AC1A
cmpF124DE7DCF79A3E8477DC1224B68ABD4,{5D9564B3-C978-58F0-97BA-F1A77F9E97B1},dirE230F4B5BC83BAB8D7D889C7D1CC8B4A,256,,fil21B5FBEE112998C1E94CBFC3B22F63EC
cmp6E0D7FEB1CCDE82AC5F36CC7CB3FD9EE,{B72499AB-B58C-5665-87E8-E5FFA3F8B415},dirE230F4B5BC83BAB8D7D889C7D1CC8B4A,256,,filAC8E15FC00DCA2521A3FF783A5A645C2
cmpA64A1A1E3134531D1FA443D496222AEA,{A64334D4-BF2E-5E10-B151-B01826B10BE1},dirE230F4B5BC83BAB8D7D889C7D1CC8B4A,256,,filCB191C5DB29A15838C8E7F0FD2B0AF78
cmp928CE4C174EB2BC08F9CC500AE9F0C56,{5F9D6700-C1AE-5CF9-82F9-EE726C68F631},dirE230F4B5BC83BAB8D7D889C7D1CC8B4A,256,,fil6D253CA169082D0B04EE71FFF4C1180D
cmpB5CD96D993F1CC73DB8052FFA078C3A5,{7B0C3D5E-415F-5F1D-9553-32B65B709829},dirB384550D59E9AB47F545FE39E44E0390,256,,fil5945AF06C9AD0ACADE09C7670CF7035A
cmpA7C9955758BF5FA9EAE1BFAB10194767,{C1CA6741-E043-57FE-A05F-9AD62413C8E5},dirB384550D59E9AB47F545FE39E44E0390,256,,filC505D220AE2A550D9297DA8D8131E958
cmp3BB293986B3D5095A3FC852001B343D7,{8D18D8F6-171D-562F-B00E-E40B2881CAC0},dirB384550D59E9AB47F545FE39E44E0390,256,,fil32FAB51AE066D962667DBD3EA9C4F1CD
cmp583634F097A70735A13B4AE62C935059,{AFD4F9CD-DB18-5164-936D-915D6175175F},dirB384550D59E9AB47F545FE39E44E0390,256,,filC0171BD957C474309813F32C1E774955
cmpC69754EDF6FC70CE8CD4EA230B9C40C8,{FCF88F7E-F4BE-5D10-8303-738B530429F3},dirB384550D59E9AB47F545FE39E44E0390,256,,filFEB7544530D75D205F6F5BAF965BE430
cmpC7A3D48ECD806127264036460412BBEE,{5003917D-DC6D-55BB-BA12-0956B5B39A21},dirB384550D59E9AB47F545FE39E44E0390,256,,filEBCD5209887099BBFED47E512B9986A1
cmpF54DAC2EE4FE4A36725EDD932B48E886,{058A14A2-7282-55A0-A63F-41314B703810},dirB384550D59E9AB47F545FE39E44E0390,256,,filDCDA5A30756A35E48716CD23824CFCCC
cmpADD019481661124274939D2E9DD38FCA,{E640B705-3E29-5256-96EF-D77F4CBCA4FC},dir5473EB2DF9D0C7BA4B9004133285F4D3,256,,fil9A1715045EFB88F41801B24C11F2398B
cmp1BD04619A39FFAA6263EDC12E3D05D1C,{B938FFBB-1846-518F-96CD-3173894DE64E},dir5473EB2DF9D0C7BA4B9004133285F4D3,256,,fil7A9F25526F3691BFCF379418EBAC1639
cmp922672487001D1D0822A39BECB1FCCB4,{667F7AFB-9921-5EF9-A549-34B55CC96210},dir5473EB2DF9D0C7BA4B9004133285F4D3,256,,fil8C5CBF6978A981C631DBFBB072CF51C8
cmp900ACDE6F66AAA19E96097F0333F1E30,{67A26D20-8468-54DB-BB2D-100EC5A74C39},dir5473EB2DF9D0C7BA4B9004133285F4D3,256,,fil775DA02ABB675F7500E78496C606F4C3
cmpD5E3A02CDBBFB131D9FF067126945AE7,{E11BA244-F8B4-5556-89A7-89D495A7C88F},dir5473EB2DF9D0C7BA4B9004133285F4D3,256,,filEDC7D134AD3FFED6F8003FF59E5FE312
cmp84569DA928D63F1E3B6216A59014D0FA,{A298AF09-9D50-5154-862A-60230B030B94},dir5473EB2DF9D0C7BA4B9004133285F4D3,256,,fil96311F524EC53B6B4049B4B247A1AC67
cmp53A48374B66FFA4D884B6B4D97D6486D,{2D1AB9D9-568E-5178-85D3-C8A0E650C752},dir5473EB2DF9D0C7BA4B9004133285F4D3,256,,filB4C9CC1B7042F13B64571DA799E21049
cmp657400C717746C051CD349A987C7859D,{2317ADA0-7D12-562A-A531-C9682F170AEC},dirDFF0D398131A5263FDCA250D60D57CFC,256,,filF12C26B3A0FA12131165A1384365E287
cmp710D228D2C4D7B74979332A67F00F204,{5895A257-A763-5806-9886-497CACB196D0},dirDFF0D398131A5263FDCA250D60D57CFC,256,,fil5AAE2A26B8F91E28DA63EE5D7390C010
cmp9901AB0B4B479846604CAEA560AF5EE8,{249B332A-C51A-53DF-9DB0-10EE72AFD4FD},dirDFF0D398131A5263FDCA250D60D57CFC,256,,fil91D0A2CBF169262065AB571D0719E37F
cmpD0079BE3ACD126AC0B2296F8A8243BFC,{1F899B61-3387-5D94-A4FD-06A35C548A5E},dirDFF0D398131A5263FDCA250D60D57CFC,256,,filF38B2F9425BCD938E02679AE497E5611
cmp8254AF68947BF8931708D1CF8EF99574,{4834D542-728D-58F3-8B9B-BDF3D61FA8BE},dirDFF0D398131A5263FDCA250D60D57CFC,256,,filD9B1AD58DB97BBBB5217A04F4B9BF5C7
cmpE84911318DFB3022566D7A63A0D625C5,{C0F4FB09-07F8-5B2C-8E4F-D146B13CD0D7},dirDFF0D398131A5263FDCA250D60D57CFC,256,,filF2D2FF8F0B8CC0DEA88CF2A3899B1789
cmpE466F0CEF48B6F0FEE24DAFAC1A980EA,{B9F9DD27-710C-5D98-8CAC-397443431F0E},dirDFF0D398131A5263FDCA250D60D57CFC,256,,fil38686F7D122AE1834A42E86FC86F0F65
cmp5FA04AB9B62B74778CF1243FBDE0665B,{7FCF8DED-DD6E-56C8-859D-887FF8844D7D},dir5AD007FD02B92B7F9DB67B4037139592,256,,filFAF4A0BC557213A3BB52232157BD441A
cmp13D04D796FD89D14A7240A17A8F6DC21,{8EC4E3B5-808D-5E97-B3D4-5552F9334F80},dir5AD007FD02B92B7F9DB67B4037139592,256,,fil66FB6B256A9B7DBA6E5EA5BCCC25CB9F
cmp219D63905FD05398F646F3B11CF264E4,{CE4339EB-1D4B-5FC9-BF86-3B49CB50E3E2},dir5AD007FD02B92B7F9DB67B4037139592,256,,filB742A42FCDB9139C098817E75CFC0793
cmpAC91D2A35ED95849DE500FA679E0A241,{0BE2F0F6-8987-5C5E-BAEA-02C3CEF041AE},dir5AD007FD02B92B7F9DB67B4037139592,256,,fil3265759BB8230ED5EE21CD431ECBA6EC
cmp099423435DEF61264D8250E8B2EABD59,{A51E514E-2FA0-55DE-8B2B-600AF69D96CF},dir5AD007FD02B92B7F9DB67B4037139592,256,,fil27506F3E0ECD6E8FBF4440E4C19F31F5
cmp913BFDB6DB68FB2B05276369CD70FBF6,{0BBAA7F8-F097-51EF-9A11-40F0EDA8596F},dir5AD007FD02B92B7F9DB67B4037139592,256,,filB11A1D2FA317DC746C9167E8BA394D07
cmp11F7579647671A1DE7CE2E8B60160837,{67D24090-612E-587E-BE19-79A23D23F0D9},dir5AD007FD02B92B7F9DB67B4037139592,256,,filEA2047038C3EEC6C3461ACD69A400D8C
cmpF589609887EADD8A27A025143195C333,{87BD0D3E-2EDE-5099-AC22-B6E0772FF3A3},dir02A349E5897A19A9506E27DDE5F40E88,256,,fil1A89916BE52D7F66BBFD6B5D903189FB
cmp0FD29BD0779DC61BB240FB6F3957E5C4,{F6B74561-D1D4-5BA5-A245-7908D5EC71DA},dir02A349E5897A19A9506E27DDE5F40E88,256,,fil59C77CED1D2F0763132624C0567635A3
cmp9941D5F9CD160A10196E34B92FDFDA84,{644F156B-498C-5F03-A8BB-AE9959DE7DF6},dir02A349E5897A19A9506E27DDE5F40E88,256,,filDE937ABE1EC12E9137A35220E24EFCDA
cmp49AD8A4177D35AA48D97FA740ECB0A8F,{37ECFDEE-28E0-5D18-831C-F567027AC954},dir02A349E5897A19A9506E27DDE5F40E88,256,,fil80BE295F69527E4512F03533DA1B2682
cmp145E5B0784685752EAE8B8F41DE32528,{8EF73B26-B69B-59F8-833E-AC281EE9D68F},dir02A349E5897A19A9506E27DDE5F40E88,256,,fil667D83FD305E2092495023549CF1941E
cmpC400E8942B3ABD4E56C434E837584A22,{D883850B-44F7-5BF9-9B2E-F958EA5A1D6C},dir02A349E5897A19A9506E27DDE5F40E88,256,,filCF7CA2568850490AE12E7EBE7A1FA1D2
cmp7C42157C8E698B1194D3899E96E2C180,{E9495F0C-BCB3-5F4A-9A4D-09D201FD945E},dir02A349E5897A19A9506E27DDE5F40E88,256,,fil297DC19CFB18DC2AF74E8CA9578DD5CE
cmpAC9F7630931F108280E86AB50DEEB0A7,{8A3D800F-0F40-5449-895A-B4A999F55A80},dir79757ED18336BBCA5B306E5A1CFD086F,256,,fil060DA1D0199A1D6EBE7D6F944D8DE5BF
cmp4CE4BFA2F06100C66CD6725FCA286983,{BAB7A0A8-E9C1-5C41-855F-80B94A1B62E2},dir79757ED18336BBCA5B306E5A1CFD086F,256,,filCDFA8C468890F1CF9F27652AE3C593AB
cmpCC76382543261BA8AA9165A896C4F2CF,{F74581A7-590E-5573-88A8-669377AF88AE},dir79757ED18336BBCA5B306E5A1CFD086F,256,,filB2A4657E4906FDC867563E9CAB367427
cmp575BB20691C26A74B462BC2098850137,{3CD32884-16E8-5FA8-8CE4-A83675533E4D},dir79757ED18336BBCA5B306E5A1CFD086F,256,,fil0EA54328AA3C2E3F3762F4EE54EE2413
cmpFE560857693ACD4D84D0C3B698ECE583,{8CA78789-AEC4-5FB7-801C-7E608E3207DE},dir79757ED18336BBCA5B306E5A1CFD086F,256,,fil4BF80A45A1B7758661180115E157462F
cmp507C9130AA6F6C0C195F2A55442FAE3A,{E3D98C7A-D90D-5ACD-B003-7E7AE4B0C587},dir79757ED18336BBCA5B306E5A1CFD086F,256,,fil0C0E64D2144145B56D5887E81BC70C58
cmp10979B5D603F7BD7EE36F781D8A7CDB1,{34665B2F-E8C2-551F-AC81-E484195A60AD},dir79757ED18336BBCA5B306E5A1CFD086F,256,,filAB36050BF98331918C00671B49E9793F
cmp853203D98D5FCC492242912052327184,{6F7A07F0-11EA-55DA-964D-EB60F05A580E},dir94BD05814992A6DFB0A18DB7439E477A,256,,filF998DE5075CDE001C7287379421F0E85
cmp1C0A55533EC52B7285CFE60EB12EA229,{CF851403-36DB-568C-92BB-F59C65BCC7FF},dir94BD05814992A6DFB0A18DB7439E477A,256,,filB1E92D308B01C80DF13D4082D898620C
cmp8E22DECBF4E31A04F6E04E3F30C524E6,{2AA09863-8D35-50D6-9F19-6EF9F60F9366},dir94BD05814992A6DFB0A18DB7439E477A,256,,fil56DAE50E8FE7078468DA010BE0BDE918
cmpDB338E89E52AF74157481EE6078BF141,{6F874CF5-AA8A-53C7-9537-76F05EB63683},dir94BD05814992A6DFB0A18DB7439E477A,256,,fil24D879F340A67FFB7C7B23443A4E40E4
cmpAAA466F1A5B3A547FF710840D370F2B6,{755E7E44-FA26-5704-B21F-05325C29F1F4},dir94BD05814992A6DFB0A18DB7439E477A,256,,filFB78AE6583ED47D5991E2979C67F8B70
cmp37DF25157B26707B6557ECD9C7C07730,{E911C6CE-F090-50B2-8DB1-8E043E674B32},dir94BD05814992A6DFB0A18DB7439E477A,256,,filA8795B171D6A4499A8140EC8B0843A4B
cmpF03741C72DCDCBCDA80928D4F343F4C4,{86C516C9-4435-56E2-8557-B2DEA1E210B2},dir94BD05814992A6DFB0A18DB7439E477A,256,,filD5DFF46135BA58CD316778A1E73B2A69
cmp0213129CB463F577E1CF13C613665FB3,{99454027-4E65-5B5D-861A-FAEA418AA858},dirE92B73B61006A4397AE506E891E6D2B5,256,,fil58E277F72654CF11336ABA91D9728048
cmpA5A54F441178DCCD37B79FFEB85B1260,{EBD5E747-38DB-5C97-80AA-9FC0F391333E},dirE92B73B61006A4397AE506E891E6D2B5,256,,fil996F6F71E25338CF8DA76D9CE51E97D8
cmpC8C47867C5139767642C241E4A278FE3,{18045DFD-5232-581B-BA36-52EFE4937347},dirE92B73B61006A4397AE506E891E6D2B5,256,,filA57476D8D7940B0A5768F6226995166E
cmp709F4B6F4ACB514AA189280F39217AE0,{7B261C70-47D8-5F1F-8C53-FA7044355119},dirE92B73B61006A4397AE506E891E6D2B5,256,,fil422D3B378A7C3B4283F1857F2C69EC0F
cmp6ED27DECEDC3FE75992419E5C3E03AE4,{7BE61303-300E-5183-B9AD-7AC8EE75E1B3},dirE92B73B61006A4397AE506E891E6D2B5,256,,filCEFBD1682015522E12240739693C2609
cmp625D1C18CF95812663329076803DB509,{D35A0144-B1DE-52AF-A372-E47908FB7F07},dirE92B73B61006A4397AE506E891E6D2B5,256,,filEEF06F102DD29E6AB0CC48A127FD187E
cmp1B69462891ED864A8D142D7F1CA6E2CB,{99255DC8-A3DB-5756-8EFD-877C32DA3A63},dirE92B73B61006A4397AE506E891E6D2B5,256,,fil70A4EA9253FA7243BCCE2E5F3E2DC703
cmp454024047C7F4F9961C9A30C3CA184F1,{F8D4C341-496C-51C8-9580-207DED8E228B},dir922FF887F35EE6774D68033AEC76AE3E,256,,filF437A01AB45CC5AF027C5011E4A9E581
cmp052F426AF8E6D1C229365A0600EAE86E,{0D9EC37A-591A-5051-8AA4-E0EFB17A6582},dir922FF887F35EE6774D68033AEC76AE3E,256,,filC5614059865FFF0DE858509726BC4DD4
cmp1D10DBC9791F1924C894D414753B9AF4,{47E432FC-5E2E-53AE-ACF9-2FA9C6479C4D},dir922FF887F35EE6774D68033AEC76AE3E,256,,fil637332901ED47D468151B8FAA11F2BF5
cmpDA8C5329D41A3448E8243F21E0B26EAB,{89E895EF-1FE3-5B73-A375-E9B712D0D484},dir922FF887F35EE6774D68033AEC76AE3E,256,,fil152D66C0B1B0B73FAEFC7C776DDC2FC3
cmp2AF59338829676C6BADB2D30AEFED82D,{56943D62-9596-5EAC-A714-049DB503B868},dir922FF887F35EE6774D68033AEC76AE3E,256,,fil65C52DDB86F7B7BCF78DBCF531848C5C
cmpAC4BFADA45D57F30F15BAE3E4DF4AE22,{93FE5FA9-E608-5831-A777-565AD39A351D},dir922FF887F35EE6774D68033AEC76AE3E,256,,filBF52BCD405EF63498E8A71344709C920
cmpFB24049B57EB8994EF0D36AE92A2BD72,{693E3B56-7148-543E-808B-659834425E7C},dir922FF887F35EE6774D68033AEC76AE3E,256,,fil5063345A3500F5CE59E07D077BA87BDF
cmp8AF6250C346B8586BF7BB92BBA514D56,{B475FCED-E9E8-5EC8-BC04-AC995DB50C4A},dirC4DAFF1E480FAEDF91D8D4F6BB8CDC76,256,,filB9DD16530D154E995415CFFE9578E080
cmp79CF417F323C0A9DB536467AB6EE354E,{8E0B7AEB-20A6-545D-8E51-75B24C56D379},dirC4DAFF1E480FAEDF91D8D4F6BB8CDC76,256,,fil96702E9DEC4796D031DA8C4F26436071
cmp00870DFDBE037C84E75D6AF07FE17330,{563E0F7D-8762-5B14-A91C-BFDCB285F84C},dirC4DAFF1E480FAEDF91D8D4F6BB8CDC76,256,,filFF2FECADC4E7F75BB510BB0B7E2A403A
cmp61B41EE0D94FB19FBFF35B619CA4F348,{69D174C2-3B80-5E33-8A2B-E965679E2291},dirC4DAFF1E480FAEDF91D8D4F6BB8CDC76,256,,fil9019D5AD0CDA96C674033B42C1A97A62
cmpD989EB70435988117FB6C6AD9C836649,{27DB567E-7861-5E48-86DD-6C29CD34766E},dirC4DAFF1E480FAEDF91D8D4F6BB8CDC76,256,,fil2E70B2C380D6B5F825B340B17A23EA9D
cmpE47288BD51FE9F656795FD9068E492DF,{FF6152B5-F5D0-56AB-8382-D943BE59735F},dirC4DAFF1E480FAEDF91D8D4F6BB8CDC76,256,,filB6442AF55BB41870048F8788E1409B3B
cmp1EC94F40683DE3B0EA823349D404E092,{AD1E78AF-87EF-5C22-845E-9C06B2F494A3},dirC4DAFF1E480FAEDF91D8D4F6BB8CDC76,256,,fil24FA1A04E7646E802DE83748CBD22B0B
cmpE76F9FF915FC4C9003DA7768DCE65947,{EED823F2-CA58-56F1-918F-3B6A8C6C025A},dir216D88D97500740AF82DA27FA205F2DE,256,,filC1BFE61571BA2234C4BDE354A4271C52
cmp5C4B3C318C32DDA3E0BE2EB5452B4838,{FA9AEB47-C747-565B-BCD7-BBE0D2D9736C},dir216D88D97500740AF82DA27FA205F2DE,256,,filDD31FA930C625411946BF8302829C15C
cmp1BDD38366364260816A9C023F85F278D,{649135EB-3BF0-557B-B02C-C789618AE7BD},dir216D88D97500740AF82DA27FA205F2DE,256,,fil72EF09060663FB3EE9ECEDACD3BEE5EA
cmpD62C1919527B94045B0A384FC5518F07,{6E04D3A9-B47E-5C44-85A7-E9D1C9DD5D72},dir216D88D97500740AF82DA27FA205F2DE,256,,fil9F1CC786D9975F542AAA7A0A5AF8CA2E
cmpCF2740451B7D1DCF4544D8D03A9B5094,{EB16FB2A-342A-5872-80C7-2208BD9571EA},dir216D88D97500740AF82DA27FA205F2DE,256,,fil78321248B4A29A403862B169BEDCFA90
cmp53A5F93970DCDD4E1E5A92C65BB7CEE1,{454DDA2E-0528-51C5-A58B-B427C8A6FE9A},dir216D88D97500740AF82DA27FA205F2DE,256,,fil30AFB06A0F4152E413236269B32E4722
cmp0C33E61D3EB80784D7826682779EA4C2,{F234E058-ADE8-532D-9806-AA7300242CBF},dir216D88D97500740AF82DA27FA205F2DE,256,,filA0379978D5296291DD841A4FDC6BA5CC
cmp526E7C31552D8E9B8E4A141493A620E3,{456938DE-3CC6-5E94-83A8-C4B10F80E5FF},dirD0E4F3C183A9514647A5A60BF86A3C19,256,,fil9CDD9FEC19614C77488A93B2FDFC3898
cmpA845E9D8040ADAE69426ABD3A3CD5BF5,{B3757936-A780-5B42-9FEB-BB8E9A66C4EA},dir8DB3E777C01305D013F08D52E0E0380A,256,,fil0F25DB49D7FBF3C789DD4B8905E4390A
cmpCE156506ABB34305705045F6C4564641,{3AC153CC-AE21-5332-B33E-41AF6EB88BF9},dir8DB3E777C01305D013F08D52E0E0380A,256,,filFD401147DEF3802371FB89F6A1C81896
cmp8CCDB1C6043984AD7E399D50DE9776A7,{CAA4E030-3114-5DFD-8AB4-C128E54849B1},dirB539A20D0A13D4536F282CB763667C65,256,,filCFE857C61C14DBD1F342255DC5F3F5AD
cmp53D4506B6015FED0C4F030D8C6C45158,{FAD6720E-75A7-590C-B76F-672B7213C814},dirB539A20D0A13D4536F282CB763667C65,256,,fil7C7326E01C7E903587E90AC26E151FDF
cmp5BA4A5A28AEDD09A43EB0A8C7FCB9E33,{CF2A02F0-4B1C-5DD4-8D13-6058682E23C7},dirB539A20D0A13D4536F282CB763667C65,256,,fil3E6DAFF5FF6CC0053A46B53E4D82061D
cmp64DB40A0F933AEEA9B11563C8EC19223,{50C4B6A7-7761-5564-99C1-F5B295C62D53},dirB539A20D0A13D4536F282CB763667C65,256,,filC427F712FC7F5DA788BC70F3D202305C
cmp5B1939D0CD1E9A3A982A98A71A427697,{5ABA8905-92E2-59C9-81AE-C86108017177},dirB539A20D0A13D4536F282CB763667C65,256,,fil57D097AB5B5F7DD605B5160F4AE2B2C9
cmpAE49430338BC7D2D4B880DE907201AD6,{6CF807C3-BC79-572C-BC74-7149C72915EB},dirB539A20D0A13D4536F282CB763667C65,256,,filDD12F699B03D89C4B3205032880B37F4
cmp730F02DBAC57DAC21FEDC21344FEEE23,{A71795C1-DDD1-52E2-834F-ED8C0DE6C8B4},dirB539A20D0A13D4536F282CB763667C65,256,,fil39883634F3463692C873D8C8B06FB652
cmp522A52ED196D4746D3A11C47BA21A97D,{10355595-CABB-5BF5-8D32-9E22890A98B4},dirB539A20D0A13D4536F282CB763667C65,256,,filE371769FCB792E1E56C1C3CE7DDFDBA7
cmp65B9521461CE951C38C1CDBF35489324,{332E6A9E-5665-516C-B321-6F0DD5DD190E},dirB539A20D0A13D4536F282CB763667C65,256,,fil290D2B2A0DF4DD50B6A55906C1E9A160
cmp29746F9787EF174F5B0EFA6876300FC2,{A2F2E306-069C-56A8-A127-2A34BDF17DA9},dirB539A20D0A13D4536F282CB763667C65,256,,fil3469AD00DDFBA6CA4524583EFD6A8866
cmp2C1598133D336872850E96812A71FFD8,{7DD66A5A-9B1E-5756-9CBB-41D2B32E532E},dirB539A20D0A13D4536F282CB763667C65,256,,fil90CF540D8E201903ED9E459A4652099F
cmp8035EAD5F6EA2F95B5215AD870D90BBB,{D5A35F12-1DD9-503E-A83E-250D030EE65A},dirB539A20D0A13D4536F282CB763667C65,256,,filD3DF9602EB5F6ECBC8EFAA1F12B2F2FB
cmp0ABC3BC41648787359E1AD2159CAA07A,{4DB826D2-0A02-5186-AA59-C398B37DD609},dir47D7AB0520CB429C7C230C513DC1EF12,256,,filFE2172AAE37635CE3CD0CF86D77B6D28
cmpC5083F80C8F24856A16ADF52F033A5E0,{B59C2E82-4B73-50DB-9A5E-C77F4B51A8CF},dir47D7AB0520CB429C7C230C513DC1EF12,256,,fil36A7750624B350E8936C72DEE83BB0C9
cmp19EE77F38380CE1DD706E9088ABBA060,{2778E5B3-64EE-5C49-8EA4-7D6C0F50219F},dir47D7AB0520CB429C7C230C513DC1EF12,256,,filBFECC3E9847B592423E796A10C5F1DC1
cmp2FFFD65DF3511110224BA540D7419EF1,{617FEACD-5463-505D-BDF8-A54D414ED5FB},dir47D7AB0520CB429C7C230C513DC1EF12,256,,fil9D6CA387279CFAA75BC6D325ABA2AFE0
cmp9417CA87A6A5D143C70DA5B5ED447887,{0F166D7B-01A1-52BF-AF97-43AA39368F80},dir47D7AB0520CB429C7C230C513DC1EF12,256,,fil4047553ED0E4A98ECD109BC03D889DBE
cmp3089FFD604856836F10271A98E8C5031,{08AEE723-DCE8-55D5-A559-BA93329184E8},dir47D7AB0520CB429C7C230C513DC1EF12,256,,fil219837D881D324E2FAF3081F91AE33D6
cmpF4E8190C90CF62FE1B6D0B62A0A6060D,{66EF3D32-3A80-57E8-AFC1-6548588FACAF},dir47D7AB0520CB429C7C230C513DC1EF12,256,,filD5D3EF5EC7D0EFC6A6D557D3D95F9DA2
cmpE885837012EB583F9E423DFC46EAF912,{F5E7E94A-3D29-5D64-95C9-8A5406A7BA31},dir47D7AB0520CB429C7C230C513DC1EF12,256,,fil6D38CBDBE155B29213D9F6A4169780EF
cmp6233CE706A488AB7A2588DF6A0DCBD43,{1550ED1E-4A57-5C14-BE84-3DA4225E5087},dir47D7AB0520CB429C7C230C513DC1EF12,256,,fil57107185FEB6214FA78DBAABA3E221BF
cmp231A7ADB7C75D6FE99F14979C3981A65,{94CED373-DFDD-57F6-9CEC-CD4DD23215B8},dir47D7AB0520CB429C7C230C513DC1EF12,256,,fil557138A8D61669E7E54C10323C899E0C
cmpD95DB63A3556AA1CFF400AAB10BA5F31,{CAF86EFD-395D-536F-BDFD-2C2AAAE0951E},dir47D7AB0520CB429C7C230C513DC1EF12,256,,filA3F977167FA3E17053DD46FF175608CE
cmpCAD444E2BB1C984380294B1F660CCAA6,{4BCC9655-582B-59D4-8D92-C9BF5B7A109F},dir47D7AB0520CB429C7C230C513DC1EF12,256,,fil6CFC8AB99A4CBBD270C4824DB57CEB02
cmp2080489CEA7634DCD118A3AB29B6D7A1,{C3C79EEB-EB72-5204-8EDA-C4DA80232D5A},dir86623B65DCF49296662594615082C71A,256,,filA413A54AC3BD5F41494E0FC382F41596
cmp3B3A94A0E48A586813AC91019417BD71,{7FBE2C59-FF10-59F1-8CE2-CBA76F706CD8},dir86623B65DCF49296662594615082C71A,256,,fil9556424F2F23E379205C4D0A6F0287C2
cmp8922CDC7DEF90258E67E64CFFA87F694,{C7F154E1-389C-5D1E-A750-35A71AD38EA9},dir86623B65DCF49296662594615082C71A,256,,filDBD2CB2BD00AD4EC3767C93BF653A15D
cmpA7AE4A0820097FEFAF2574B71FD9DEF8,{C4EE1A92-8EFC-5394-A7B1-B73D25296D7D},dir86623B65DCF49296662594615082C71A,256,,fil899E5F494128199A032FB861C1107B56
cmp3AB364A1CC16D768FA79F513657EFC36,{5D12D21A-39CE-537A-98F2-894E30AAA2FC},dir86623B65DCF49296662594615082C71A,256,,fil3C35D9C53B0C57E262F36A39AAC7F377
cmpD9A72BFC2C815EF2DB066A2482F98A30,{E368D569-6A1D-53CE-ACF6-4B4256EF7848},dir86623B65DCF49296662594615082C71A,256,,fil716F91ACDE6A5D98D4938EEA90DBC700
cmpF181A403434DD98869DBE75D3CA51044,{1F03F741-9415-5DF3-8419-D840DC1AD752},dir86623B65DCF49296662594615082C71A,256,,fil35D821CE984F3D0352A5003E4B3EDD59
cmp2A13D8B1EC3E4512539EA3D5778948A3,{AF5D218A-B560-587A-8A03-01EF95DB030E},dir86623B65DCF49296662594615082C71A,256,,fil19838B6470A5B7873790070E65FA8966
cmp77BC5A6BEA7BAF26271CD41B8618A090,{A7687C19-3442-5571-9AF9-8A57F2AD8559},dir86623B65DCF49296662594615082C71A,256,,fil0B987E15D7D56F5D879F80023B522BD7
cmpF31D41166C0FC7FE542210A87C358660,{718469D2-0D29-50F8-8225-B917062EAB8D},dir86623B65DCF49296662594615082C71A,256,,fil97359136868FE5AC3EE41C40B1939CCE
cmp230B422F2B095D13F81690E90610FCDB,{835876CF-DCFE-5001-B8F5-4C00C6F454F7},dir86623B65DCF49296662594615082C71A,256,,fil04DA3B4D242117E9C26731ECB189AAF9
cmp339AE2F8B92809D5542B4F04DBEA5613,{F504D9F2-4A62-5C91-9D20-7AD9F1EF89D9},dir86623B65DCF49296662594615082C71A,256,,filC5BAA4F4072EFED43326ED0BA5D46196
cmp45FBC1C89D4A0066B6C563A9AB6788FC,{615A7ECF-EE8D-5009-83A8-DDA8FD52049A},dirF5882E82A1FBAD94F725BFFBFE7FADD9,256,,filB0C79BE972880E31B7C2D1D75C84D604
cmp745F25C46B9A1128ED8EB311D2BDB642,{2F939BCF-9761-52E1-97A6-333EED73367C},dirF5882E82A1FBAD94F725BFFBFE7FADD9,256,,filEA9D89770F1C9294661C118F895B1932
cmp8A59557620655AFD5132E33A0FFE3445,{30B974B4-C792-51F6-8C81-867420C7BFAE},dirF5882E82A1FBAD94F725BFFBFE7FADD9,256,,filBD15B1FCECC410C2AE65CEDFFFD0CAEB
cmp4DC80B27C22049121E53B80C536426E6,{3B58027B-C5CB-5FB3-997C-54F6A4D4AF91},dirF5882E82A1FBAD94F725BFFBFE7FADD9,256,,fil419443BE83B5B2D716B47B388D7BCE25
cmp20F01D6CB210711593B3DC2E33D27590,{4A26EDFD-C3A8-5CFC-991F-9486AC95B7B1},dirF5882E82A1FBAD94F725BFFBFE7FADD9,256,,filE78F0C373AD1D2A217A9EDDE794DCD5C
cmp18788E25957BE0826EF9371AF332C866,{216E0229-9B7C-522D-9D9F-ED8A74244876},dirF5882E82A1FBAD94F725BFFBFE7FADD9,256,,filD1BAA570751AE42CA2EB7F66A9E7B24E
cmpDA1358DA5FAE1C72EB28808392290872,{910EC862-5084-5E7F-859F-55F980CD0EBC},dirF5882E82A1FBAD94F725BFFBFE7FADD9,256,,filF638AFE024B0ED3E53869E4C36BD61DF
cmpE07FA55AA7D018473B6C9BDA1C46CF1A,{1730C500-3738-5C96-84E9-0A7C84C8C744},dirF5882E82A1FBAD94F725BFFBFE7FADD9,256,,fil0977E2378781E0574AE10EF68610B41F
cmp0194C1D188263E04236E4B543EF769BC,{75A970D7-8D12-58EF-AB07-A2FB52567D91},dirF5882E82A1FBAD94F725BFFBFE7FADD9,256,,fil9FEDC09F95485D1278CE464214FF18D9
cmp81CB98B6A8FDFEDF8F0B705A06EFA369,{103028E4-3CBA-5492-B02B-7274C01C93D3},dirF5882E82A1FBAD94F725BFFBFE7FADD9,256,,fil6E47B6812DA7098BAE32B255311A6F94
cmpB60ABD338A629D46816E7D414C56F33F,{0C08453A-45AA-5682-BC4A-98F62C6F4DFB},dirF5882E82A1FBAD94F725BFFBFE7FADD9,256,,fil557A8EC79365395C9D058C686AA06B0D
cmp4E0D46600C6EC22CC5BB28685D4FDD06,{739FDF1A-3D83-53DD-86B3-BC5A77F3800C},dirF5882E82A1FBAD94F725BFFBFE7FADD9,256,,filF08B2493967D0B10B139F50583AE52C8
cmp97A13A0C15A7CA33EA112BB9108332CD,{0E074797-5CFC-5E25-B962-77B8D387FE76},dirFF9D7A317A2E81FC5335A0338395ED96,256,,fil9B6C51A4D12531E68613EC83E37AB240
cmp72A98F9519A8FFDB8763B316E4F548C8,{5977F5B1-928C-5E38-B675-E97E8A5BD4F1},dirFF9D7A317A2E81FC5335A0338395ED96,256,,fil35546889B87E5E9DC641EC6E44D12516
cmp5C5306C7E379FC708130D9872215AE52,{C7FBE639-ED78-5D3E-BBFB-E27003A9CBD1},dirFF9D7A317A2E81FC5335A0338395ED96,256,,filBAB8C0A14FD0F29EA23F87614A0EEF51
cmpC5ECF5A2BE0A79ECA15F1A4933EEC9DB,{00E8A387-BDD0-5C76-86AD-D5FF443400A3},dirFF9D7A317A2E81FC5335A0338395ED96,256,,fil464EF73C53DDA7EDF9B0DEBF6D9C6F00
cmp0A9CF6195E04EA50D69D37BE14D3A34D,{D2B0F395-75BE-55E1-98D2-CF91E4065B3B},dirFF9D7A317A2E81FC5335A0338395ED96,256,,fil34DF23F0A81A2BF83FE6A09A421E61BE
cmp887C2B664A1210B04C626C682AF2D9B5,{08448B43-8A8F-5AD9-9B6C-02E1E4F6D116},dirFF9D7A317A2E81FC5335A0338395ED96,256,,fil098D140E058676DC37BA4CA4C662B626
cmp492E8B394625774DFD504D3914490C6C,{094FED1F-2B19-5166-A638-850FFE6BCADA},dirFF9D7A317A2E81FC5335A0338395ED96,256,,fil1C032FC1ACF6EA7A192B012712F3DE2F
cmpC05BC8E6DA8730AF2C0CC106107AD21A,{44FC8A5A-0E92-5D32-BC3C-674DCC52F5CC},dirFF9D7A317A2E81FC5335A0338395ED96,256,,filE0DE8F175C085A32C0ED864560483D83
cmp308151EB8F19A23B41AE234E51C593AB,{8ABA21A7-19A6-50BF-AE27-AA0EB62E9734},dirFF9D7A317A2E81FC5335A0338395ED96,256,,fil487A4466ECBC53934D242F48592BC49A
cmpD48D4ADEE47B9C799E0C9AEFFEF890E3,{4026C96D-5381-58E8-95FE-4297B67EFA90},dirFF9D7A317A2E81FC5335A0338395ED96,256,,fil5B52369337CD4179A6359A6A37B9D77E
cmpE7418A4708DF96145FAA5ACC831BEF63,{9C9C7D9E-C5EE-569F-8AD6-0E4CE99685E7},dirFF9D7A317A2E81FC5335A0338395ED96,256,,fil507960C55A8CD4DA09AE0DA94704B405
cmp81B12D742D81CF0A32B8D0FF50313084,{D3D328F7-3A66-5F53-928E-139043658A2D},dirFF9D7A317A2E81FC5335A0338395ED96,256,,fil63F6DC7FC426FC0AD164F51FF50844E3
cmpFDED06470BA8C8D39103A799F793F1BC,{F3CCC570-3BB2-58A3-8B8D-D25724242151},dir5B32F7ADD2A041EB7A7FEEB0A7C22751,256,,filC6B32564EC2016DE0E0B72499609335F
cmp2747F32FCC927AAEDE06C6AB30A5AC77,{DD0DC9A1-2705-5DFC-8E56-B2EB67278035},dir5B32F7ADD2A041EB7A7FEEB0A7C22751,256,,filBD9303AC28E5DCFE2F34E554A6C49026
cmpAEDE62F8F4FE59E6CBA88A4786B4FE7C,{6B9DF282-EEA0-53BA-BAFA-C2B677DC64FD},dir5B32F7ADD2A041EB7A7FEEB0A7C22751,256,,filB792462DBDDFBD483A9E309268DC5D2A
cmp2A011BBD18A1D6FC6D0852D820B1E9F5,{27B18096-5793-50D9-9980-6668A638C9C6},dir5B32F7ADD2A041EB7A7FEEB0A7C22751,256,,filBDEFB372CA5A74D778532620E40E18AF
cmp9AF04775022A8D6B147C7F91AE818343,{6009F1E6-7518-55C2-A983-CF5766FD8C0D},dir5B32F7ADD2A041EB7A7FEEB0A7C22751,256,,fil4129827FA8AACEE92FF75636167DE4EC
cmp93B15DAD8203A8623F11B9F07BF53FB5,{8ECBD290-714A-50A6-9E5E-8481D1FCBE3F},dir5B32F7ADD2A041EB7A7FEEB0A7C22751,256,,fil9B8CC9828BE8E36B0D6D58AD20058D88
cmp4EC9DDA0236D901AC38A09697D91D635,{02E335EF-3708-51A2-8A3E-DAACB8F2ACE7},dir5B32F7ADD2A041EB7A7FEEB0A7C22751,256,,filE54DE7FD284CEF59E843D69E90A8D8FB
cmp4FD82966E2D81F19AA1B9F7EC3DF4AA4,{53A359B6-85E0-58E8-9347-E4D6B92ED698},dir5B32F7ADD2A041EB7A7FEEB0A7C22751,256,,filD1304A3E0B0011C811D23BB7803EA571
cmpC0B838AA7F6A414877E19B2F105566C5,{9F81A852-A95C-5450-A31F-C499E80D37DB},dir5B32F7ADD2A041EB7A7FEEB0A7C22751,256,,fil9345C7B05C3AAABF48073A54420DC807
cmpEB7EF79238000E4D804AA9D6781FBAF0,{9C3AA618-4C8C-5637-B531-C79C6A7E1764},dir5B32F7ADD2A041EB7A7FEEB0A7C22751,256,,fil105F02A2919B508B05063F6EAC93211C
cmp04DBDA5537664C89174EC785A30DC338,{A50892E8-B777-5BA2-87AE-9BEAECFD7EC8},dir5B32F7ADD2A041EB7A7FEEB0A7C22751,256,,filDF62BC07D35596F46CF49B82CCBCCEF0
cmp8BBF07E478F47B41939A21CD192D2D50,{BDAE275F-FCBF-5405-8C69-FB34F72C2A65},dir5B32F7ADD2A041EB7A7FEEB0A7C22751,256,,fil68365B120B7BCDF789EDF3ACD59034E9
cmpA0258F71D133584FD27ED2C155C61BE5,{A63C431D-077B-5B6F-826B-8B1781804A78},dirCBE0F15DC99F67C35D9A0A5FA2810571,256,,filEF6F2C374630A1723EF009D99B691F5E
cmpDB2E0E638167D9F1865A71DD3DA9CA4F,{F3320967-0931-516D-9A35-0BC8BF8DE7CE},dirCBE0F15DC99F67C35D9A0A5FA2810571,256,,filA3ACB136332C06E62BE691DB3E56DAFF
cmpF863B0A68D1AAB20086FA5E0D532559B,{2B5C26D9-68DE-5E75-89F8-95B3FBF5C97F},dirCBE0F15DC99F67C35D9A0A5FA2810571,256,,filDBE830C079F6FD0FC96DEEB7E6D0B43B
cmpB609DD37A390343802A85AA1BF93FD31,{E81E32EB-B5F0-53AB-AF9E-3A1FC4DB37FF},dirCBE0F15DC99F67C35D9A0A5FA2810571,256,,filBB4402A0B7643E7EE86A28C6DB507328
cmp0EAD7F87DFC3CB99173357D636ADBA37,{4BDD70FD-9A83-54E2-AC9D-6EBC4F82FD5A},dirCBE0F15DC99F67C35D9A0A5FA2810571,256,,fil4B544FF51C7CBFE2BF86870CFA466C3A
cmpA5C6A46E957EE41089D4162193664F11,{0FB27DFB-FEFF-549B-A804-7D98A02137E3},dirCBE0F15DC99F67C35D9A0A5FA2810571,256,,fil8C467763C7CA2944530D8A8C615AA5F7
cmp7AFCF62A3801132A9C7CC57705C76B2C,{4C054D79-2B25-59E6-9A4E-CE129BA96D6D},dirCBE0F15DC99F67C35D9A0A5FA2810571,256,,fil20248D9466B1B79DC87D9A4CD57B6DD2
cmp437F0BA216907F375B2155FAC4CA857C,{183B171F-5559-58C5-A851-963DC5EA5AC1},dirCBE0F15DC99F67C35D9A0A5FA2810571,256,,filF94F7F199264FC258742C8C1CEE81FE0
cmpB03821012CAD110A2ECE97251C90550E,{0E49E365-2886-539A-9E2C-1895EB20F278},dirCBE0F15DC99F67C35D9A0A5FA2810571,256,,fil174752D61B926411D3185EF6D31EAACF
cmpDEDF19A475CF2E4901619D2636200A22,{C7643DAA-7CD9-5B07-A235-6993436D7E8A},dirCBE0F15DC99F67C35D9A0A5FA2810571,256,,fil88CB297636A4976360A4599048DD4A59
cmp2FADA3B1CA69766335EE4DFF51660442,{B6FB0451-8B04-5882-961C-3E41BEA1A4F7},dirCBE0F15DC99F67C35D9A0A5FA2810571,256,,fil8E089963E57F19DD46592EE0076A9539
cmpCCFC784CCACE07D7563BA5A424E60125,{598C4559-7428-50A8-86CF-3C2BF3D4E507},dirCBE0F15DC99F67C35D9A0A5FA2810571,256,,filCB9B1663DF24135121BC6097747F9820
cmpB3A9A0E5D59DC98D16D33F49106832F9,{67A2F231-2E6A-5980-A00B-17D416642617},dir2EE7202E6A2FC530806E4A0668FCF903,256,,fil7256ED51E3BC3B2C01537F8DF784EE32
cmp786022BC3F2E2E7682C596A5717BC261,{D1ED3AB0-7157-5ABE-B086-15D6D6A65AD2},dir2EE7202E6A2FC530806E4A0668FCF903,256,,filF644B67103E742D4E2A9909F2D19CC4A
cmp8C89C9567A76341EAB85CE50DAB510BB,{E99D60EC-6A12-5761-974D-917368756C0E},dir2EE7202E6A2FC530806E4A0668FCF903,256,,filDE6F4421CF6869709A9318A63CDF3B82
cmpD184E3B37A349C82A5E184FDA6272E77,{B62AF58B-A830-5E11-AEFA-0EA90DB71E61},dir2EE7202E6A2FC530806E4A0668FCF903,256,,fil333C68A88B7D41036CE090C360558F4B
cmp22080FD079D8E7F3D0C95D4E2A7B20CD,{908C36EF-C229-5414-A8AF-E8F68C3BB173},dir2EE7202E6A2FC530806E4A0668FCF903,256,,fil7CB7D555C67C886C5D7B6C8459D59A16
cmp58221240076A15477A7B08DE7913629D,{8827F782-E918-5146-923D-8966F3E4DD97},dir2EE7202E6A2FC530806E4A0668FCF903,256,,fil5DA0BAF86CB75541E65B16A7F9EAD35B
cmpDBBD39955ED72CDE1D4F26CB1A2D2BAA,{CD82D34E-DDCE-5077-B117-4A826CDFEB0A},dir2EE7202E6A2FC530806E4A0668FCF903,256,,fil7F59826AB30F8DD4DE4278C735DAAC39
cmpD38E600508C4817BE3FAB017A61F1C8B,{12ACFE1E-A3BB-5CA7-A404-89786EC864C8},dir2EE7202E6A2FC530806E4A0668FCF903,256,,fil1842071DEE797CB2881C86F63AD829E4
cmp13AFFD23023CE0CEFBC55FE498A17780,{EC447BA2-6D3E-52C2-A65B-83C562B9907E},dir2EE7202E6A2FC530806E4A0668FCF903,256,,filF9190B3A888AAB51D0D2491A2F398BB0
cmp90DE8F08FEEF9D63B4E2DB3C029EF817,{9EFA7B1C-B5E3-5731-8DC5-71176F0336EB},dir2EE7202E6A2FC530806E4A0668FCF903,256,,fil4E5FFA7FD1CC9AB06C6C34DB0F8E7ACB
cmp11F9B62D64F10468A00D41D84E8894E7,{109ABDBF-6F9E-54EB-9735-B15861EE62C1},dir2EE7202E6A2FC530806E4A0668FCF903,256,,fil7DD6C216DA4C36071BB9BF0771D62708
cmp60454BA9AADABF78F617EB4894FFA956,{5BC3B2C2-4367-529F-A84D-1E6467010692},dir2EE7202E6A2FC530806E4A0668FCF903,256,,filDBC23276ABC37B759DDF16484155DFD6
cmp55B96A944D798C8EED95AAEF35F888BD,{A503F1CA-EC9F-5EB3-AE7E-317F3932EC27},dir4B9223789B4F987E617DC8C226F54488,256,,filDF074390EDC032EFDC7A6AFD5E2A0816
cmp00C4E68BACC58484842A3AD178D5EF42,{2151ECB1-E011-5685-85E0-EFEA84F9978C},dir4B9223789B4F987E617DC8C226F54488,256,,filF8106AE5989333802318F057C0BE97A5
cmpBAE12497D497DF62C21C7D594D368B42,{0DB08D4C-407A-517E-A7EC-7F8E15769E8C},dir4B9223789B4F987E617DC8C226F54488,256,,filBEA5F69672F66B6DF572AA535181B9E8
cmp8BF6F41D7BDE77ADFD507A3928A97645,{7919575B-A6CD-5EFB-BA9A-6A8F61D374F8},dir4B9223789B4F987E617DC8C226F54488,256,,fil619B95C0FDA57954FF1FB2B1F0EC5727
cmpC960C9A34DE3266E38DAB88810666178,{F26EE0FD-7A4D-5198-A90A-86C0A1AE297E},dir4B9223789B4F987E617DC8C226F54488,256,,fil914A4C2299ABC5F780DB337CDEA7BE54
cmp023E1DAECA4D197A36C59CE7B9FD3884,{86743E27-BD9B-5533-A649-F447B12BDBBC},dir4B9223789B4F987E617DC8C226F54488,256,,fil1F7BC32A625C7AD1EB2528196AC120BA
cmpFE6D370787DB88C4807FBBF992B53AC0,{A67260B0-5F0B-5479-99B9-92C0762F77A8},dir4B9223789B4F987E617DC8C226F54488,256,,fil3A2C1DAF6F6E6883ABBE2DFE79AFB881
cmpDB3CB59B3071D300E3D474D1EF2FEC34,{DFA491D8-F042-50CF-8D4D-D4328E9F919A},dir4B9223789B4F987E617DC8C226F54488,256,,fil2D78B5F418B7923490F5BC3F8D052C47
cmp7A3F41CD68A7AE5E97BD2DEC0372B314,{D42F5703-AB73-5CBE-BCF8-4435E47AE89D},dir4B9223789B4F987E617DC8C226F54488,256,,filBD7CC0BB5263269C9C870DE49DCF5ED6
cmp7E04C3B6606D78ABA7A796BBABE6E04C,{63F30BC7-7C07-571F-A279-AC38E3C79D3A},dir4B9223789B4F987E617DC8C226F54488,256,,fil4B2379DC68DAE3ABB02C2C658B8AD6C6
cmpF4153CEAC5BC8FA81D9B91DB75F06369,{3444BB9C-C6BA-5D3A-B08D-103630723B07},dir4B9223789B4F987E617DC8C226F54488,256,,fil00215A1E527EB688C26E1892B0B196AC
cmpE5FC145900B653DA20C24B148A95377C,{B9B04246-E331-5EF9-8CA1-E531A7BC73A1},dir4B9223789B4F987E617DC8C226F54488,256,,filED54E52F9C0D38626F07F07A2CEB37EC
cmp0EE99AFAB4AB95394CBB1AFE84FB4FC7,{B83B4513-9C05-59A9-B98A-EBD945AD9C9F},dir7B257CF7CF688A19523A1B0F3319B5E6,256,,fil9FAA2A044379DFCD1BB2FF8EF99BD401
cmp8CEBB713F22BB7BEC8F4C7D5B0135C0E,{FAC514B5-007B-542F-A97D-6243F709F02B},dir7B257CF7CF688A19523A1B0F3319B5E6,256,,filD6464E1D2086DE93C990A4BB769CF7D6
cmp0F82C25101B553FF21368681A35F57AA,{852E43FF-9BB1-5DF9-8BB3-B2213BF26D7A},dir7B257CF7CF688A19523A1B0F3319B5E6,256,,filE2C4B7801399F7244733D00330CF3BD9
cmpF21CFA6094BF66C4C55ECB1C1013091D,{9D141A24-3AA2-5C60-B78B-164BBFC2736F},dir7B257CF7CF688A19523A1B0F3319B5E6,256,,fil97F95B14C807A610AEB0E785F18FE12F
cmp00D4A5E71D4090496D731B0702475DA2,{15C6EEBF-CC93-5EEF-BF14-DFB4BD3BB21F},dir7B257CF7CF688A19523A1B0F3319B5E6,256,,filAFA9AA87DA17941A8F45784C706BC321
cmpEE3FEBD8FB975733150F2C9B05A7DDAB,{47A1B342-A8AD-5596-ABDC-3B309E14454F},dir7B257CF7CF688A19523A1B0F3319B5E6,256,,fil3BCAB5DE7BF620FBB4EA8140E16EC6A9
cmpAB9302CBB5F4EF0C11D3D2C19BA025D1,{AC5C5CFD-F6C1-5EF1-A68B-2C8DA01E0B5D},dir7B257CF7CF688A19523A1B0F3319B5E6,256,,fil22AD4156EF5FE1DEFCD0679FC2F0484F
cmp1C2623AC3509A291D369B205C48C1510,{BA38113B-9C4F-5E89-A552-FAECBB53F1DD},dir7B257CF7CF688A19523A1B0F3319B5E6,256,,fil3011B3C6677D96F6531F7502D3EC2C0C
cmp3CEFC36F68C2A8AEDA69E23AD5C47427,{13B71CCF-9205-5666-82DA-57EEAA22D8D0},dir7B257CF7CF688A19523A1B0F3319B5E6,256,,filC3B8216469714884DC0C20639C105B0C
cmp1E32E5C67D6B10C24C2BAE1931556A1E,{B483A5CD-F4ED-5D76-B1D4-B81039037C1E},dir7B257CF7CF688A19523A1B0F3319B5E6,256,,fil489187422234AF29658F7FBDE8B91CF9
cmp50E48BC518B038632FCD9C5B5D62058D,{A6D6C98C-0620-54E6-A86E-E90264DCB12E},dir7B257CF7CF688A19523A1B0F3319B5E6,256,,fil1A9AF7B3C63A54EDCEAEE6F5600FCC46
cmpFED89C06804C519019F9250C60B907D7,{1DC5C048-E125-5942-941F-CECBD82FEF4D},dir7B257CF7CF688A19523A1B0F3319B5E6,256,,filAEBB2E5B5E6B578021F66FBE0A5F8A43
cmpA57EB91BB3F4B473886B045D130FA20F,{5F85767B-EC6C-50D8-ABA9-EEAD5DC97F40},dir1D7765223A3B2C85393667441929D69E,256,,fil006FB1C869377E87739CADD2D7F7514E
cmp54DF786FBC4FB8EA62DA89ADBC289C3E,{8B4FFF85-ABFA-5880-9FA2-50F1F9D6E723},dir1D7765223A3B2C85393667441929D69E,256,,filF3389128343F3BF2F305723CAC83B302
cmp7FC7226ECD32D5081B4F0CED391AEA02,{E649A37D-577C-53A6-A49E-7D7809E20BC0},dir1D7765223A3B2C85393667441929D69E,256,,filF448442EA22B30435D64564355D49659
cmp77EF271AA425B3F39E9B8F3AF601A260,{154ADF8E-558C-5043-8D50-41E27CF37A1A},dir1D7765223A3B2C85393667441929D69E,256,,fil434D7F7C55531B7EA194F5A187959392
cmp364FF16DD7FA64C8F5846695C26ED779,{EE837437-E295-5565-9593-985525682E3B},dir1D7765223A3B2C85393667441929D69E,256,,filCED73CBAF3A4E93CAF6CA56EBB998D62
cmp97725713BC6AAA7E27C26CDE8596E63E,{DA518D69-BAD7-58DF-852A-B1EC4C6650BB},dir1D7765223A3B2C85393667441929D69E,256,,fil08AA2DF596433191B0D66B2FA6458527
cmp2D36E0F96A909ADA25AD4DC4418BD1AF,{77BC16E9-A867-5250-A42A-B3AA98810709},dir1D7765223A3B2C85393667441929D69E,256,,filA3E97FA2450C4433C6B2C2D864E7E14F
cmp57F8F1D656996747C62FC9E206FB6E9F,{ECC7C413-E0E2-5F7A-8224-D49AEEB4DAB4},dir1D7765223A3B2C85393667441929D69E,256,,fil47A4E1E03EA5AF14145280C0E0054283
cmpF08AE2BE9DB0D66A7F66FC18C5B83599,{97FB1838-0AB8-5C1E-881F-67D1BD9E835E},dir1D7765223A3B2C85393667441929D69E,256,,filADE89D85A2D4E267E9F3039EB56452B9
cmpCDD01C55BC62169591A11EDC050E23FA,{E82E521C-7CEC-5AA3-BDA0-FF23B58D519F},dir1D7765223A3B2C85393667441929D69E,256,,filAD90F6A55095DD828FE9DF6682C22A94
cmp789A391F2492328C0C9D7E36DB7F995A,{F8932F98-9084-5838-AE14-04874E30ACBA},dir1D7765223A3B2C85393667441929D69E,256,,fil824596835069E0C258EF1C43FC8C9CF4
cmp04C3B66D4F60686A5CFCEEA383ADCDF3,{809FC8C1-2AC5-5307-9DA0-EA521300F591},dir1D7765223A3B2C85393667441929D69E,256,,filA7B8DB2286270E0BE6A83470ACF8CBD6
cmp2E3AEF76E7A88E99BC5BAFCA167729EB,{EFC77291-43C4-537B-9E0F-B6DBD09D2C61},dirB3481F606A65D7EE2DE28455051FF24E,256,,fil4262EED1B3104B8A665C088EA106546A
cmp80158CE80F117223F0EF221E2D2DA390,{26B86CFA-BBB7-5D29-9C01-A50D3F804182},dirB3481F606A65D7EE2DE28455051FF24E,256,,fil74ABF29D2DB8B9AB33C673267A340C7C
cmp8B0ED656224318F2C0C832A348B261F1,{9AA7B8C5-F5EE-5E31-8B30-1A60E25AB234},dirB3481F606A65D7EE2DE28455051FF24E,256,,fil95B23F1FCB0134F8748DC4AB300D5421
cmp9AABC5DD7CFBB290A164423C466FBA18,{82FFF697-B091-582D-A284-D11B44C7668F},dirB3481F606A65D7EE2DE28455051FF24E,256,,fil9BD58D02DFC56AAF8DA0040189C8EAB6
cmp21AF37B3136C75C7662266D035FD4015,{3EF6DA0B-E7C8-511E-9E54-D121F008D5EC},dirB3481F606A65D7EE2DE28455051FF24E,256,,fil795DBD6193FE23DD03536DB32479BA71
cmpC3E798F725A4310ADAAC3125989ECB33,{F96BE298-1DCD-5C56-AC05-6DE2C19A1D43},dirB3481F606A65D7EE2DE28455051FF24E,256,,fil96B19936086EE845C89A69DC44B2E9C1
cmp958E4A4B80EB77023AE653F38E95EDD7,{9A211291-742D-52A4-BE23-89D5D5518770},dirB3481F606A65D7EE2DE28455051FF24E,256,,fil619ABB15E138ECD13718E11F2A2B5875
cmp7BC02D9BB8338E7F7AAC606E032AC499,{4A58195D-15E3-510B-9704-E82669AB4B09},dirB3481F606A65D7EE2DE28455051FF24E,256,,fil8A46218914856FBFEBFCB3AABFB66016
cmp07EAE36E704DF78A6735C0981C92A414,{36172644-1F60-534B-B81A-2A3D52EDAF61},dirB3481F606A65D7EE2DE28455051FF24E,256,,fil9C51002998F93ADC4AE8E93153DC8331
cmp80F6F4CB1E378632C8D3E7996DFACB4A,{C636DA99-725F-5251-B4D2-66190715E2C6},dirB3481F606A65D7EE2DE28455051FF24E,256,,fil96D708A9AE66F951C928608792D75883
cmpD6AC0921C0E1B1CB62EB9D22CAF5C83A,{14A82221-7ACD-5E9B-82E5-02F62D72CA87},dirB3481F606A65D7EE2DE28455051FF24E,256,,fil28A22686A798071F7E753462E61F3321
cmp54522E5D5E6D14028D408B794256ACA6,{F60BAA32-F42E-57EB-8E9E-D837B12A8691},dirB3481F606A65D7EE2DE28455051FF24E,256,,fil91718F51AA935AFC7B755B3165D8FF6C
cmp6817FA14AB407AE03D7B328AB3DFA59C,{4739D850-39A3-54CE-B2F1-38885A5B579F},dirE762BE29988DB3AE70FD363A95EA2E3C,256,,fil5580C40938619475291DE10225B5EA5C
cmpD21BB868EE05228523FB8FAA0A5BDA05,{7D2F2741-F256-594B-945A-3F21E723419F},dirE762BE29988DB3AE70FD363A95EA2E3C,256,,fil2AB90D33C23D70FF17094BA921D609E8
cmpA376AF23D4288F82D1182CA440F47A94,{BC47A747-B1F9-5362-8519-75ED67BEC0ED},dirE762BE29988DB3AE70FD363A95EA2E3C,256,,fil81CD64541CB41B17DE033984CDBA303A
cmpE2732BD8DC55E7D0D387A8D1FDA67614,{45903099-693A-5436-B816-8A7A09456361},dirE762BE29988DB3AE70FD363A95EA2E3C,256,,fil6FC73B80FE0AB4D37B47D3F9BD4F6595
cmp1F47EB5392FDCEB9781197C645B74C25,{BB84E87A-A613-5A8E-8D61-FD6AC3C0F8F2},dirE762BE29988DB3AE70FD363A95EA2E3C,256,,fil39BE9712CE3DA34C12362B03518A6EB9
cmpF4A191669BA42DCEF026B8966AEE3DAB,{8A4AA71A-A2DA-5DF5-96B3-61C67B8C1EE7},dirE762BE29988DB3AE70FD363A95EA2E3C,256,,fil1AF89D3E8BBE651A54E88D5E0A69F9FB
cmp872981E0B3519C7043D7EAE8391168A7,{D3274532-91E7-5189-92E3-EDCD4A36035A},dirE762BE29988DB3AE70FD363A95EA2E3C,256,,fil16480E3523D498CBE64E0EC89737B43C
cmpE93E7C12F1B68514C88D7DFF2325B108,{69823F5A-C6E0-509F-A623-7E6D84D8BE88},dirE762BE29988DB3AE70FD363A95EA2E3C,256,,fil2544B379E825AB982ED5D39365EC959D
cmp0BB511034AEBE0BE7E4E601EB3E427A8,{25151BFD-8956-5CD7-989A-787FD1685285},dirE762BE29988DB3AE70FD363A95EA2E3C,256,,fil5C1EE6B52204D147332ED3007BDD7202
cmpAB9F4F8F8797A846BC832A0A07969283,{EB3ABFB4-B77B-5A48-8760-573C7F0DE92B},dirE762BE29988DB3AE70FD363A95EA2E3C,256,,filF3B87AD7BF6C6F8091FC61B8DD9BA816
cmpB00F96BF233C5F354B37CF5C16CA5880,{38A0FE81-97FC-5519-98FB-C3DD8BC6003C},dirE762BE29988DB3AE70FD363A95EA2E3C,256,,filC63309E727FFAEF24B33424CA9AC76C2
cmpD141C2FF2F23DA6D6924D48CE82EBB5C,{879AD7AA-A605-59BD-8C25-3918A48EF66B},dirE762BE29988DB3AE70FD363A95EA2E3C,256,,filB9A3FA71699A692C9C08D1CC102C2027
cmp9C3922A062C65882F13354417EF6960D,{97C1D517-3DFA-5604-93EB-07D53664C461},dir961807FC906380B3333D73B5BD55BE43,256,,filB0BCD1AFA788634B9ECBFABB20580E31
cmpA05BE086BCD1CC22D6814009C4D2AEDF,{9040775B-24DF-5251-98A9-8C8F2FB3456F},dir961807FC906380B3333D73B5BD55BE43,256,,filB1475AD52B4CBE17653208E3E5DD06DF
cmpD0A963909A1EA7518005D27BB0DB7432,{773382BF-D3D8-559E-9913-CD39E6586F0D},dir961807FC906380B3333D73B5BD55BE43,256,,fil8B918E1939897F865F955B52942A9181
cmpFF6D3EAB791AEB02FC1BAD5A2747188C,{C1F98254-60D1-5221-A6F8-2D4B30EBF5F4},dir961807FC906380B3333D73B5BD55BE43,256,,filD48454EB9EEFE7B35C4755E892CE9B7A
cmp9C01344195B0B519777E4D676CB5FA9A,{42AE5B2C-DBC3-5ACD-A77B-C51C01981198},dir961807FC906380B3333D73B5BD55BE43,256,,fil884F50B8574EF67E72A7CE6B2F8C356F
cmp631EA15DF8F0D5BCD4EA51A3CCAF1ACB,{E8EA0BB1-128C-5F5F-AAD2-D81FFDE2F1BF},dir961807FC906380B3333D73B5BD55BE43,256,,filE1477ECA242D34D5959E28564419FEA2
cmp65423A2E8A1D856FED551EEF5F2AE239,{4448DAB5-5385-5B65-865C-FAF83DD6BA05},dir961807FC906380B3333D73B5BD55BE43,256,,filBC1A7B016A57DD0CECE9323BA51692FE
cmpDF56843F8B0916E6EC7E5E36C513126B,{EA420024-BED1-5674-BB4E-04DAD14F4A09},dir961807FC906380B3333D73B5BD55BE43,256,,filC57A21E6B8F85C0932BB4AA727D48EFF
cmp98627786EB434784133C6A7D7C5C5E8C,{C9236DCD-4386-5DB6-A4BF-C9E3E593DD34},dir961807FC906380B3333D73B5BD55BE43,256,,filE24F3A974B5E7FF0DB4506B220C04A3A
cmpFAFE74B39E0E2ED4709F7AB195044BCE,{2110AD4A-A480-52AC-9A1A-ACC2A7CABE53},dir961807FC906380B3333D73B5BD55BE43,256,,fil92E54524313BE504B23186A65F3CD860
cmp06A877334B93AE19A91397B3D860412D,{08132F49-69A9-5F0E-AB31-6E8CF54901B2},dir961807FC906380B3333D73B5BD55BE43,256,,fil216899415AF134D4A6235728724EE062
cmp0B6874021C0FA2FD768335C4623C8947,{CBC93F7C-F6B5-5EE3-8D50-7F2125020154},dir961807FC906380B3333D73B5BD55BE43,256,,filF86E31DB729EEF9ACAAF6CFAE65A8E18
cmpD5F2BDABFCA8098D29960246272394F8,{0E1C408B-10C0-56E2-9FBF-C2BE49F30DCE},dir83AA71950D11CCFF8759CAEC8D25182A,256,,filE8AABE80D8DD4EAA86A6E1A8BF875B15
cmp745670A878C391C2CCC403E0C349A065,{04F6DD12-7103-5EB3-8C03-CD178157D645},dir83AA71950D11CCFF8759CAEC8D25182A,256,,filE9245C0195E1F71408118469DB568C9A
cmp075A9304B69B62B31133DF4808229FA5,{423A7A54-B5EF-50F6-AAF9-4368715C217B},dir83AA71950D11CCFF8759CAEC8D25182A,256,,filACFC3F358AA05A98AC1C0E312E6903E4
cmp6C7B276C7FED66E1D6FC0CCA4C9FD83D,{5EC1EA4E-ABB3-587D-BB58-89482E5EA6A9},dir83AA71950D11CCFF8759CAEC8D25182A,256,,fil49FC3D90DC55FF7A4C537B99E1A67239
cmp2287399BF57A8D3D6CC97566E4FD17AD,{0428889C-5141-58CD-8E0D-F7B2C885A3CD},dir83AA71950D11CCFF8759CAEC8D25182A,256,,filA91AC9A42C8BE996438B639D9EA825C3
cmp6CE39E6E7948E4BF4269F5C9D5418A71,{0416FA01-DD89-5E20-BD7C-4788EC079915},dir83AA71950D11CCFF8759CAEC8D25182A,256,,fil7BF5BBC730F93E2F4B153BA5657E1B4D
cmpCAAF16733D61EE63EE06FB827E6EADA0,{0B70D967-811A-5E54-8D4B-9200B50D6DEC},dir83AA71950D11CCFF8759CAEC8D25182A,256,,fil59601BD5EF51C4062C7A5F9F9CC14BDA
cmpF0435A1AEB39D2FB85519973DD79A1E8,{4242A581-3F06-5F82-A947-F503C2BC42B2},dir83AA71950D11CCFF8759CAEC8D25182A,256,,filE69F15EEA82BFDE77BF9218C75952D3F
cmp47184BA63E806BCA203911CCD21EACB2,{DCA14087-7EED-5CED-9999-31A78B15EB75},dir83AA71950D11CCFF8759CAEC8D25182A,256,,filDC8D909AF8A602D31422DC69CE373F3E
cmp3DC83A9E23E3FC29F10AD3D58832AE4E,{42B177EC-F261-510D-9ABB-759BDC2B3202},dir83AA71950D11CCFF8759CAEC8D25182A,256,,fil60E8CD9B61A5C565FEE01C22144B9515
cmp399A6CBFA05D0DC609F8C7D35BD3FD13,{2DAFA45C-D6D4-53C4-BF91-F87CEAE08DD9},dir83AA71950D11CCFF8759CAEC8D25182A,256,,fil1391E1CC1FF89188E5E9082461900621
cmp5B8916E7C6AB7FD1F0549FAB1432C878,{0E507F84-98E3-5B53-817B-25F25838B96B},dir83AA71950D11CCFF8759CAEC8D25182A,256,,fil4369CFE123C41C1C5CFF3E2C2B29E946
cmpC78FCAB155EFB4631C6A6754C7D07D86,{6E005105-87E4-5A3E-9A49-06AF3742226A},dir15AB2976B8DE1FBE7E4A44471CBD69D9,256,,filC1F1F91D467AF5CCA6E905FD5ECFDF98
cmp281110EFECA805176B52A3480722DEF8,{541929C1-E880-5979-9995-AFEB30E026B5},dir2E914090469901485D2620F11C6EEC46,256,,fil7BB90479F49AC4ABFFE8FF6C6F0DD259
cmp40A0C672596CA345E0D487B5A2FAD2CD,{2F69E659-2879-50C9-8549-CFFF169D6CDB},dir2E914090469901485D2620F11C6EEC46,256,,fil1DB7FEEC68F8158A9B5A555F62DFB5D9
cmp6C72F4A3648F5D8D304D93549C829653,{539CE8A6-9ED7-569A-A494-450D7FF84F62},dir2E914090469901485D2620F11C6EEC46,256,,fil3DE54245C520F0941B265225682FF0C8
cmp212939A4D11F000C42F8E593969D5370,{8CEE8F4D-4EDA-57B1-A6F7-6BCBA2AC417C},dir2E914090469901485D2620F11C6EEC46,256,,filFDB987ABB5D6383E9C25922F37830E24
cmpA9D299B18E824E466F81A545631093C2,{27DD98E4-D90C-5A48-9C1B-DA7DE3EBB87A},dir2E914090469901485D2620F11C6EEC46,256,,fil77CFC944D04F645BB4D4900FBFD03353
cmp721151D1ED6FA1ACB1D28F30DE925EC4,{CB0757F1-4F6F-5192-B644-23EC8D1204FB},dir2E914090469901485D2620F11C6EEC46,256,,fil891A6F3BB30C9AB73CBECDEBBD8A00FA
cmp485D3A672B9911BF3649D48274915DBF,{F5FD4A35-79BA-5682-A7AE-FB7E2274EB1F},dir2E914090469901485D2620F11C6EEC46,256,,filD442EF2972C71AE264E3F78E0F341534
cmp80387F0FEBD9C5C81EB4537A78A91A0C,{0C57BD29-3F49-5117-9155-C1D9EFB1EC8B},dir2E914090469901485D2620F11C6EEC46,256,,fil417195E3F5852CD448931A144B252915
cmpEFF3F4A8D295EEB5B83CB7EFC49A2FD8,{68B728DD-A4C1-5651-87D6-AC759AC42047},dir2E914090469901485D2620F11C6EEC46,256,,fil01034B4E8BAA4AEC3CCF5F35EA2FF892
cmp2DAAFC2EA06D70500B602603786CDD86,{0A0AC4AE-B429-5323-B1C1-9AFE14B0E56F},dir2E914090469901485D2620F11C6EEC46,256,,fil68EBF599D2FFFAC1979040D0D1C775F6
cmp842E85A3FD0890254FD3ACDC6DD72F8F,{EF685154-9839-58FE-876F-F8BE2BAC0EF7},dir2E914090469901485D2620F11C6EEC46,256,,fil70924CD2110172CCE590BA5ED02D12D8
cmp36C35952EE0155BBE9E81ADAA9E113A0,{C252FD3B-DA28-5C36-B7FB-58791F0E9BAD},dir2E914090469901485D2620F11C6EEC46,256,,fil925DEC34717601FE685C0F06172AE61B
cmp2D5D8AC37F095C07B4F01529634C4779,{862F58F1-2D57-5EE8-A890-2844FCD7C195},dir2E914090469901485D2620F11C6EEC46,256,,fil3AE8783823ADA8C847042FA7D8AC7B1D
cmpFCE0E6C8BA094EA12F45A1836144C182,{875B1AD2-2303-5619-B430-980AD6453495},dir7EB6FB36452D9B58D5213EE68B40DBD5,256,,fil9F375B814B3C022FA4472814F87E2C6E
cmpE62E8B1E683C95D75ED8630084F0B726,{6E5669EB-8846-5130-862B-772AF2CF5BA7},dirB0788371F1A9EB43E7DAEA4A2F296D8E,256,,filBE7686C323C356D1A8AD68568A70124C
cmpCD87273DDA74052E2E77E6F867A81A1E,{85369BD6-1F54-5B57-90F6-C59E0DA46D70},dirB0788371F1A9EB43E7DAEA4A2F296D8E,256,,filF3A8C9FBFECCE11B99DC7ACE5C6348E4
cmpE469DDA743B7662AF57D19ADA50E703A,{F1611E23-4DEB-5ED5-AAD8-29A33EDE4EBB},dirB0788371F1A9EB43E7DAEA4A2F296D8E,256,,filB53E3846B5E0AB87327A13FFAB53E422
cmp5629A357A9FB85773E2F09980D4951EA,{7CEEA705-373B-5717-957B-296157214CA2},dirB0788371F1A9EB43E7DAEA4A2F296D8E,256,,fil8BF281A0AED10C9142A6F98FB3F49452
cmp6344159FF680DFA998B40C98FCACCB34,{65E9E2E3-D86E-569F-A4FB-CFC747D3F712},dirB0788371F1A9EB43E7DAEA4A2F296D8E,256,,filD09F65856C2370673F2F974BF33F9091
cmp2C336C480A25A27CC132D9D7E369F9E2,{1859FC03-0149-52C6-956E-79089D820777},dirB0788371F1A9EB43E7DAEA4A2F296D8E,256,,fil910B968C13F33EE4295E3A18DB6DAFC7
cmpD84E0B70CD88A0A05E89AAECF9B6B91B,{888CC2CB-5071-5657-B6C1-D3E0A4137855},dirB0788371F1A9EB43E7DAEA4A2F296D8E,256,,fil8073C2AC3E6AEC73FAD65BE0CC03140D
cmp58DB93626D8251E4EFD1BE26B27F71AD,{4259700A-3159-5CDF-826B-0B5B78E37896},dirB0788371F1A9EB43E7DAEA4A2F296D8E,256,,filAEFD0AB2E5BB62616C7AA86723E3B5F8
cmpC2858607AAAB19CFBFFA4CBFA653FCFD,{7BC064A7-23FA-5BCB-8D99-7C7ED6FA949B},dirB0788371F1A9EB43E7DAEA4A2F296D8E,256,,fil67934DD4E80CDB2A54D4BD0209A786E0
cmpF61CA30484799B7DFC38EACC089943D3,{8D5CC1C4-9C2E-5208-B123-21F64CC824FC},dirB0788371F1A9EB43E7DAEA4A2F296D8E,256,,filCF0FA3A13E7F67448D375326BE1A436C
cmp8F3E601EA6FB3E15C46F5F260AD03331,{9206C87A-6D2E-5E7B-97B9-2DBFC83633BB},dirB0788371F1A9EB43E7DAEA4A2F296D8E,256,,fil30B7C2B1E7777B5321F84454989B3180
cmp6E450F2F6375E4D2FB1EF7C1A3E09110,{3CC8BF52-71D4-5876-90A6-EE262DF6EB9A},dirB0788371F1A9EB43E7DAEA4A2F296D8E,256,,fil80FB9B9AB9CE1B07D21F54EFB000DFAC
cmp48FA4CF34455BCAFEA769E9CB3699CD0,{9988F600-A1A5-5FD4-916B-E60566D5AE66},dir0C06CD9444AEB0EBFC2B6EE92DEA67AC,256,,fil4908134404CD05B7634102482683300F
cmp94E3F516FF481A5CEAF6C6E0BBEDFA68,{0F4EA32D-C6A9-5D68-8F1C-C96E70EFF77E},dir1B8B61D84C8A51D3E1385700BAE24C18,256,,filF02A0E67436D188537154B5BEAA14A0B
cmp8B19AA4000B78AB166F52657A6CFCFC3,{2B6F2062-FCA8-50C4-963C-FC74B25CCC24},dir1B8B61D84C8A51D3E1385700BAE24C18,256,,fil4DC339F6781FAEFC58EA6F9648DD408F
cmp04AAEC76510995E7E36C04CA0E7EFE18,{D633C9C2-E6AA-51D4-8B64-7636306DDB1E},dir1B8B61D84C8A51D3E1385700BAE24C18,256,,filB7829F1565132181C006947C6EC97C65
cmp3F59DA9DFF8B237FF5B9102BE61737C3,{7FA9BBFB-DB38-5632-8DF2-3FB88BA45C34},dir1B8B61D84C8A51D3E1385700BAE24C18,256,,filE29EB41A09B6D4BD1297B55352BD3EA4
cmp23DDEE7C52B12BFA5E54F17B671E4C00,{83418B67-39C6-5EA6-B989-7E49E1DC76AD},dir1B8B61D84C8A51D3E1385700BAE24C18,256,,fil04BC1FEFA539C16A91A309D4632F0586
cmp344240DF5FF3F952C94068A6EE67A09E,{3798D3E4-D78A-5FF9-B2DA-3EB2A2E1E51B},dir1B8B61D84C8A51D3E1385700BAE24C18,256,,fil80E3EFC779526E67ECE3ADAB6394BBF6
cmp85522101BBB67A346F18D556C0A5A73B,{E128830D-5AA3-5688-9FFD-34E00EAE3E50},dir1B8B61D84C8A51D3E1385700BAE24C18,256,,fil1BAF17D871F63AEB010E7C73B1AF4AB2
cmp638E648B3CF90003378B60F9AF26A7EA,{4E8A6D2E-0E13-54E1-B5F4-4CEAAAED4A26},dir1B8B61D84C8A51D3E1385700BAE24C18,256,,fil4A1F934707843A893C50D0ACE76B8E21
cmp8198E04715157BE4E820096748A61101,{5068874D-1F8E-5C5B-8B7A-8891A4467E2C},dir1B8B61D84C8A51D3E1385700BAE24C18,256,,fil0604599A44C6FA17232001E9937800AF
cmp908802C0EB9C8EF3B81B59F6ACD0867E,{F7F0C280-7467-5E92-963C-3FD591AE5F59},dir1B8B61D84C8A51D3E1385700BAE24C18,256,,fil2568C718C418B6B7CD0EC7996ACF4ABA
cmp6DDA217BEE8A641620FC9AE89292EE0E,{BA8F91F2-09D8-5721-A21A-805EA9B63568},dir1B8B61D84C8A51D3E1385700BAE24C18,256,,fil8BABBE723EECB9C3FEE9675E70162716
cmp807B1E464BB7A9A67C5959EA4CF4A123,{77CE013B-1647-532A-8E2F-CB1EF4DCAB11},dir1B8B61D84C8A51D3E1385700BAE24C18,256,,fil5880C1916735D75AB8BBECFA845CB12A
cmp52457D281D812CDE66DADAFC0350BD99,{592C84A6-A86F-586C-872F-498339BC44A7},dirD151086902AB4CCAAB69D736881F4F9A,256,,filB481E4B7C5CA80D4611F0CEB9812FF11
cmp84EFAF28ED34A0393FE24A5731F0B17A,{FB7500D4-6546-5A96-A422-4DD8C54D403C},dirD151086902AB4CCAAB69D736881F4F9A,256,,filC2A6127B4109FDA8B09FF779AF2D27CE
cmp6D01092212C543E10504E6845372BD10,{A83252F8-385E-51D8-9FA2-6982EBFAA9D1},dirD151086902AB4CCAAB69D736881F4F9A,256,,fil091023C922697C0C2FA9860D423150BB
cmp5FA74542468B73A34DDAC3364F91844F,{80A17EC8-8505-5E6A-AA2F-41864F6CDE9A},dirD151086902AB4CCAAB69D736881F4F9A,256,,filFBF441BB2843AE330297F96FE72DD2AE
cmp77DC3587972CF177AAD5737A02A9372A,{BC140C57-0DB3-5E02-A719-6601A9D15F6F},dirB1CD994163E57C0E0D03E19FBB918F68,256,,fil76B8ADB3DB7ACBF106ECEBA0FEE91586
cmpD357B26C7DFE11A1BE860417C1C9E1FC,{0A5C8399-39A3-5FB7-B935-64C3D39F9543},dirB1CD994163E57C0E0D03E19FBB918F68,256,,fil2E42DAA45FAE82BC269998E1D6B65DEF
cmpD238E23D467E8C7481D42DA9AC179D27,{AFC4D138-64EA-549F-BF0C-887FC1989E4C},dirB1CD994163E57C0E0D03E19FBB918F68,256,,fil1F9DF9AEF014838477337B870D3D8A80
cmpE41581FB937E159954C9AEB976A279BD,{BA25ECEE-56DC-53DC-9DDB-1D998005D1DB},dirB1CD994163E57C0E0D03E19FBB918F68,256,,filABE4C7973EE8E5BB640B22238D39DAB6
cmp55D3C03F2C5E8EEA8506922DFC1ED80E,{9B16F0CC-4876-5764-B62D-C1E30D6B78EA},dirB1CD994163E57C0E0D03E19FBB918F68,256,,fil6EC7DFB8D63CC58DFCF3EF10A2923DE5
cmp12145199B16CFEC5E69E6F051377F640,{B6949F9E-15E0-53A0-AFF0-521A8D6C655B},dirB1CD994163E57C0E0D03E19FBB918F68,256,,fil90C0E1E442CD09331BEC383D65A51EDD
cmpC316B9EE7A5DBDE2779A42AC4F60EBBA,{E862F5B1-37DC-5C7F-83B7-778F3001F6CD},dirB1CD994163E57C0E0D03E19FBB918F68,256,,fil2B54E926423510F9DF1E7FACE73CD2EE
cmp6450908B0B3D553ED810E1480B74F0AB,{D9FE383F-01DB-5620-9E83-6CFFF3BB186E},dirB1CD994163E57C0E0D03E19FBB918F68,256,,filA9696321928F9AEBE00390F496237BCF
cmp9413E7DB2F602FE60D006A41966372BB,{88EF8C39-091C-56A4-A319-676A9F16843E},dirB1CD994163E57C0E0D03E19FBB918F68,256,,fil510D7A492D133C0EAF00F715F6255E16
cmpD0C8BE9CAAC5B983389F8787BD948784,{F927423D-A36F-5988-8D65-724C908B750E},dirB1CD994163E57C0E0D03E19FBB918F68,256,,filF8E0F53477B680F82873660061DD3BCB
cmpBBD24B1BA7BBFC849A1944D3D0292323,{A7A0F89F-8E6F-5088-9E26-C07698EFE76B},dirB1CD994163E57C0E0D03E19FBB918F68,256,,fil1D72C9748BE30BA9508BADAED3035E3D
cmp11625F84A134FA9B76FC6789405DC17D,{9140E8DE-90B0-58B9-9168-94D68AB3AC93},dirB1CD994163E57C0E0D03E19FBB918F68,256,,fil1DE2977CF8BAB04B040191C95DF36828
cmpA2E9E761B9CCA3A1C7BA720B5DF03248,{9EDF3357-5DBE-5A18-B87D-8523AF49AA14},dirEAA590FFCA13C89A0638E6DA824ACFE8,256,,fil13F452B5335EB0F8825B548B3C768FFC
cmpDF006DE5A9D27742107D0DB6175ABBC4,{E3C37152-8D74-5A5C-AAF7-D23E94D62353},dirEAA590FFCA13C89A0638E6DA824ACFE8,256,,fil538ECE331DF614325A2BF95FB920EA0F
cmpD1983A12DD450C1C8DCE825DF7F3D3EA,{C6E2C654-85BB-59F7-8B79-2DBF53D40A1D},dirEAA590FFCA13C89A0638E6DA824ACFE8,256,,fil104EDBBCC6CEF7694E05DEDCA666690D
cmpF755423BFE027735B39F0E54CAE061AD,{C64D8FE9-5BE4-53D3-A229-46641826249C},dirEAA590FFCA13C89A0638E6DA824ACFE8,256,,filC382533B6BD511D8F7514F01C6D941F9
cmpFF1BB70ED37B8135C32F7469F9BC8268,{C0C75E81-2B00-5257-A987-5FF966C12261},dirEAA590FFCA13C89A0638E6DA824ACFE8,256,,fil7CEE82806227DC1456868BEAA169F4DD
cmpBA824833ABE16543E326E3A139E75EF8,{B826FDEC-13E8-544E-99F1-1DD9C5AB13E0},dirEAA590FFCA13C89A0638E6DA824ACFE8,256,,filBCF660E67712C4ACB6086ABBF45C73ED
cmp599B6DADA429948ADE833931C0FB015A,{8F427785-F423-57A7-9E58-9A0762836827},dirEAA590FFCA13C89A0638E6DA824ACFE8,256,,filA64034FF1CBDAD8C2D42090C64B1F958
cmp31E1660539867A5216B2AD80F72F6D55,{2719538B-1ECE-5D27-87C5-D629201BC2C4},dirEAA590FFCA13C89A0638E6DA824ACFE8,256,,fil1926E5B8F525E3F0A0A67DE6F596827A
cmp7A11A489584D39AEA96315CFF7EEE990,{5D2788FB-FA53-566C-8FD8-A810C96F4F9F},dirEAA590FFCA13C89A0638E6DA824ACFE8,256,,fil66CE579151A374F9A2DCE15398F84AE4
cmpB94683FADA2B291593DB3FB9275D8D18,{D8816846-7671-5E6F-8C88-0BD6A3D4C414},dirEAA590FFCA13C89A0638E6DA824ACFE8,256,,filAC2165534D9E230F609BCF47DC1919A4
cmp618DE96E18EFA8518ABE85814B967FED,{60BA12BE-7927-5D46-9445-E84AD7E8690C},dirEAA590FFCA13C89A0638E6DA824ACFE8,256,,filD11ACA1696E44725DC019C427350F11B
cmp787C0D4B0DECE119AF3D9526DA384276,{1CA7FF55-5002-529A-9CF3-7F5C893D3BA8},dirEAA590FFCA13C89A0638E6DA824ACFE8,256,,fil53367CAB59BC31C84149132007C84A05
cmp26FC49A0B471372B22FB88A81F352146,{F5D52745-E8CE-59FF-956A-8D7A95690BE6},dir727A670EE56456C936A068C9A12D7ECA,256,,fil46153B8B2D295205153FB42CA390F20C
cmp4F86223C4DC9C3678FAEC3BAB6F367B9,{82072C29-6900-5505-AB0D-9476619E5BC3},dir727A670EE56456C936A068C9A12D7ECA,256,,filF1D40E0B3F68B65A75B3AA06926E70A4
cmp168F7BD7405F0436CFD4AB3780850782,{EDFE613D-91F3-598C-9ACC-3695D2D2B6D2},dir727A670EE56456C936A068C9A12D7ECA,256,,filBB8666096D300A0E437F04ECB65121B2
cmp3124B90F40C2D1DD72B4B8DB07A806F3,{E2D9BE36-01A8-5473-8807-FC0140CD53F4},dir727A670EE56456C936A068C9A12D7ECA,256,,fil442AF2314324BB2E13E0F374DC7E5E43
cmpF1E30600F54F9AB1C8314C8179041C2A,{B9E2DD8F-4682-5122-97A9-98D3DDB49469},dir727A670EE56456C936A068C9A12D7ECA,256,,filD1FE8656F1981F967D52250CBF0DAA70
cmp6C4EF5509E2124608622EF573CCEBACD,{3228F569-F45E-5CC9-8F0C-6865FEB74C34},dir727A670EE56456C936A068C9A12D7ECA,256,,filFB9A1F86BF23C30384B7DBCA42A93ED3
cmp7A0673D74C66F60041998D3512770BAB,{DF64D3E8-0598-5973-ACFA-FB769DE253F0},dir727A670EE56456C936A068C9A12D7ECA,256,,fil9028DADA6124B485FC29C50EB4A57B65
cmp971571E8D8CBA0931311F85A9B902B55,{19ADFF87-60FD-518F-AD6A-2E8D5D96E04C},dir727A670EE56456C936A068C9A12D7ECA,256,,filFE9CC3FC410EC7CA0FB1D5F7B68B26A1
cmpD6C96EAA5EA16CC59341D9AF21DE7CEB,{DCFC0334-BEDB-5EDE-A374-95723AB737E9},dir727A670EE56456C936A068C9A12D7ECA,256,,fil23BC920A0389CE4FB63357558DDD4A5A
cmp5481A538F6911544171E0B3053402640,{ADDB7962-CC2A-581B-8A64-CD08671E94C4},dir727A670EE56456C936A068C9A12D7ECA,256,,filEFE9DCF752E344B902CF2EC20738C91B
cmp9162AF0C015BAE7FED9BCA554C9E31E7,{59EE55A9-0C81-5AE3-B5FA-FE5FA8A3D3AD},dir727A670EE56456C936A068C9A12D7ECA,256,,filEFB1C123863EDCF92F3F549D2CA2B258
cmp1A38773466AAD65D609DF629A72F7926,{88967FA0-6D9C-50DF-956F-E7F84AD9E987},dir727A670EE56456C936A068C9A12D7ECA,256,,fil4DFA1CB9865A2765255E1B1576454039
cmp6210F7B08522775855EBFABE186CD655,{DFCD719B-ADBA-550A-9A04-887942C7E472},dirA3209BFD7A4F4592D47714BD4E529639,256,,filAA1A6C07D368DB522B3157FF9B2F6F0D
cmpCB9E83002833A9BDF8A569427F76E033,{ED549144-4CBB-5EE6-A31B-99F0B8C835D4},dirA3209BFD7A4F4592D47714BD4E529639,256,,fil55CF30ADCA3A8B678A1E8E30A856734B
cmpD786D542A4BDB9B314BC3CE65455D41A,{932139B6-7169-5100-B8F4-E5769119D764},dirA3209BFD7A4F4592D47714BD4E529639,256,,fil00BAC6D17E8E2FC7A10933315E2AFBE5
cmp895223EB67B52E764C2E761BB637EF89,{CBE72DD6-A39D-5205-962B-49FA2E80DC9D},dirA3209BFD7A4F4592D47714BD4E529639,256,,filD22C11B352B7892C6D61B2258F593C0D
cmp75DFA2300A855EE8D023324B505DC535,{68F367B7-AD3F-537E-B7CA-84F68A654338},dirA3209BFD7A4F4592D47714BD4E529639,256,,filDA2505394A62CC9F15906F1B695E94B8
cmpBA436C2BA9ABA94E50C2ECC2C418C41C,{6A769DB9-FDE3-584F-BA8D-7021E02F3A0A},dirA3209BFD7A4F4592D47714BD4E529639,256,,fil5FEDDF849DCFD2C2B99804CDE8CF16DD
cmp9D5022E194EA7D880C073FAA3A53E3EE,{7F381744-9AEE-5468-B6C8-8271E8CED6BB},dirA3209BFD7A4F4592D47714BD4E529639,256,,filF872D3FF3A49984A64E788854A629B4B
cmp504543A237EE636870B8A01027B21A0F,{34F6232B-FD3A-59C9-85B8-EB05B86A18D5},dirA3209BFD7A4F4592D47714BD4E529639,256,,fil4150A4DE80F23DE7AAF2729445552B11
cmp43046B1EEB9EC121B39B8B752477F613,{5A99A5B4-9E59-51ED-A130-2A857D6122AF},dirA3209BFD7A4F4592D47714BD4E529639,256,,fil72240EA7CB2C2F24F288A8CEAD5FEFC1
cmpD548B5A58073320E23E294A8A417C119,{CA089A75-037E-554E-9A00-90088396AE63},dirA3209BFD7A4F4592D47714BD4E529639,256,,fil601164319B886EE3856EFB16701219AC
cmpE24263970137B30FE5FA9B889F61C788,{CF99A4A7-30A6-5E82-B2F0-9E334A20EB7E},dirA3209BFD7A4F4592D47714BD4E529639,256,,fil6E712A0EED3B40A4A9782E174C29E7FD
cmp7D3EFF3AE273540F561B56CAE7B9BB1E,{BD07E776-D7D6-519A-86DD-D1ACFD62C0F0},dirA3209BFD7A4F4592D47714BD4E529639,256,,fil16ABBF37762006F0F71CAE50D429450C
cmpE38FDD6212D29E8765FD6214E849DDF2,{D86C7178-EB41-5E86-96A5-0E9567F5F5C9},dir31E38BEF0932DFDBC9974C7367561E98,256,,fil60BC16931C213F53FFFA182683AE747F
cmp9C733EEE0602FAD1B3EB7DEDB585C72E,{DA2A6435-8C62-5986-96C7-9355ACCBB8D8},dir31E38BEF0932DFDBC9974C7367561E98,256,,filEBB075B271AEC8FB64D95D839BE1811D
cmp06E9AE512471C8890CB79A7DB0DA029D,{9BBEFBC4-7564-526C-8943-1A1BB7DD147A},dir31E38BEF0932DFDBC9974C7367561E98,256,,fil1E126EAB9CCD4A518D3C6B6ED41CCD6A
cmp114A962ED88BE69EA12F4A3F1746E015,{EAA62274-A13A-5999-9882-1C569B2C3E3D},dir31E38BEF0932DFDBC9974C7367561E98,256,,fil4CEA731EB7033D9DDD50140B096CD5CD
cmpD0D5BBA041E92D24385622981B434BD0,{9887BF0D-277C-5692-9005-8E45F1F88238},dir31E38BEF0932DFDBC9974C7367561E98,256,,filB2C9D1E1A691E068D06047AC5DDC09E2
cmp2982D94925FF468746AFD1F8B89E8531,{1DF8C9AC-17AC-55B3-BCB1-AD0CC28FBC8E},dir31E38BEF0932DFDBC9974C7367561E98,256,,fil4BAAC1D8BFCAED1F2170F2B86CCBB2EC
cmpC82E360EC65971EA676CBB4352CFD6B3,{CE3E7899-A556-58E3-A260-0C190C5ECC16},dir31E38BEF0932DFDBC9974C7367561E98,256,,filC62E174FF585A8311D4B9FBD31C512B2
cmp927E46FFA862F411A00DC9442D6EAAB7,{BD843894-795D-5DE5-B1A8-96953EE93460},dir31E38BEF0932DFDBC9974C7367561E98,256,,fil2CC7DDACA0720E1498D37E129C92E2CF
cmp83C612479681783CBAB382ECB75BD24E,{1FE6A7E4-6672-5AFB-9D87-ED222AE805C7},dir31E38BEF0932DFDBC9974C7367561E98,256,,fil48430E817574B70D1F4828197EAACBA6
cmp59C7668BF91E0849157ECA3D0F8D3D08,{8565A8F0-D9D4-5972-8A81-61F314A0155C},dir31E38BEF0932DFDBC9974C7367561E98,256,,fil8B35D6445109AC19A636941CA02DFE14
cmpD65EA8EF307B7F69DE063274A7ED409E,{8F4FA208-0239-55A9-9CF4-E14849EAE101},dir31E38BEF0932DFDBC9974C7367561E98,256,,filA374C469E4653C80048DD539F39230C0
cmpA413195D8EF6F2BBE506EC2BC7F117F4,{2689583A-0721-5762-9263-7EE56D07BAFB},dir31E38BEF0932DFDBC9974C7367561E98,256,,fil0452D3E72DFA0164D55E0A6368688F15
cmpEA8A96A772CB0488B26142D71DD721F3,{77B735AB-81E9-533F-86B6-BC45B5F74E3E},dirDC2F3B7739D2F63E86DE17F880C22447,256,,fil89060D1AA2A19BAE19CBE64A4225C6EC
cmpC6D42E3E01F29E862662361974A85AB1,{F7AB056B-20CF-54EA-9576-DC1E3A7290DB},dirDC2F3B7739D2F63E86DE17F880C22447,256,,filB0785C77A995FB6BA825AECEC4B76BDD
cmpA77ADC34A687EF7264081144C8E3114E,{5E983F8D-A8D0-5994-9EDD-45460D989CD0},dirDC2F3B7739D2F63E86DE17F880C22447,256,,fil8F4CBE0894FD5CC3242E3DBFD5697473
cmpCB0F6E0864573695F608A125C8C7AE98,{4B25AB3D-520C-5FA1-84C1-54FF6A6A6509},dirDC2F3B7739D2F63E86DE17F880C22447,256,,filCA847B571E8397B4215D106CC1E3CF7F
cmp5A0B490826F96EFAB6DB3142FD4D2812,{4AA33223-98A2-575D-AF85-87D221B71162},dirDC2F3B7739D2F63E86DE17F880C22447,256,,fil83DD80B5221F58AF6EA9842F09E0827C
cmp4FD183F25DBDA59620877830F456C0B6,{12D84DB6-78E7-591A-B5CB-24CDBC067F9D},dirDC2F3B7739D2F63E86DE17F880C22447,256,,fil3B6EBBF9012348D5B16D3150B918ED1B
cmp2E95224044FEBC0399985B163057AE02,{16E9CDAB-2AEC-52E8-8BD1-813504228D73},dirDC2F3B7739D2F63E86DE17F880C22447,256,,fil00641E3BF08ADF854CD44EE6B468C2F0
cmp03615ED751366DD180132FB56406CA34,{90C2813A-945A-5EDE-BEAD-D5F077578212},dirDC2F3B7739D2F63E86DE17F880C22447,256,,filD130B1FFA975623E2049806001CD214B
cmpAC43A2B0A367D63A6AEC8890A09E7AD1,{65768F7D-37F3-5DB1-80D2-41595F4ADB04},dirDC2F3B7739D2F63E86DE17F880C22447,256,,filCB977CA5C0FB33A057790D483C6F3E29
cmp7B686F014D6951D41A88214236F38956,{6C4651D1-A2BC-528B-BBA1-6BDEE9AC4CE0},dirDC2F3B7739D2F63E86DE17F880C22447,256,,filC487908E409914E730B5D60A512AC169
cmp6B581F400C24791416B3EC25293A5862,{ED7FCED2-82EC-5221-A740-750699F22CE6},dirDC2F3B7739D2F63E86DE17F880C22447,256,,fil536A38C8E850464D6AC0B81ADE67B264
cmp0AFEF62C6DB325FABBEAF5401E3B304F,{3BA81BBE-BF8A-5E3C-A17B-775A510147DB},dirDC2F3B7739D2F63E86DE17F880C22447,256,,filB2165114E3F8B696578EF38B7D09FF59
cmpEA74EB819150DE3C0370C2E8F1B4B7F8,{844716AE-8B14-517B-935D-99D11AC90E17},dir8A9B954A62B8CFE76E7F870E3E038D74,256,,fil159CA481ADFC313050B892D437DD0FBF
cmp4E4E73FAE2180D8953A3106D61C92CF9,{45ED3734-7602-512C-8E1A-6B33F3C276DD},dir8A9B954A62B8CFE76E7F870E3E038D74,256,,filDBB62BBD1D368EE7928FC9A0D22FF118
cmpCD5B819AF90CB3C0BA9B98E3144F9665,{B69B13D4-A975-5725-875C-90055B1E6465},dir8A9B954A62B8CFE76E7F870E3E038D74,256,,fil87C3BE00CF2D1DC79E081DAC7FE3671E
cmp73FD10C0FE5F1DE62943D3E872E88104,{068CE3DD-979F-5DB0-914F-E34075C27756},dir8A9B954A62B8CFE76E7F870E3E038D74,256,,fil34FC05D12BA5232F0F2DD8E4F3BA931B
cmp63C3703463EADD4EAD006621D1EA5F27,{BBD13D46-249F-5355-B485-773E3B467F00},dir8A9B954A62B8CFE76E7F870E3E038D74,256,,fil46C79BC3394A5105BDB1A0C2DDD9AE6D
cmp213381445A66201E3AD7B6E6054690CF,{35955D7F-FFA9-5ECF-A2AE-62FD535345EC},dir8A9B954A62B8CFE76E7F870E3E038D74,256,,filE840800B22D8F3F369D2547FE12F077B
cmp16FB7171B3CF8C011B4EB6B580A468F4,{8300CA79-D0BF-588D-B58A-2A84425AD81C},dir8A9B954A62B8CFE76E7F870E3E038D74,256,,filB6181995A0AFF43668AE4D7F997BF139
cmp88466491DB65E347C24FB2018536869B,{C11FC03E-8968-5C42-AF97-62E89C166679},dir8A9B954A62B8CFE76E7F870E3E038D74,256,,fil79AF4C0638DAD0D17C7761A1281A3B29
cmp1BDAA726D554F9BFC33A7DA28563E706,{E9D82100-1C4C-5AF9-9B0D-517FF2E3BCB2},dir8A9B954A62B8CFE76E7F870E3E038D74,256,,fil591F5F7FC1D6B5011CDDABCAB0B13783
cmp1CB8A06D5B0745E1377233B4F8A87EAB,{0B9A5E5E-8965-5605-94D8-5D7ABF2A7C79},dir8A9B954A62B8CFE76E7F870E3E038D74,256,,filAD03DB6964ABBD92D9AB0B1779D45EEA
cmpDF135AD5076E350B1C4653EB60B02CFE,{E3881D7E-4F68-59EF-AB55-169EA0644AEF},dir8A9B954A62B8CFE76E7F870E3E038D74,256,,fil08543BC5933EE937901E726B2C9CCE9B
cmp73658CB38E3828523F6C15C03B8486AF,{28E16A11-1F3B-5D07-AAAC-71AD932CE069},dir8A9B954A62B8CFE76E7F870E3E038D74,256,,fil26D77E32599747DFBA999813F8E14E51
cmp39A134212762FD7C98EC740B78D327B1,{CD082EF6-00C0-595B-9029-4F88B83DC50A},dirDFB1C782A1C3E4F38B7FA5E1F1D658A7,256,,filCF0A64DCABA2F3BF05D8CE0E1C0D0DD3
cmpFE8CCF2E92E4E20FBB407C10BC9D9AE8,{068AE953-AEDD-57A0-9F1B-F5B99D610BE9},dirDFB1C782A1C3E4F38B7FA5E1F1D658A7,256,,fil38AC6111E7EECFC324DDF2CCC7E33BAB
cmp75B85DC22FA650503EEF4F008CF2CCF1,{F18E87BE-29A6-52CC-86CA-3F1D4C4EC56D},dirDFB1C782A1C3E4F38B7FA5E1F1D658A7,256,,fil9A219E8206C3F4577F45046D6AFA9899
cmp359BCB3D8A7D2AE39845FC7C9175FC71,{65260CF4-9827-5001-BF88-29BBEC2146F4},dirDFB1C782A1C3E4F38B7FA5E1F1D658A7,256,,fil9F3A036B04A8D91F560FC56B78AE6597
cmp27F6FD25967BA4F1349B35D72301BA3F,{D77ECD7E-B7C5-5F2A-9058-DB546D5C2DAC},dirDFB1C782A1C3E4F38B7FA5E1F1D658A7,256,,fil4984B3F61FEC39F64B3862C883251F5E
cmpF703642BCF7F86EF408D4AD21186A1C9,{47CD20C9-FB0A-5D23-874C-BB40C48923C0},dirDFB1C782A1C3E4F38B7FA5E1F1D658A7,256,,fil0F727BD14D14EFA0B02AC530104F46E7
cmp63A075783425C51F7412DEB7BA325397,{2905DD59-0525-50AA-9F02-66EA0C5B8D40},dirDFB1C782A1C3E4F38B7FA5E1F1D658A7,256,,fil8C33DD0F854799A44BADA962E0C736C8
cmp0B561084CC7B789FCCA59B597C6A79F9,{6C558CF3-A32F-5316-BDFA-EF2906864ED9},dirDFB1C782A1C3E4F38B7FA5E1F1D658A7,256,,fil01ECDA73373F0B271B761A651F447301
cmp199F66DC18F05FED4D23F16AC4CD50ED,{791D71CD-D195-533A-8D2E-E50F9C5ED077},dirDFB1C782A1C3E4F38B7FA5E1F1D658A7,256,,fil08E9173B7DAE988CEB27B4D930CF38EC
cmpEC6AA8DA241D5A8275ACEDDCBC873BA9,{2539C1E6-66B9-5A0A-AFBA-42AD8757A9F4},dirDFB1C782A1C3E4F38B7FA5E1F1D658A7,256,,fil031B9928A82AC2D5833128A9052D6EC4
cmp59161B0019EF0A283FEFA1F1BC81B824,{43C548A9-6073-5D0F-8611-F06F3EDBA3DE},dirDFB1C782A1C3E4F38B7FA5E1F1D658A7,256,,filCB8ABF91A724ABD0352B86C0362C1C83
cmp2995A586DC10702D33DB521BBA6D0ECC,{3CC00E2F-14F4-54DC-A303-2421AFAD9B57},dirDFB1C782A1C3E4F38B7FA5E1F1D658A7,256,,fil27D860D2BB4AA5DDF7968F3932302457
cmp9883F9E537FB477BAE70E847DC524808,{3AEF0243-98F5-5F8E-B704-4D0A3F1F94A7},dirDBD996F9B0D4850071FE392840E61237,256,,fil47CCA9BC7E0CABA503997C38C08D84AE
cmp323EB9E12560E124D9981D84D3A15375,{DC0732E1-873F-5860-870D-197F17F0AA3F},dirDBD996F9B0D4850071FE392840E61237,256,,fil0B08D7C9B41B7BB2F26F273D2AE4B994
cmp4EAAF97DBCDEC70FB067CDAF1701FF27,{6C1FBF76-9FD6-5D2E-9AF9-0A310D948AD1},dirDBD996F9B0D4850071FE392840E61237,256,,filBE328774E10D1F7A663E8CA94E9E34A8
cmp1C1CBF69D2BC0FE019A233386B7DA2B0,{C260C650-FFEE-58B8-ACEC-68DD257A644B},dirDBD996F9B0D4850071FE392840E61237,256,,fil34AD1A27F7429A2D82FACA13F7013778
cmp7CAB1603FC103E42079B4A30216E391F,{B74E7722-E07B-59EB-9141-43A830352B66},dirDBD996F9B0D4850071FE392840E61237,256,,filF41397DED79EA771C1712B5F1FF82454
cmp5AD6D5D4312A33E15FC010E0C7A94140,{042CE1F3-D0DB-5EF6-A62C-4CEC0C300483},dirDBD996F9B0D4850071FE392840E61237,256,,filCD57A4D8E36971F54AEAB5B686A7EE4C
cmp64147B7DAF1D3E6372B829CB5D47EF2A,{C0135DB1-6B77-571B-9495-ADD417607AE6},dirDBD996F9B0D4850071FE392840E61237,256,,filE81DD0C8DE15A42618D6E1A36AEBB05B
cmpD8BC6DA6E424B592C9AC73331564F0A4,{27ECA02B-2307-5339-9CB9-D6417769DEC5},dirDBD996F9B0D4850071FE392840E61237,256,,filC8E15DEFBDE5E670711AB73D765C96BA
cmp7B5A5C9D5E484F4ED471AD37842B6E4F,{CE3066A4-D81C-527B-80B9-DD3D3C43BA1F},dirDBD996F9B0D4850071FE392840E61237,256,,filCF04C6FC93C1E41AFDEC8106BCF9D742
cmpC4576E347CC6A7B56237C1B77A6420A3,{7359FE71-830A-5A66-BFE4-493826CA72ED},dirDBD996F9B0D4850071FE392840E61237,256,,filB8896FA30C4461BEA979FEBDCC2607AC
cmp816E3F61CFBFA64F389BD8846562B3E9,{6FCCAD0C-6680-507F-8F62-3635B84251C3},dirDBD996F9B0D4850071FE392840E61237,256,,fil7321F4D8862643CF5DE587BAB7AC1618
cmp889993FCC5EDE1A2761563BB2A322DBE,{FABCAC34-9BB5-5E90-B195-C5AFA338CF51},dirDBD996F9B0D4850071FE392840E61237,256,,fil4DB4E29E5FD86E1BCA46BB0DAC02D5D0
cmp77D8B1651E9EE4F1853A6FDA9D1C45A2,{13B7592E-F7BD-5F30-B38E-D13EBCF78C63},dir1690FF9040826D3072A7818CE18DA8D4,256,,filAC946B23590517556FC37B9ED22C57A5
cmpC9C2C23F8B5DFEB5062CC1A1945784E2,{43DE8294-40E6-572D-9C1C-15950261A683},dir1690FF9040826D3072A7818CE18DA8D4,256,,fil740CE34D253B5B3D4E0F3858E3086B0F
cmpD11A5C9110830835545487214299D4FB,{ACD00451-F992-58A5-9B67-0B1A58B24719},dir1690FF9040826D3072A7818CE18DA8D4,256,,filE92E40CCE1E44DC3AA0E913034FC4B30
cmp44D2D5F594A7207DA9FFBA746D746E27,{B3C2486E-E585-5DBF-A8B0-04FBEAE20E13},dir1690FF9040826D3072A7818CE18DA8D4,256,,fil15AFF857712EE9D13098A7DFFDCF6713
cmpF78F41AD0A6274B5A1DE68E266BF3020,{15584B7E-DD93-5BBC-8EDB-0262C8C4292E},dir1690FF9040826D3072A7818CE18DA8D4,256,,fil7A108082A8F57228EB256C4E58DFCE8B
cmp1FFE26CCA0D4DB06E302D8B03C6CA71D,{EF0ED463-F643-52EF-B392-D848878DCC82},dir1690FF9040826D3072A7818CE18DA8D4,256,,fil9158D92BC32F49DCFB83B7F348A99601
cmp4F372BFCE1E4268D934BF5CAF33B8954,{468ECC7D-17AF-54C9-80DA-5B14132D9957},dir1690FF9040826D3072A7818CE18DA8D4,256,,fil1CBC809F1D88D85CDE88AB5D16D9ABDA
cmpBFD450AD11A4A7DEE20093882BE99E40,{CD4CC3CE-560A-512D-BF1A-970DDC8AF2ED},dir1690FF9040826D3072A7818CE18DA8D4,256,,fil33A10876D18CF9CAE7A8B374937B6BEF
cmpA5CFEA3157D4A4D0BB4BD142EA547BAF,{D483AF94-7CA9-58E5-B55B-E09867ADFE18},dir1690FF9040826D3072A7818CE18DA8D4,256,,filF89CA7316754BD5CF06081C27300059C
cmp976D9A02C14999D5A21E9254237FFE44,{CC8069FF-FFAA-5BA9-959C-509E6A91B4F1},dir1690FF9040826D3072A7818CE18DA8D4,256,,fil21E942FBBEE27DD452385FE73EA3B465
cmpAB6657C2B07A2DD52A1471CECB005474,{4A52DCA1-F9AC-577B-968B-32FC444E1A4C},dir1690FF9040826D3072A7818CE18DA8D4,256,,filC33FDFD54915122A2B8AA5B59A7C8598
cmpAA6DADACF55C3CE275753EAA5CB78767,{EC7973BA-5E3E-55DD-BF0C-41C8625CC9E1},dir1690FF9040826D3072A7818CE18DA8D4,256,,filB3056D103EAA7C317134435B10953CE3
cmp22FA9A095C80D77E2FE6A79D47130E96,{2425BAF8-2049-560E-851C-E6E9BF348276},dir4761BC0CB537A68B7476E1F7AD74FFE9,256,,fil2B37E53206604BC4DCD4FF7616321EC6
cmp0C4B057C3A869A36D5964930010EADF4,{77290C8F-E672-57B7-8DBD-C9C108F5416C},dir4761BC0CB537A68B7476E1F7AD74FFE9,256,,fil0C6154CAA304EF878637ECE619C459CD
cmp9056726A63A45B4806AEF112DA159D06,{9D2DB563-9D99-574C-A7BE-DDA991719A58},dir4761BC0CB537A68B7476E1F7AD74FFE9,256,,filA45E64AE25E9AF28766A617A7119309E
cmpC7F2DB11E7B4452FCB0065ED1F9C9113,{EBF256B9-8EFB-536A-B5C8-941C1C7C5FD6},dir4761BC0CB537A68B7476E1F7AD74FFE9,256,,filC66426FD5FC6A2F5EF6FE1B2839F224A
cmp7F5C1CC6DEC5E69AF71B012DFB5D6332,{D9172EA3-BBED-5F31-9B76-2A4E182C5A66},dir4761BC0CB537A68B7476E1F7AD74FFE9,256,,filB1289C2A7CD002DE02A631E0C32B51D6
cmp9FC69A58148F88C59DF66E059252DE24,{0FA595EE-C888-51FE-9ED4-5579745A8765},dir4761BC0CB537A68B7476E1F7AD74FFE9,256,,fil9A3B4FAFDCEEE424D007E2B62BD7AB4D
cmp8BB2E004842A09CD3E0DD55274BE9202,{C4A4674C-1121-50BF-BCA8-E5FE75D9B443},dir4761BC0CB537A68B7476E1F7AD74FFE9,256,,fil5A81818D9C6874DADB54A85344BE5D3C
cmp098C5ED0276D5DA4DED983F93CD0F5AB,{AEED64C3-B6EB-5099-A52A-B124F3DC4402},dir4761BC0CB537A68B7476E1F7AD74FFE9,256,,filB871CAAB7A9A12E763DF72405CEAEBA3
cmp88962EEE6C63EC775B7F297B93CF48EF,{AD8BD3CF-5D4B-536A-9FC0-23FECE05F024},dir4761BC0CB537A68B7476E1F7AD74FFE9,256,,fil7AAC4A2B0D14B358320776525C78C380
cmp6CB273959D9F146CCC908F9FB2FED416,{2F9EEE4F-A2C0-5857-B9E7-4BABFFA55E29},dir4761BC0CB537A68B7476E1F7AD74FFE9,256,,fil235398B11F5BCAB671AD5F40EDB2276D
cmp47203F93081899B78380D65A1E49806A,{D1B5A5C5-C3BF-5867-95D8-E042BACC4C42},dir4761BC0CB537A68B7476E1F7AD74FFE9,256,,fil7F5B326566997C90496EBBD70B64F774
cmp64D2A92BFA625C998822D237E4B7D2D6,{2B31EA13-4D87-518B-B414-CC2BD79CB1FC},dir4761BC0CB537A68B7476E1F7AD74FFE9,256,,fil569960975FD31BD7CC337A6220B2A057
cmpE333227A6B7E225CB7CE89701B14C587,{5FC64D07-6FA2-5997-93C0-ABB280530C32},dirA1DC696F8A6F0F00335AB719E6D7EA3D,256,,fil5B2585732C9ADC3DE823B6432FF00CC1
cmpB320E56826E4EBA595EF8AB2BF69142F,{73EC3C92-74A1-5490-9982-085DB899A264},dirA1DC696F8A6F0F00335AB719E6D7EA3D,256,,fil868ED0DF8947EB5E80DC23D02896B461
cmp648EEDA51D7AEDDD8653482D239DD302,{D97CF856-D69B-5C75-873B-AF16236FE49C},dirA1DC696F8A6F0F00335AB719E6D7EA3D,256,,filD3C37AE0F60A18D2EB68D1BAD1C6790F
cmp3C9EEE83656272AACEDF13C3F6B3B45F,{4CDA55A8-95C4-50CA-A3B5-736500F70018},dirA1DC696F8A6F0F00335AB719E6D7EA3D,256,,fil85B7CC5EF4E37E6EE4B16AF38007C6AD
cmpBE4BDB34A98F360A01844821ED43F71A,{31501516-892A-54D6-8A94-F8937546D861},dirA1DC696F8A6F0F00335AB719E6D7EA3D,256,,fil08699F7920AD0E00CBDFE616D455FB48
cmp9F51FAB35F672627F9EA8936E5F9649B,{05145993-5F79-57CB-90F3-5A64E6027C81},dirA1DC696F8A6F0F00335AB719E6D7EA3D,256,,fil8D3E0CD9FD9B6E7749C96473BBD06248
cmp2427F155EE9223F4D7E65B82C401E9ED,{5E1880E3-D926-5A27-AC61-4F0C6D239F02},dirA1DC696F8A6F0F00335AB719E6D7EA3D,256,,fil56F8F84E7DEC7F5BE38E99E6BEA268AF
cmp89DD097B28BF7AD6736E1A52E3FF54F6,{3C84EEF9-FC55-585D-8A79-C47BBA2CB7C3},dirA1DC696F8A6F0F00335AB719E6D7EA3D,256,,filC38D2EA47683C67792853FEBA8B6C0AE
cmp72E936C8E474032CB4C3641BACB5E03F,{0A1EC6CD-AEDE-5FF0-887F-7DACAABC280B},dirA1DC696F8A6F0F00335AB719E6D7EA3D,256,,fil232D6A2F31A1DA2C8527FC8FE3A0824A
cmpCBB48098020088FC3952FC769305F187,{63003862-A86B-5D38-A1F8-A1ADEAA5D316},dirA1DC696F8A6F0F00335AB719E6D7EA3D,256,,fil11279BFE5B87EA8E1BB1D0FBA8BCE560
cmp86D8A04B65FC2B6F0CF2BCCE43E7CD38,{54173D0B-EE74-53E6-99FF-15C6D8FA94B9},dirA1DC696F8A6F0F00335AB719E6D7EA3D,256,,fil42234BFF31752C93198A6B93620DE7C9
cmp7291D874949A409FCE3E4397A4D44273,{9F87B1EF-8037-5A48-AD67-00A41DCA5CA6},dirA1DC696F8A6F0F00335AB719E6D7EA3D,256,,fil686418A2B5397C5C53E18B39D18F5C52
cmp82F1818C3F861E2A7A97F344D9309214,{4B07B624-CB4A-563F-A1F9-C3AB508AC54F},dirEBE1D6F814BAD67AC63F6145DBFD05C9,256,,filBB07F01FE36AD25C8347FC7405797C14
cmp6D07B03B0463202742CFA6D146C66657,{8060CEDD-6784-5CED-AA5B-21EC77D70465},dirEBE1D6F814BAD67AC63F6145DBFD05C9,256,,fil0ED8C40DC45AC8C78667CB52BF7F7A6A
cmp70B1115A0353DC7105B205572C0F0AD3,{0EB285CC-7B2C-5656-B1DC-119777953D87},dirEBE1D6F814BAD67AC63F6145DBFD05C9,256,,filF0910990C6FDE40A90A32703424A894E
cmp42DB243CE43AFA7F7BC16A238E7F4698,{1D4EDCDF-AF5F-58E2-8C91-A88F60ACADF0},dirEBE1D6F814BAD67AC63F6145DBFD05C9,256,,filC1ACE5B955094BF6C067B43F1F33E99A
cmp587BA9028AACB5B3ED577B3DC537317E,{0D151167-3C13-58DD-809A-0E171A98B99D},dirEBE1D6F814BAD67AC63F6145DBFD05C9,256,,fil01E22735282EE0A05ED424C929FA2156
cmp116C81C79995BE201DF2BE00D23FA418,{C74F0974-97D3-5139-B6AD-839FABA158A8},dirEBE1D6F814BAD67AC63F6145DBFD05C9,256,,filE3C36CAEC0D9000C9BA142DC1FFD5A8C
cmp3AB0CA50B3349E9EC16A2F1E8AA6050D,{B2104F0E-9C0B-5C4B-83A5-58C82AB2F9BE},dirEBE1D6F814BAD67AC63F6145DBFD05C9,256,,filBEA018C9A7D9C0F39CCAEC49C9B69EE2
cmp094224796494500EFCA03FF4C4A8CBA1,{3151DF42-C39D-501F-9653-4E10C52ACE17},dirEBE1D6F814BAD67AC63F6145DBFD05C9,256,,fil34CCFA52FC7719825BA69A92ADF6BB94
cmpACE443B07F14B1C68AE43EFEE8846160,{89E8BE33-9D3B-5130-B47D-2BA731B314F5},dirEBE1D6F814BAD67AC63F6145DBFD05C9,256,,filBC156257ECED2F5E0EC44CDC38010112
cmpB759BB9654CFF37EE6D9606991B8E25E,{DA21C047-53FF-5731-AA6C-4717A2E806B2},dirEBE1D6F814BAD67AC63F6145DBFD05C9,256,,filF5C87C3078F6480BFC828BB9AE38B09C
cmpBFB7BD3A79482970195A6932563D9C3D,{329F40FE-4871-5ECA-866E-BF6AEAD94E2A},dirEBE1D6F814BAD67AC63F6145DBFD05C9,256,,fil2669777D3629613B8D4C9AA6752A92D3
cmp3361AE8680DFB3AE3495D38D27A7E02F,{78D69965-0BFC-5182-8C7D-5BE817105C1C},dirEBE1D6F814BAD67AC63F6145DBFD05C9,256,,fil6DFAB5C440827D480810FB593172F354
cmpFD2614837F99EDA8B5D9D50E45A88434,{6EAA642C-104E-57E9-9DC3-5790A19E228F},dirC1403F0F3670067F25B9CB463B25467A,256,,fil9A010C3C96433643991E4CA92B6F6F88
cmpECE204D4B7EBCB9583294AB7F1190205,{A59061FA-6E69-55CB-AC7E-875CB3EC50DA},dirC1403F0F3670067F25B9CB463B25467A,256,,fil8687B92905C0DCD44607CB0DDE34BB8D
cmp8ABED4CDB005B1F673342A240CAB9C25,{CBBB3322-6DCF-5A30-84C9-27D06CD0645E},dirC1403F0F3670067F25B9CB463B25467A,256,,fil514FF1504B85E6D74BF0FD30D6A9E09E
cmp3B3280C3139192E59C42160BFD8632B4,{B2EDABA8-D1C0-5685-9CFA-87E1B852CA3E},dirC1403F0F3670067F25B9CB463B25467A,256,,fil5A661A34C1B0E090D1BBCB87EDCD7719
cmp405EF993D9ABF026790FBCCB413BB0C2,{36501315-63FF-5037-AD7E-9F21D7F8C7EF},dirC1403F0F3670067F25B9CB463B25467A,256,,fil77456090ADB35197E622EDCF839F4CFB
cmp62E22A0A097C9F38A727D05224939CC0,{7165AE24-3EAE-5926-9E14-356E196FC122},dirC1403F0F3670067F25B9CB463B25467A,256,,filCE8EFEB1E9AA5B24267D46A8B092D816
cmpBA7A3484884DFA93FF30DA3A8D355AC8,{D62DF9B1-DCCE-5A6C-83ED-5FACE56CD004},dirC1403F0F3670067F25B9CB463B25467A,256,,fil38B500BFA4AE6CA053BBCF99B00F943D
cmpED76D93A3CE2A4FD385A8EF21FAD5939,{B9B64E22-54F3-5990-9F21-2E8E32953765},dirC1403F0F3670067F25B9CB463B25467A,256,,fil1D59B502D6C2F5C484061D687336DD75
cmpECB028F75585E71E71E58DE8AF16BE7F,{EBA90CB6-46A2-547C-A952-CBDFA3EA7DFB},dirC1403F0F3670067F25B9CB463B25467A,256,,fil87B077BDA5BA835DD7BDD9C5CDC81C42
cmpA537967AAFC619064C2466B3BDD51C22,{60A200BC-0E66-5D34-B49E-AD81095AD721},dirC1403F0F3670067F25B9CB463B25467A,256,,filA24FD0FE826553E33CCEC717325F22D1
cmpC426D9F0070EEB50490934374718484C,{1FC23124-AA0E-52D1-BB26-36D6E9B8D6B4},dirC1403F0F3670067F25B9CB463B25467A,256,,filC5989FAC48320497B9F44BF2B7CF6B43
cmp52A6CAC8FCE390AB312BD78E5E708A05,{719BAB8A-90C3-5979-884A-8B01539E7C07},dirC1403F0F3670067F25B9CB463B25467A,256,,fil4A567F8195640CD282F3024E725EE415
cmp37550BC7ABF35EEDDA250C4ECA464366,{6D12A521-69B1-5C5A-BFBD-972EE3291A43},dir79017847315D4F3AC34F4200D2B34983,256,,fil4F0215D7AF235C4C1127872D58BA1787
cmp2FF7373D96D73C773F4A9932E46BD6A8,{35145278-4F20-5BBD-9FC3-355D2BC0086A},dir19EEDBA31F364380D42A3D423FDC59F6,256,,fil0291C2D4AF3C953E59457C71DD6DF854
cmpDF96F1CC647575FA2C448938660BD759,{812B014F-4C77-5670-8E9C-75EA96A747AD},dir19EEDBA31F364380D42A3D423FDC59F6,256,,fil5842FD0C5FACBBA70AFF9AB4A0035A52
cmp70D7E90D55B7E0D168AAC3A99C159D92,{26DDFA00-341A-57D5-8165-5B1F9A4D6D94},dir19EEDBA31F364380D42A3D423FDC59F6,256,,fil4EF1AD20573FD6804B88621B1439B758
cmp7CD9D73CC3DF7EA2212C256F4933E501,{7FB7C4A8-6E6D-5838-90E5-3AB52E9C95EF},dir19EEDBA31F364380D42A3D423FDC59F6,256,,filBB8646F1372F0BB49A692BD03C09E115
cmp6B6C0C9B2BDBEE39254CA8B34126CE1B,{214A1D61-36DA-56FD-9A39-DD750C3369FA},dir19EEDBA31F364380D42A3D423FDC59F6,256,,filA0F0A119FC403587B7AE7713C23682D8
cmpEEC546AA2B8BF074C3EC9027DD3BA853,{6D9E7CC0-33E6-51FC-BBEF-665E4C958D71},dir19EEDBA31F364380D42A3D423FDC59F6,256,,fil406D617040DDFD775C81843995176A73
cmpDD8986AC53A2C0BCB309DAC393D12749,{9AE9EDE8-591B-5307-871B-5A27977F777B},dir19EEDBA31F364380D42A3D423FDC59F6,256,,filE5E485458B2B0B0CAAC39E9F25C006D4
cmp819444D3A8B61504280F6E533EC674B6,{A10BB29B-4B5C-53DA-8140-F1A5F41E1648},dir19EEDBA31F364380D42A3D423FDC59F6,256,,filA78E2B018821C4743E4AE1E729F9AAEC
cmpCDFF80742CF3D6FC0B2EB858D598963A,{EB8B1D7F-4BA4-52A1-B3C7-0A50BA35E71C},dir19EEDBA31F364380D42A3D423FDC59F6,256,,filC2EC4C84E56F617A473E37FD1CE7D666
cmp89068B98629C7D59C349C8B88017AAF0,{286F6914-F28F-589C-91B0-E139A876531F},dir19EEDBA31F364380D42A3D423FDC59F6,256,,filEDCF756429E9A53463DC9145E355BF7D
cmp6C63F6BA2AD460C5DD72765FA56BB9CF,{76916F36-C86D-5D11-86C6-83CF89CFF43B},dir19EEDBA31F364380D42A3D423FDC59F6,256,,fil6A824B9AC6A1995EB7ACDED78146F2F8
cmpDB9B837F0ECE5ADE0F89239B4D6DAB29,{1FD6CFC6-B416-5746-90E5-C6C52C09ADDA},dir19EEDBA31F364380D42A3D423FDC59F6,256,,filB311E430CB91080AB2F4686BF8EF4C1B
cmp4977ADBBA0D900A5EF914546C3C0DD2D,{DFC1672D-72AE-5E47-A7E5-B8DFB9D80F3F},dir19EEDBA31F364380D42A3D423FDC59F6,256,,fil8C4E54E25F39B2A629A8750A721536A7
cmpAAF7BC6C7AA040E8C877D11AC3149695,{2F037E1F-1196-5694-8454-B2F853376C21},dir9F20AC16AB71F594F0974082F88FD5B7,256,,filFE5D05EF07EE9871B6C0240B79D862AA
cmpD8EFE805D2A2CC6025B02E9C4B5FF1A0,{53570149-725B-5120-A6BA-6A1A631214E6},dir9F20AC16AB71F594F0974082F88FD5B7,256,,filBA3C1B1344B90D99BEB97A37916BA17A
cmp2035EDCD30A9944A38EC79F56971E0F4,{612EDEB7-FB72-5C03-BC83-FFBEEC570F2A},dir9F20AC16AB71F594F0974082F88FD5B7,256,,filCC1B406615E7C746ECC1AB8DB86B7417
cmp70B91DF0269A49E303CDEED9EBF6CBAA,{55884148-3162-5276-A4BB-3354C61240D3},dir4D9F09EC24D0052BA40FB8189DD25EC2,256,,filC13581442CE1B211AE688B42A3898BF9
cmp2519C2BEFC71CA471A5AF21DB5997D7B,{6E3AFF4B-7FAA-5C47-A8A3-23B228D5E33F},dir4345D7D659CE2A2E90B55B3E4A777929,256,,fil6FA2FEB9C1C678A5B0E67972C40039D9
cmp785C6FEEAD9EAEEA6B00314C0648AD14,{90D020AE-5EAD-51E3-9ADD-A40E45EB2732},dirB029606A37C7C96D7FE9403F6530192B,256,,filD74E9C1183BAC590B999E5737ED3D54D
cmpAE4DF58C1F5E98C0855AEF15856FDE51,{DC456CB8-9127-528C-AF77-A660DDB33761},dirB029606A37C7C96D7FE9403F6530192B,256,,fil13083AD876598FDBD4F53389FFE582F8
cmp677034A9FF660735E6CDA733430B7D71,{49441DC4-384B-5092-8AFD-C6A285620B84},dirB029606A37C7C96D7FE9403F6530192B,256,,filDCBB3812C7C1647F9F4D7DCBE01E9155
cmp5113BDDB59CE26ECC891DF41B2A9D23A,{DDAF6FDA-5C98-5D8D-9D74-EAC0A79201B7},dirB029606A37C7C96D7FE9403F6530192B,256,,filB87AC9615363EAA014DF421EB1C9E0C6
cmp0D2DD6C993557BDD8170127878892FD5,{0E430171-B857-50EA-AD1F-0494CCBC4DFF},dirB029606A37C7C96D7FE9403F6530192B,256,,filDC09DB55458FBC4FAB113A3AE71D288E
cmp7307A32EF68B219D8471A426777D50E3,{1E9E2671-A8AD-5124-B264-FCA6AB630C81},dirB029606A37C7C96D7FE9403F6530192B,256,,fil99E5A3BCD60A3083465C2C09A674514C
cmp632FF78891D4BD3D687348D359A0D76D,{9F791F31-E74E-5F1A-922F-AF2AF8E58676},dirB029606A37C7C96D7FE9403F6530192B,256,,fil120F764689119D01374C6B48C75AA045
cmp6AC2EC41D88D6D86BFD475792228A565,{3A470AAF-A323-59FD-902A-9ECB56B8F9C9},dirB029606A37C7C96D7FE9403F6530192B,256,,filE32320CFC89DAC1DEE6D188B2193AC5F
cmpEA1C4269A32105CECEDBF075B5A82359,{DEA0C258-B4E7-5960-8EF4-143C6567C6DD},dirB029606A37C7C96D7FE9403F6530192B,256,,filB27FF30DB90A15BA747312BB6313F787
cmp6ADD5C90AEDE3B553EAC9607EB4FD7D3,{B0CCEAF0-EF65-538C-8311-80C2AA2A6C26},dirB029606A37C7C96D7FE9403F6530192B,256,,filAC0440C334DF5E4E428A54051AB5DEC9
cmpC37F16DE8E3D40DC689E570BD311A7A0,{14DBF24A-6A3B-5E3B-A15E-7E8821C06A5C},dirB029606A37C7C96D7FE9403F6530192B,256,,filE977B072D15AD531CAC920D1C8CFF45F
cmp06EF139B6439674875D484FC60BE81B6,{66D7F086-3784-549F-9657-7583B74D8161},dirB029606A37C7C96D7FE9403F6530192B,256,,filDF954144C4C8EB53DE9D73D0AC8DFD28
cmpF2DCE94C6DD1FF3EFF337D3712C648C1,{1E6E5EF1-C585-5803-8202-4B9A3C1EDA25},dir96D5E87ECDD633038244ADB21C55644B,256,,filE933388C1A30BAC1D5EAC802EC34C0F9
cmp0E6F3D75592A3A0ED7E3BB17025C1E4A,{886B786B-B915-5C23-A94E-9E7DC0231AA8},dir69B25399F9B3F1D9ADC2E300EA330A13,256,,fil918D3E188DBF2C1D336FBE6B72126A69
cmp15BE40B7AA878E6E7B534683BA212662,{CB3D4315-1C28-55B2-AB84-7565BE4F6756},dir69B25399F9B3F1D9ADC2E300EA330A13,256,,fil4EF1D727D5CB9C913820A15AEC287E9B
cmpAEC506A2E39702327D39E84DD98A104C,{3C3F02D1-7BF4-5DC5-B425-6B9DECE97E43},dir69B25399F9B3F1D9ADC2E300EA330A13,256,,filD668EA05A2AD9D165D7C0099588BE138
cmp04A509910B530C3D4812348C51B96E0E,{F6E23B4A-E93F-579E-B976-369FC7118C3E},dir69B25399F9B3F1D9ADC2E300EA330A13,256,,filA30EC661F664311D597B575D5118B749
cmp9ED9E6DE130EBB7A79C56B33FE22DF62,{48523D42-A918-57AF-829E-5D90166161C3},dir69B25399F9B3F1D9ADC2E300EA330A13,256,,fil2F8D74BEBE515CDF33CE316E174DAB61
cmp9C96E999A72DC802FCEAD68D58FC42F6,{4FC012DF-5E13-5C2C-AB45-E3EDE4958619},dir69B25399F9B3F1D9ADC2E300EA330A13,256,,fil4DE3492D1B7E149F3EC6815CEFF4C4D3
cmpDF74DCF9E36ECD6A2C919FF4E9B2C129,{39F4C1F0-6918-5849-9874-C98B8EB513F4},dir69B25399F9B3F1D9ADC2E300EA330A13,256,,fil2DB57638E648B42A9245266A9B428C15
cmp96991182BA8B5EFF42400E5D2FCC7F38,{45516A79-561D-566B-895F-DAFE68AFC95D},dir69B25399F9B3F1D9ADC2E300EA330A13,256,,fil621D7DF8713D1B8EF04A3A1E4DBD26A3
cmp8E7C2F4A9E03AE25AABBEE0DB73FAA6D,{B787A897-3BD5-54DF-9197-0F8ED8D623B6},dir69B25399F9B3F1D9ADC2E300EA330A13,256,,fil740960B1246B7196A21A506E44954BC7
cmp8DB50B2E6F13565E62071FD10C68B58C,{3B8281D7-1AFE-5AC6-AD81-FDBC8C87F73B},dir69B25399F9B3F1D9ADC2E300EA330A13,256,,fil700A13548BD5E0FCEE1DFD783738D3F8
cmp306EBB000259E394B47060D1648F113C,{8192B10C-0FB0-5F9D-9D2B-675ED79541EA},dir69B25399F9B3F1D9ADC2E300EA330A13,256,,filFAE864CF01B22BE34C1C45BAF62C8887
cmpF712ED05F3E25FBCCEAD02978C708A8E,{D4C6876F-AFFF-51A6-867B-8925BE7A4C10},dir69B25399F9B3F1D9ADC2E300EA330A13,256,,filEA61BCAA6DFB23C44EBAB57C71C09D45
cmp67BE0619B5BDF30B8AADF74076C85921,{A8B574F9-4A46-58DD-BE96-8CF1E565E6AC},dirEC43C7219FBA3FA20FF846A86838D128,256,,fil6999EC0FDC94619860D8DCFB44AA4502
cmp7489607C04DFAD45FA936CE329FE23BC,{D70B2F15-4050-536B-91FC-152D5F82D0F1},dirEC43C7219FBA3FA20FF846A86838D128,256,,filB3A207662E82E817CC944EE676F52B16
cmp32DBAC4B7040B050E511BF77E187C077,{9B537CD1-98BF-5C04-8F5F-A76BB64B448F},dirEC43C7219FBA3FA20FF846A86838D128,256,,fil1847E24BFD7CD31E57BE3AB337CA06CF
cmpFA74D89B9E52267C0E69D1E72EB0BC0C,{75D13B48-47AE-54BE-91FC-7F9F1C4D60FC},dir778F435E7426E8DE624E1456981190A6,256,,fil73280BBA7745C21DF4CA5A97A0569674
cmp27909386C9287383D956269CFA2D96AA,{3EE638E6-30CC-5547-82ED-BD134E5EA201},dir778F435E7426E8DE624E1456981190A6,256,,fil04D9073F54C5356FDD0D1055A71C3D98
cmp2E3DBB6937D4E6C93233FEA4D4E1E4EC,{FB419B97-AA6C-5EAB-9A55-AE3828F70BCA},dir778F435E7426E8DE624E1456981190A6,256,,fil219D553A357F5D5835A3B6F457C4E330
cmpFBCF2618A8B2BFF773C7288D8415BA56,{7FC310F3-FA58-5128-9548-06EC786642A0},dir778F435E7426E8DE624E1456981190A6,256,,filAED5B2E26F9CF6DA4F8F04699B316AA7
cmp6845E6F66306D49A253B740D00199973,{B03D9829-5D4B-57FD-BAAE-68991DD2DC7A},dir778F435E7426E8DE624E1456981190A6,256,,filF2923FFB5B5AAD793865975CB6D2C682
cmpF471C9805DBCD55E48D78DCC6D8D0AD6,{CC5896FA-C1A6-5D7F-ACCA-CF9D1BE0FD7B},dir778F435E7426E8DE624E1456981190A6,256,,fil88CA33F29DF3FBAF3ABE94A0F753B3E3
cmpF2A0CE9D660048D79AB66B2F7720CF85,{6A97CE93-7833-5B95-B8DC-E94A1BC2BB95},dir778F435E7426E8DE624E1456981190A6,256,,fil8B3275D18D370EA8DB8664B5F00D3DFE
cmp9E6D444D6AEFB4A0FD0B30C029DC8F3D,{5577F184-40F1-5500-BB57-1861DE2D95B6},dir778F435E7426E8DE624E1456981190A6,256,,fil01A4B9CA1234BEE925F07D9FD3484048
cmp02EC0AD3EBED07064A4CEE9064D7FC68,{4277A9CE-FC68-5DF4-95FF-BC74041F57CB},dir778F435E7426E8DE624E1456981190A6,256,,fil5C81ABAC066F89822BC159076A164145
cmpA4231BA8226820746D2C0E28AC57237A,{9868FD95-3AF6-5FF6-9E35-F39FA6DC161D},dir778F435E7426E8DE624E1456981190A6,256,,fil8D9D9A04C7B45180B49E6ED5B54518BA
cmp4E191A26D719CB605397CB060B048A41,{CFCC0D36-5B2F-5C1C-B71D-C13F1A13083A},dir778F435E7426E8DE624E1456981190A6,256,,filB0DE2A3EA0263FE0E88B61EA123BEA54
cmpCFB6938E263E68E04E6C46026CADDCDD,{D89D9AE4-547A-5221-82C0-BDF2E90C95F3},dir778F435E7426E8DE624E1456981190A6,256,,fil4BB2AEB57A2462AD80E9876C173E4DEE
cmp998CE85B1DA48099701F36B82B16F62E,{93275DA3-AB57-5C5B-9173-F5E763445A21},dir778F435E7426E8DE624E1456981190A6,256,,filA4E46EAE6E8C22D8CC023282FF195B10
cmp6D8651E68EDAC898D58A87584E7B2C2E,{E639191A-A038-5D67-B36E-BF8FBC7E4CEC},dir778F435E7426E8DE624E1456981190A6,256,,fil8A909AB2B178A315AF5CBE8F5297CD59
cmp2CF167EF853C4739E5588BB6D5021A95,{D0B18610-A340-560F-A1AD-9B7EDEFE88D5},dir778F435E7426E8DE624E1456981190A6,256,,fil955D3BA97B350BAB7B88F4DDD497D9DD
cmp09BE28EAF9BDD6BBBB570B7ED2E38524,{5C6E4ECA-EBC1-5B80-BE79-FF02D7E03659},dir778F435E7426E8DE624E1456981190A6,256,,fil2AE45DF531066655247DABFB4F47C19B
cmpE82C07D22781D080B18BA0DEFDAD7CA0,{B593290F-D07A-5153-9389-AB3F2FB8EC3A},dir774C4913E0E2B65A09F420BF9CD6DB98,256,,fil358159DB01167498708BD19DDA6251FB
cmpA9734A6F2B8024242B86DA8D96C10C95,{DFBC1219-3200-53C2-B1AE-BF1B658879A7},dir774C4913E0E2B65A09F420BF9CD6DB98,256,,fil1DFCE1EFD19EAD76B82C6559B048E70A
cmpEB30B122A802D37CDD492C2384C87249,{9F81BA96-88AF-5409-BECD-61314CCD44E0},dir774C4913E0E2B65A09F420BF9CD6DB98,256,,fil9D7E592C2A689AAECCBFADDBE567D5B9
cmpF3EF83F8DFADDCF5603EA78585A597AD,{816347BC-E788-55CE-9259-16A67A2C46BA},dir659595606AC76AA999DF8D68D8528C86,256,,fil2CC330D0EF623CB8C491B8963CEB956F
cmp54BD76925E15DE66B9BBBC5C75A089B3,{66AD9449-79D9-54C6-A380-040FEE5491AB},dir659595606AC76AA999DF8D68D8528C86,256,,fil2900D0920F30FE30D909C65914A62FD8
cmp1EFBBEDBA4D10887EFCDB70E830C54C8,{3C7D9F1F-51BD-551C-AB63-3792B167C2FD},dir659595606AC76AA999DF8D68D8528C86,256,,fil4FA7AFC04015FAB701835B0BBEC3660A
cmpC61F80BB237369478DA423EEE0E548B8,{243440F0-DFCE-5E5D-8384-90BB136D74E2},dir659595606AC76AA999DF8D68D8528C86,256,,fil3C8EC2E64E3E024C1141283631FDB34F
cmp293A9622FC17F1F6DC8E2891EBECCA3D,{E7A9DCC9-5AD0-51C6-88D0-74DD9F62A7DF},dir659595606AC76AA999DF8D68D8528C86,256,,fil39E3731ED3F19EFC6F5AA95C71A47274
cmpA0253D4CA5E767D1581F732CC4169C9F,{41719235-0D82-5359-9DC5-DB66574321E6},dir659595606AC76AA999DF8D68D8528C86,256,,filF5306FD0BF8FF267A7EA5F994654C777
cmpF22F268F08B5FED80073051106557378,{39E18084-B5F0-549B-AC0D-61F91A159B01},dir659595606AC76AA999DF8D68D8528C86,256,,fil76B6C515AA77AE2D632EC5658A1C1FBF
cmp909673E9BB0FD12D0F10531A910FA4AE,{F0F6BF03-E645-5E49-9B65-44753FD65949},dir956120606F1498118B2018FC80A42444,256,,filE670592C0A166DB868AC385C49CC00D2
cmp0D819AE41DE9391D20BEAA7CB760DDD9,{4A364F6C-4808-51EA-82CA-8AF727F5C7E8},dir956120606F1498118B2018FC80A42444,256,,fil95B74407B488F1A7B2FE6305DBDFD884
cmpD96F941D89F5D10D3BB0C04A2627F2A9,{48E485D7-9C4D-5CAB-9DCA-E5666B47C2B2},dir956120606F1498118B2018FC80A42444,256,,filD06253F0543A51FAADA05D39276ACFE4
cmp0CF0B3C062A84EA0ADF83119833ED2AB,{38CB4B76-2748-5616-A09B-6761587F500B},dir956120606F1498118B2018FC80A42444,256,,fil5EDF04AC7F4BEE3902541CB2D2141766
cmpE5D53F2C7768AF5B600F70BE79D1BA0D,{612AB292-4707-5A8C-B560-9F3F41A79D01},dir956120606F1498118B2018FC80A42444,256,,fil9047350426BBA01843389156BE4D5649
cmpF2288790C7DC741A99E96A8EC88CD4F8,{EC414DA7-1840-5A06-BC1C-A626306E901C},dir956120606F1498118B2018FC80A42444,256,,fil93EF414B216879F571BF2D1889BF2258
cmpF983D92B0464969A5AF39D12E7411A04,{94203413-5471-5C17-BB89-645D0951E083},dir956120606F1498118B2018FC80A42444,256,,fil59C83DACF174986FB11B04310C4FBE3C
cmp38C6B6CBC3BCF4A9261FF869D41964AD,{CB959E9E-1458-5014-AA5C-15C521121470},dir956120606F1498118B2018FC80A42444,256,,filE4C57154B3439BE777793CC64C3D3E9B
cmp765B2E69DC3D4CF09BA3FDB51A91ACB7,{A13B44AA-A8C9-5068-98EC-75F081D48E30},dirA724C8D3BCC8B88E99A28855C2098C22,256,,filCCE2FFB4F787C536C601408B4D248F5C
cmp173234FDB4858E9372C749A75D48391C,{2541F1FA-8F49-5F50-B70F-8788B683DEF7},dirA724C8D3BCC8B88E99A28855C2098C22,256,,fil27357AA47C0F6AF72B668624E21A5402
cmp4F89544FFD6FE60DC1C93C6FB42BEA59,{39C91EDC-7134-5AEB-A0C1-490CDC722EC1},dirA724C8D3BCC8B88E99A28855C2098C22,256,,filEAD6535247313333011907CF6C568E81
cmp715E16CB150449543DCF11DFC1FEF85C,{765A249A-7019-5144-9C00-2DED0229C199},dir4B3B602B75903D68D7B9005BCB6CD385,256,,filFCA3BA248BC1733D0EBBC99D54A3E7E2
cmpBAB19DE89C898D2DC706ACE00BD2D010,{6B7E27E2-619A-51E8-8217-55AC919B725B},dir4B3B602B75903D68D7B9005BCB6CD385,256,,fil7598DE21195323A1B879B5198268D54A
cmp5B902F06FB630046BFE4897732855FAB,{46043587-5CA8-56C1-90AB-BDD83A6FB983},dirC7F4A434CC16E4C922B12798CAEBBBE4,256,,filFAAFE482489C53503568C2B7C9A2A8D9
cmp1B1DED510A6B906C1F44B774A75ABCB1,{EC4F68CA-779F-56C0-B74E-58C8685C5962},dirC7F4A434CC16E4C922B12798CAEBBBE4,256,,fil68720DC8A188F1913225C2D256647C9D
cmp574A3595AD50413B992C426BD0D440DC,{86702BB7-1C4A-52B2-B6E6-2B893C597AFE},dirC7F4A434CC16E4C922B12798CAEBBBE4,256,,fil2EC33F102F7493D447DC3835285B2F49
cmp6291AE7FFF69562D5B1D31B35C17E74F,{013AE756-4B63-5444-9C45-833458F77092},dirC7F4A434CC16E4C922B12798CAEBBBE4,256,,filF15AEBC86F1FB8592E6394C60BC9CA20
cmpD04E6A997D8C3B95B2D7DA56F2E78F6C,{103AAEDB-8D9A-5336-92C2-632D8208423C},dirC7F4A434CC16E4C922B12798CAEBBBE4,256,,fil715914D8445635C9816B31D2A6ECB140
cmp9EFE80522C88F86217020D9C1E95B0DE,{06992F96-5F4B-509E-B1C4-B98AF8EC8B87},dirC7F4A434CC16E4C922B12798CAEBBBE4,256,,filC44ACA0799ADDCC1FEFCFB67569E90F7
cmp985126FCE7EF3100EBF3FF46A638B175,{E8883677-F66C-5A62-9B4A-B6029B3BBE3D},dir6061DBD4179319741B8367ADCD416345,256,,filD5A13A4B4867188E168CA57016CDCD53
cmp36AE2B4B2F0B70D1E3E03F7D95043729,{6DD8D793-3667-5B26-9485-270B7A2D7896},dir6061DBD4179319741B8367ADCD416345,256,,filF3AA7DA9FC0C0AF13B68801817B88AA6
cmpE8FAD5BE765B7358C5494D64503ED919,{DB851546-FFD7-59E2-A65F-E13227F289A3},dir6061DBD4179319741B8367ADCD416345,256,,fil8C27A381DE28D8AA27991D492894807E
cmpC8587DACB3ACE54F2C0F5B85E9EF47A7,{E271A9A6-28B0-5828-BB57-90BE6A755EB5},dir6061DBD4179319741B8367ADCD416345,256,,filB62EADFC2C5552886D27FBCFA8848046
cmp0941B4B8A7DA3CC1A6B8861EA0EE9F99,{9240850A-3909-5BB4-B8D5-21C7DD74C523},dir6061DBD4179319741B8367ADCD416345,256,,filF3EDE0E4EFD3DE9A6FBCCFD116C0FEEB
cmp9324FD911CDDCF17257ACD866CBB8A9D,{7A17A7B0-EF15-584D-A537-454C3A82C621},dir7E82AAC5D77477EE610C7F9F7539058E,256,,filFBDD2F7AFDEB85D06068C892B87294E1
cmp84C3A8E61966C3BB30EA31312D22F605,{D4213EC9-6D31-5604-A24E-B50755C28004},dir7E82AAC5D77477EE610C7F9F7539058E,256,,fil40EEBACC1606A4FD638B34F9C50D65FA
cmpDBECC944B9EA8F5905485F7B6D553EC4,{2E9B802B-AE97-5A6E-8FF2-7677F11B9040},dir7E82AAC5D77477EE610C7F9F7539058E,256,,fil421747580242485582D45E92FB73E5E4
cmpB86445463D164142AC2F4CA9E257776F,{9D3DB678-481B-5321-B63E-DC11BBF3E397},dir7E82AAC5D77477EE610C7F9F7539058E,256,,filBE7AC651760EFD54CAF9398EADA774DE
cmpFE3F26CFA8392E5A2716DC13C521D466,{6691DC11-5644-5EDA-A11E-E58FF7DD6800},dir7E82AAC5D77477EE610C7F9F7539058E,256,,filA9ED4607E2A109B855A5BF3F28A75BC5
cmp44DFEF5159C981009EDCB8CCC4442693,{AE2CC81F-A18E-5CEC-B419-60D5CA50CD73},dir7E82AAC5D77477EE610C7F9F7539058E,256,,fil8D5F8D2B947F86129EFD4710CDEA14DD
cmpEEBE112FAA9AF8DF6702AE0BAC9818A2,{593DCD94-3DD3-5830-871C-DE60CAF5D2A7},dir7E82AAC5D77477EE610C7F9F7539058E,256,,fil29FB273BBF2638B4C6510D6BDAE3085D
cmpCAFFA8378D2BB175F1344300D3A01AD9,{898683B3-FBFB-57DF-AE81-5D4F7614E9C8},dir7E82AAC5D77477EE610C7F9F7539058E,256,,fil03C8EE69268D743BAD8161A8DDD3DBFC
cmp7E79E18E14C0A76A6C212D4CD0961DE1,{9F4E85F9-2864-5B6A-A4EA-AA3788BA55F6},dir7E82AAC5D77477EE610C7F9F7539058E,256,,fil805161FC9BF8F30B5472B26231275614
cmp08FF567FCF3D708CE62B71C82629633A,{959D9F96-636D-58E7-9183-BC6A97FC3F59},dir7E82AAC5D77477EE610C7F9F7539058E,256,,filD25311D5C54443FCD63CFE933D748889
cmp4E85FDE03197F7AA44AF7625DDDB7920,{EEA02B7D-4AE8-59A0-A068-3BCB9AE5294E},dir7E82AAC5D77477EE610C7F9F7539058E,256,,fil6EB51923713CBB2D8B33E11EE1136209
cmp05BAB660795F507867142C98442B0899,{68FE4ACF-5493-5FC2-8C7A-643C8625E1A3},dir7E82AAC5D77477EE610C7F9F7539058E,256,,fil1EA7BB6F3628C447933586EA56E5281B
cmpF6A72BABA3D04AB5A15E007CCD936127,{C44E09CB-35E7-5872-8C00-1CA28D62BC76},dir61569CA9AC105B6E8303B5F40A23D613,256,,fil06A0100BB4464197F42338AB6769B9C0
cmp997C604BEE82A4F4A30B8F400388C29C,{2172EC2D-082A-50E6-99ED-83AC0724D1B9},dir61569CA9AC105B6E8303B5F40A23D613,256,,fil396D6E995AE77E598579DA1C924DF1C3
cmpF96DAF861B5BB50585751399766BB695,{A44E9110-53A2-5A27-A885-8C381903FFFB},dir61569CA9AC105B6E8303B5F40A23D613,256,,filBD5930E4B6133CE84A7CB715971822F7
cmp925F48983F0307B822FE4268D4349D35,{E9AE30C1-031A-5103-B337-00FDA2AAF8FA},dir61569CA9AC105B6E8303B5F40A23D613,256,,fil2AD72D1EAEA4289E9E6EBF385959C4F7
cmpB16ACC9434E93AD75800A3309718B33E,{C167F792-E5BE-501A-B153-845002C4A808},dir61569CA9AC105B6E8303B5F40A23D613,256,,filED3B375CE61211F6872B34A5C46FD982
cmpDC9A87D0A819ED86FB0FA8CA7DE2C6B5,{672C10F0-4D03-5CCF-9A32-9D3E71715A21},dir61569CA9AC105B6E8303B5F40A23D613,256,,filCE0ED8A5D4705C5EEF69B2778FDD6D07
cmpBC61D75F80159CA0E745D73554F54720,{F555212E-E191-56F6-9B41-ADBCCA93E371},dir61569CA9AC105B6E8303B5F40A23D613,256,,filE2E7DC08919E0459110F4A5B631AE52C
cmpF3B024ACDED24361E0CF80732F50284A,{D63EFA96-0BAA-5013-9155-9E86D00FDB13},dir61569CA9AC105B6E8303B5F40A23D613,256,,filF546CC7797AC0145CD895AD524CB15A5
cmp81D358BEEA3AFC3DA8485FC407664E36,{7B676E8D-B5E7-564C-B656-FD9763F0427F},dir61569CA9AC105B6E8303B5F40A23D613,256,,fil9D66B72CF80D87F27FB2C84D5C152FE2
cmp75F981FCCCD3BDC93DD904EFF3E7D13C,{4E09DD1A-F100-56B8-8E8D-2D398587FEE6},dir61569CA9AC105B6E8303B5F40A23D613,256,,fil7C037BC4AA1AE115A29D5031D7A4531C
cmpBDE4C7E9EB130F190020313A16FFDE84,{654EF03D-2E25-5D89-A32E-2D6B42A306FF},dir61569CA9AC105B6E8303B5F40A23D613,256,,filF525F2371D8D83EA1D7FC35948B35C07
cmp315BFFA884A0B2CEE3896A29E2563D3A,{3F86585C-35A9-5DD6-B148-D1B583994475},dir439346FE80C485796C7275E0BD47D3EB,256,,fil0FD00A8450F82480D203CD83C433A913
cmp8ECDD9C4669848F62AA50DDADFF9E068,{4901FB6A-3FE9-553D-99EC-1C66E8ED1A97},dir439346FE80C485796C7275E0BD47D3EB,256,,fil0523DB9D165C60DA05FEB2D78A29A98C
cmp2057382687DA3E43228E2EBE0EE51C3E,{AA8879D1-0D1A-5699-818D-993BA2655F07},dir439346FE80C485796C7275E0BD47D3EB,256,,filC0EDAD7BD3F1C5334DEE5F9286CE09A3
cmp59A50EAA50E0B89DBB412E39DA6CDECC,{F987A427-1C9E-5853-82D9-7C75E758F300},dir439346FE80C485796C7275E0BD47D3EB,256,,fil0F4802015D319F0EF4574E0234737D52
cmp0AD1E008DA6069D6066CDCA972804078,{B239698C-9C9F-53C9-BFB3-C81E3FCEADCD},dir3E54FCCA07D6C12DEB4BC8ECBD601681,256,,fil368E97AE6126F807080D68F9791BDA1C
cmpA98A160008D3D8310F60A97A418D2383,{ADB49053-F8CA-56E4-84D2-C340F25F9E4B},dir3E54FCCA07D6C12DEB4BC8ECBD601681,256,,fil424371BC5511D52BD7FD7078F0F3D0F9
cmpD73919B3C38CC7B75591AF6759A7596D,{7815224B-FFC0-54A0-9760-4E63342A6667},dir3E54FCCA07D6C12DEB4BC8ECBD601681,256,,fil9423EA1EB6695FCC1E59A1F5D42E840F
cmpBE8176E069170D0107DB524EDCD2921E,{EA59CE42-87C4-5E89-8708-7B8D3258DFB4},dir3E54FCCA07D6C12DEB4BC8ECBD601681,256,,fil8F0B2017ACC13070415DBC8E5F03FC23
cmp044A4CCF53C52BA61E1C932EFA3F6DAF,{20E2747D-C34B-5622-A571-3198A3D26A65},dir3E54FCCA07D6C12DEB4BC8ECBD601681,256,,fil0FF929FA03B5C74979F2AE57A1F788D4
cmpA4B8432900942EEBF362CFA6275C0144,{031D2D91-5D58-5576-A6E3-FF50FF36C0D1},dir3E54FCCA07D6C12DEB4BC8ECBD601681,256,,filD5BE0C9D44F81F3D4F9E3B8878411DE2
cmp8D4BCA4B5E0DF48CEF466F129F1BF5ED,{29C4BC1E-AE80-544F-B210-2B3CB6ED49AC},dir3E54FCCA07D6C12DEB4BC8ECBD601681,256,,filA8B60A3FFAE8850E02B427DEE2019EE7
cmpFC6B82044BAC89A04248E6E65F27385A,{C9FACE42-FFED-568D-872D-BFE2598E521A},dir3E54FCCA07D6C12DEB4BC8ECBD601681,256,,fil2496B1DF6855D748827DF130FC2FA355
cmp6E96D17D2D0B412E8EDFD6A5C5C8FCE9,{7C8731A6-E236-5913-A708-30643EF81AE3},dir3E54FCCA07D6C12DEB4BC8ECBD601681,256,,filBA61AD20384E42FF57AD3BDF4EA0BBA2
cmpF1B486CDE2A39F7CDDE88E0FBE20C1A6,{848B123A-1DD4-5BF5-AFEB-28E673418776},dir3E54FCCA07D6C12DEB4BC8ECBD601681,256,,fil35F2586A87044A92331AE0B3B8ADDF3F
cmp8FDB4D389CEE035AEF1D21584F6C9C30,{694829B4-8622-5B0C-B460-D52EFE299911},dir3E54FCCA07D6C12DEB4BC8ECBD601681,256,,fil8263C5BB9235D3E04EB53835175967D5
cmpA003A99189FE28F559D4016C27711878,{D3E44A15-050F-522C-B98C-44CFC6A673DB},dir3E54FCCA07D6C12DEB4BC8ECBD601681,256,,filF8CF349521B85875ACEC03A952249FD5
cmp566C84D62AB933159FA9F2B486298DED,{D02324CD-9BC4-533E-9DBA-34514DD4ED4C},dir3E54FCCA07D6C12DEB4BC8ECBD601681,256,,fil7E84EC7C02FAE04856EBDAC9C5E0F308
cmp732A65587659598C6FC931BF2C1B3723,{2A8FFE6A-16A4-5EA3-975B-08ECB9021EED},dir3E54FCCA07D6C12DEB4BC8ECBD601681,256,,filC8EE8E2DB6A18916426E35488C0EB9DB
cmpCEF1A038D8B14A42FBDA65F64E98AD57,{034522D5-6C36-5F00-A63F-CCEC29DFE0DF},dir3E54FCCA07D6C12DEB4BC8ECBD601681,256,,filF1241E661029629470BB4C1E1ADB507C
cmpC8D9560227C6C5C02958DF491965ACBD,{0A3D7142-61B6-5B34-8EA0-AC7457DAED0E},dir3E54FCCA07D6C12DEB4BC8ECBD601681,256,,fil1E090D372D558D33863453F9DA64A282
cmpDE38174C5AE40DA679FB3F249E15A86C,{F4D58017-6CBD-5FCB-BFE2-658E610470F7},dir3E54FCCA07D6C12DEB4BC8ECBD601681,256,,fil8D5AEA5232167C1558F1CAF6A7AC1C79
cmp4239C3EC991FBF0F80D4AC53E4FC32B9,{9EABC89B-C3EB-5668-B89C-D50CC528637C},dir3E54FCCA07D6C12DEB4BC8ECBD601681,256,,fil8306E6CFE32CAAC739EE34A65A104120
cmpF26FDDC5C2E986F2B52E038FA7377614,{66F85EDA-0D55-5E55-A431-C7D04960CE86},dir3E54FCCA07D6C12DEB4BC8ECBD601681,256,,fil600B6DF5B481C5042803BAE32CCBDC52
cmpC326FDB990876E316D2BE92CD24CAA28,{4357338D-52D0-5F4F-9E6A-1E5DE2FA8A46},dir3E54FCCA07D6C12DEB4BC8ECBD601681,256,,fil1F07B8258A14B593D6109FB4EBDFA0B7
cmp974512E44D0A4C0BD25D407D6AD402A1,{5FEA82DD-D5D5-5823-A694-4EEF97162B5A},dir3E54FCCA07D6C12DEB4BC8ECBD601681,256,,fil998FCBEA2B932CF926FFB3FE4942FE8D
cmpECAA35705859875B7EADEC406DBAE6CB,{110414DA-4862-5F35-9E98-6E64B29F0AC6},dir3E54FCCA07D6C12DEB4BC8ECBD601681,256,,fil9916569D22EF0AF99601D56CC8E9B18C
cmp8081C2BA8C6068D8FF4296AD0CBEE271,{BD34A169-1009-59A1-8745-59BEE8B8178A},dir3E54FCCA07D6C12DEB4BC8ECBD601681,256,,filF46B5FABD172CDC1E1E60C3378011C41
cmp799A6EB18524038AEA3EF9CFFD2C357F,{D3E12943-8FE0-5FAC-A42F-C3E9659C7584},dir3E54FCCA07D6C12DEB4BC8ECBD601681,256,,filF06E426B28BDAC6A8B083891505507D6
cmpCFFCEA38D7ED8617C98F4C5F5D97105E,{000E4301-4FE4-5884-8417-F3ED7AEF34AD},dir3E54FCCA07D6C12DEB4BC8ECBD601681,256,,filB5A128D31C10B8CE2134EE8B5A1BD017
cmpA2314540A365AB46A45B833D9A71E829,{5A627598-1E64-59F0-84A5-8FF0BBA17E93},dir3E54FCCA07D6C12DEB4BC8ECBD601681,256,,fil9497D9AA99592181C75A46D0A1A48743
cmpA9C29A9BB42DD94552321B7B21AAE883,{4848CB82-62B5-5D40-BC6E-CC24A4642DE8},dir3E54FCCA07D6C12DEB4BC8ECBD601681,256,,fil926F91AC3D4580210DEDD83D28CAA104
cmp24B28C93B9AB7CBBF06A6600242CC075,{1C1B2234-72E3-5380-B755-7F1A6A5B94C3},dir3E54FCCA07D6C12DEB4BC8ECBD601681,256,,fil8511D7593694DB8B16A27418B6B9CECC
cmp2E7C6B6CA0C251201F0C0BB184555A86,{3B788ED2-6ACF-5E47-975B-6BBA804448CC},dir3E54FCCA07D6C12DEB4BC8ECBD601681,256,,fil54956DAEF01E1DD408109E632CEAE134
cmp870F97801299C5F92215F14974499327,{80FA5939-91B6-5A25-B7F3-13CC31679B2B},dir3E54FCCA07D6C12DEB4BC8ECBD601681,256,,fil5A36A0F2114246B265C61E6741F84167
cmp894E5615F3E0DD705824C6451A2BDB08,{E5FDF810-E41E-50C4-B044-58C762B2512E},dir3E54FCCA07D6C12DEB4BC8ECBD601681,256,,filC02F77B4413D25BD538FE07610387725
cmp09EA8A65C05471BFCB85E12A8D6A1EE7,{27A89993-324C-5790-AF3F-EF336572F418},dir3E54FCCA07D6C12DEB4BC8ECBD601681,256,,filDEED6F5490397E16D4FE2926EB8E3493
cmp1CDCCB35CFB8C36E3299BA1D1902F31A,{B536E876-56C2-5F30-9735-2F6BF314054B},dir3E54FCCA07D6C12DEB4BC8ECBD601681,256,,fil04A4DF6BA2D8BD97C38331A48D385C5D
cmp90070051D26DB82E54245A14E7B1699A,{91149639-A194-50F1-84A3-783861F877CE},dir3E54FCCA07D6C12DEB4BC8ECBD601681,256,,fil45DCC49BFB102E8067DD2258C5950A3F
cmp4CA2D1C63760485928AB7E84C35737D6,{53CCCE6B-9DE6-526E-82CA-1E2BE758B0EE},dir3E54FCCA07D6C12DEB4BC8ECBD601681,256,,fil3A7C1FB583472E5D2E8EE49DD2789427
cmp30C7C6126B972E9A3AA0E9D088F3300E,{115E0608-1FBF-5CB7-9980-BC42B1AA01AE},dir72DE99662D7DE72E0040631F8AE51A7C,256,,fil684D4BB960B13E920C5037BFA2C0131F
cmpCC464CBD17EF59FFC83172FEF54D7AD2,{EA326A5F-6FA3-5B1F-8151-B9B537244A41},dir72DE99662D7DE72E0040631F8AE51A7C,256,,filE58713A62AE09155CE57ED3529F81449
cmp562E4882106BC171A9E49EB2A0F4BCE6,{A9B00383-12B3-5E3B-AF0E-9B11A839E980},dir72DE99662D7DE72E0040631F8AE51A7C,256,,fil9EFCCF670D4ED200CFCEC3E1C1547896
cmp8F4712C6283EAE16C8F277A2478D52F4,{BF79F0AD-F689-5C9C-83D0-1ED0FAA9FE24},dir72DE99662D7DE72E0040631F8AE51A7C,256,,fil637AB3C676C13A2A93461E36E19E3A62
cmpB2EA80AA8BAE05DCC711320AD86FF365,{F26460C6-6750-55F2-8328-54253366AC21},dir72DE99662D7DE72E0040631F8AE51A7C,256,,filCA293196825DECCBA15A75160E628A90
cmpE05626257E9DFD25C6C89A2477BCB204,{9DC1F417-E45E-590E-AC74-6AD3843BD96B},dir72DE99662D7DE72E0040631F8AE51A7C,256,,filEB27D9DB7C1BF059401EF39654A8817A
cmpEAB2E982A6D544ECCEB5DD1AD1219957,{83F86014-4863-5062-BEEE-48BD2FB314D7},dir72DE99662D7DE72E0040631F8AE51A7C,256,,fil372CFB149C69C51403EF0A03801505B4
cmpE13E0F90C19B10A54910258BE04C3272,{48A0B773-9ACD-5B69-B79C-3A8B97743218},dir72DE99662D7DE72E0040631F8AE51A7C,256,,fil8C7AA692A95778ABBAFAF74299F0F1F3
cmp4F0305B8338506ED20E083C2602A17D1,{4238A5C8-F2DF-5C28-8AE7-FA464CF68B66},dir72DE99662D7DE72E0040631F8AE51A7C,256,,fil9A4EA8F9CC8627AFADC59721335E4A6A
cmpD8E7313825249E33E60A349850F8F910,{88493CCB-A1F1-58B6-BF3F-38BD162AF567},dir72DE99662D7DE72E0040631F8AE51A7C,256,,filDDC6D0F27B1A448320A9EA82894F5BB0
cmp5E6F1C22A79D94C18EC6513BA57C1A22,{9BBE6A21-7E96-5559-97D8-8B8DFFD16192},dir72DE99662D7DE72E0040631F8AE51A7C,256,,fil60944EEB430876D78B099B7CC52A22C7
cmp2B1A9955E6DF3570BF8AB853F0EBD871,{1A7F75E4-3875-51EC-8D76-BA7066201918},dir72DE99662D7DE72E0040631F8AE51A7C,256,,fil60F89CE5DCB2C76B64C3AE5B1497266F
cmp6E8E451A0C2BE3D2D3897DE6269CF199,{B8B334CD-4013-513A-872D-5CFFA35AA950},dir72DE99662D7DE72E0040631F8AE51A7C,256,,fil7E9B079498DB7510B11D632CA234D2DC
cmp6A959479D04B4B65ADB6AAE9042CBFDC,{D22066B1-AD9D-5F79-B1AB-FF963775E26A},dir72DE99662D7DE72E0040631F8AE51A7C,256,,fil538B7AF81668B9D83FE0F5046F36B9F1
cmp2F476DFE79F8E4B242521971AC295C95,{5BD12A7F-F797-5FF7-83A3-81A58D44F65E},dir72DE99662D7DE72E0040631F8AE51A7C,256,,filCB1EFD62D65B27E50F644E05280F2D84
cmp013B3CAA58D367DD50A42F5B93D51EA0,{A134116B-56A5-5968-A3F6-A5575D0CF4EA},dir72DE99662D7DE72E0040631F8AE51A7C,256,,filDC72BBC68DE26C85A38800C47AA43416
cmp01ECACE69AE20DF7DF59BE2506B61A6D,{6D76662B-62D7-5EB1-A111-3FB258605926},dir72DE99662D7DE72E0040631F8AE51A7C,256,,fil948C41AD1EB9DD643CAD6B0DAC51445E
cmp4F076841B8B34747B945CB241BD057C0,{2D69F105-292E-5949-BEB6-C6834574441D},dir72DE99662D7DE72E0040631F8AE51A7C,256,,filBAE0E92E5AB7986D92B3D7AC74A53D6F
cmpE3EA5BAF22A10DAA18775CA1F65918B9,{57D97204-59E1-5ED9-8A0A-DE82232658CE},dir72DE99662D7DE72E0040631F8AE51A7C,256,,filA182B86FA960473385723738E4B1E39D
cmpAE2E23ED78022EB5FCB4E7CBA45DE5CD,{BA896803-7D2C-5952-923C-DC14789F2D54},dir72DE99662D7DE72E0040631F8AE51A7C,256,,fil777630250D33E38042134E56EB0624C0
cmp3CBF72C9B57EE9DBAA55A52E01C847FA,{55424163-D848-524A-A497-2119F637E436},dir72DE99662D7DE72E0040631F8AE51A7C,256,,fil9F0B1A7E0F85CB6758C8A8960AE9B84A
cmp25622ECB6D371DBE13AC117342011587,{D2C08982-9427-5853-872D-010D623CF7A0},dir72DE99662D7DE72E0040631F8AE51A7C,256,,filA2CA1616CEF1ACF0AD8CA614CF6AF235
cmp501196E318EF0165ECCFA53B49DA6EFC,{7D59A75A-0FD3-5548-9575-427C9A795725},dir72DE99662D7DE72E0040631F8AE51A7C,256,,filC25B4FFAD11BB8941ABF01D7294EC0F2
cmpC79F5A88969C131AF25B530136462388,{8337287C-83FF-5A18-BCE6-A347F6DA9208},dir72DE99662D7DE72E0040631F8AE51A7C,256,,fil080A3EF5FCC562E58D7439C157C16B41
cmp49D0C064A3E3573C1F5352F6433FDB89,{E3F3E255-DFBC-54AF-BA01-C251EE83F788},dir72DE99662D7DE72E0040631F8AE51A7C,256,,filC519852D437E2F01059D1137023E5975
cmp85AB3D9BB40C2E22AEFC37225FDAC811,{E3610B0D-C89F-5A38-9D5D-3C03E9F46AAC},dir72DE99662D7DE72E0040631F8AE51A7C,256,,fil22F6DFE876E6C155141630DF224C8F71
cmp6F86D8F598175D13167A75E4AF93A32F,{E8BE09AF-2071-5705-AB31-B2BCC1D02835},dir72DE99662D7DE72E0040631F8AE51A7C,256,,filF09B3A18A6C7725350ADB7A3E0E47495
cmp52045DE20B904B2F55A3EC3A04811F6B,{B7CB67B8-26E8-593B-BD35-70DE2E03771B},dir72DE99662D7DE72E0040631F8AE51A7C,256,,fil6D798E365AD83329F3C98E720537A3C7
cmpCD143A83F1803F0102FCD46AC9376FA6,{EC823B7D-2EF6-5FF1-90DE-557B26F54955},dir72DE99662D7DE72E0040631F8AE51A7C,256,,fil6595E5446F3278394CEA249388DB0A21
cmpDA32FA484676DD9EF5800D4BB68B0E3F,{70DE634F-9ACD-5705-A848-97640AA307C2},dir72DE99662D7DE72E0040631F8AE51A7C,256,,fil5B2E0FA481C9D435E93693A5DE7ECB50
cmp9924AAB5BB6F1C71D28B7FEDF33D1129,{A163BB4F-3934-537A-8916-3B4F3594E343},dir72DE99662D7DE72E0040631F8AE51A7C,256,,fil720894B202576F8DF5B19D9DAE072957
cmp2B7C47BEB5603BEED18CEFDE90BFB2A9,{43B7EA4F-D7A0-5665-9195-6929B65462EC},dir72DE99662D7DE72E0040631F8AE51A7C,256,,filED6D4DF3AB2AF3A6D63BE99068F77D37
cmp75CA3B1BA7B1D96DDE91943164876D0C,{D6207C5F-D280-593F-A07F-0E5710CB67E0},dir72DE99662D7DE72E0040631F8AE51A7C,256,,filE8A1B4F2C7CFB385CEFBF3F3EAC13649
cmp7DF5977EBF6FA9776F12F0A9150107F7,{D90F4538-B459-51AD-94FD-CE82B08D32C1},dir72DE99662D7DE72E0040631F8AE51A7C,256,,fil86FECA98BB02DCA4621924ED57C155F1
cmpEB1B7B59D3F55380D72761354B45F7C9,{49297EEF-7DAF-5305-8653-BDFE5C237F73},dir72DE99662D7DE72E0040631F8AE51A7C,256,,fil9E1ADB5216E9429B51761D25CA1BF3A8
cmp517CEBF5E60D446375CD65B2BE3740BE,{1D404713-0C72-5923-B4E1-2DBE950C4DE4},dirDA642919BE47A9CFF8D9F1EB4B1767A1,256,,fil95C715C08CD40C5BF8AE2A8A379021BB
cmpB225D4C572362A8180A00DA800440E5A,{E16F77E1-BE76-5E1B-AFAA-38BE247ADDBF},dirDA642919BE47A9CFF8D9F1EB4B1767A1,256,,filF445D94A9D604D4CCB20A9F7FDAA37D0
cmpEC18AB70B5E340E5B73212B3B730E5BD,{A67EE9B4-2910-5FE6-A9C0-0BABB71F8BD5},dir6260F2FEC4DFC00B7DA3A3AAB1D15505,256,,fil75B4CDD213B2317FA7B6A4FB720C1F00
cmp96B72DD2BFDAB79F15824DC86861D49A,{BC8A15F1-86C5-50D7-92F7-8689D58EC50E},dir6260F2FEC4DFC00B7DA3A3AAB1D15505,256,,filA6BFA76CED7B579F6F618DFB928404AA
cmp43C7BC6E1B5DD05AC02333FB4D1E7855,{B8A6B038-AB46-5FE0-BE21-6A199078A21D},dir1FC66B3AC18BAA816AE2CB02F71EFBE9,256,,filD5A86447C29CD7B5F2FDB94426ECF9CF
cmp9B65C34D17950BFE32662D687314B3D1,{66058AAA-382F-5214-B9D5-98B160C11365},dir1FC66B3AC18BAA816AE2CB02F71EFBE9,256,,fil4F245CD414A0FDC0B144FCDFF161820D
cmp39FBCB80415DFA8083B6E6A1D9AF25F6,{BE3817F3-1135-5F4C-9B5A-532DE0D94402},dir1FC66B3AC18BAA816AE2CB02F71EFBE9,256,,fil8B4DC1288D4F5CB3F9DE59199813A5CF
cmpC6BD7AA211BA63D77A5D9D60ECEB8E51,{1C77D4A4-EDA8-5207-92C0-D5D5C2C81334},dir1FC66B3AC18BAA816AE2CB02F71EFBE9,256,,fil453D15749897A2251B98FDE96FC96F34
cmpA528E96DE30A6324EA4D7699DEE4F3A4,{280EC00E-71AE-5504-BBBF-A78EFBBBF506},dir1FC66B3AC18BAA816AE2CB02F71EFBE9,256,,fil53CEC0316247082645A1DAF427E2C867
cmp23D6A3881118508E6DBCE2E76AD7FFE1,{8FECF4F4-D4D2-5A34-8C76-C641C72CFFE6},dir1FC66B3AC18BAA816AE2CB02F71EFBE9,256,,fil25935E6028D0CF6E26ACA733B88CCA5D
cmp8F9BC243C31234223E9E1394E7751420,{4C1D7C24-2590-5F6A-8BD7-6DA3BF0FF44A},dir1FC66B3AC18BAA816AE2CB02F71EFBE9,256,,fil732FEC78CFFA3A94252AF061D813C14A
cmp6B046B8FFB69875496B0783F8EAE4603,{86A42CA7-A3E0-582B-9BC5-B0FF2A73ADB6},dir1FC66B3AC18BAA816AE2CB02F71EFBE9,256,,fil2AC4170CF376B37A3CAEA6AEB70C1017
cmpE7C4C2A9DC8A5DB8656D79F097DEFF91,{7E27E2A0-548E-5799-9F2C-87E646299A26},dir1FC66B3AC18BAA816AE2CB02F71EFBE9,256,,fil4F55B79D0CBC847634D819D06D89048C
cmp0EFE01C758F95A6FE84BE5DC795AF385,{3860C001-33B5-567A-8778-80AFBB40AF9B},dir1FC66B3AC18BAA816AE2CB02F71EFBE9,256,,filE89F5C5EE54742C0338430A07481E394
cmpB382C875ADB922A0256EB5CA98293071,{B070E1D3-ECC3-5EC7-A513-05CE1BA992BF},dir1FC66B3AC18BAA816AE2CB02F71EFBE9,256,,filB296767D330B8BBACA6B2441971B1B93
cmpF27E8277327A7809C57F204420FC4915,{77FEBB44-0A7F-52D2-9578-A449A24BC4AD},dir1FC66B3AC18BAA816AE2CB02F71EFBE9,256,,fil4AD5BB37EC7577C42163338B5DB77D0B
cmp2588BE618E2154A74F6FFC57E78433B8,{6245A7E0-1A51-5B5D-8C4D-31712646847C},dir1FC66B3AC18BAA816AE2CB02F71EFBE9,256,,fil5005F001D3D24329D62ED739283E0877
cmp41B1F1829180FBABFAC3BC75CE32659B,{DB6AD75B-1A30-511B-BAAC-7DAE4316378E},dir1FC66B3AC18BAA816AE2CB02F71EFBE9,256,,fil94E8AF42B5505547A42654E587DBC25A
cmp76763FBCE1C9F41AAB79650ECD3E7B95,{3B5F7190-F926-5727-A648-8CEDBA80C99A},dirB77E66A6E335EA0359401FEC3AB809D3,256,,filABF7801785772BBD9E0FD008AE634035
cmp3621DE82B35D35FDAA14F3731E547270,{A1506DB8-4EA1-5BE2-9AFB-ADDEA170583F},dirB77E66A6E335EA0359401FEC3AB809D3,256,,fil21F70BCED467143E462608449D261043
cmp8CDA1F61BBA743E00ED8B6FB8DD15385,{20414A70-4D59-56E5-9B50-E5EDB2DE7C78},dirB77E66A6E335EA0359401FEC3AB809D3,256,,filCC0928CBE84F56E1E67C02EE04B77104
cmp79906B9E152EFAC0CACF127B1888C7EE,{759D494D-378C-54E5-A415-14CBE736D64E},dirCAC28372D20DE36BFC56CF745F22A10E,256,,fil598696E1CCD8398D528CD61B2CD33A8C
cmp2061E3A036F22D90C3F7C1B2861B265B,{DE2F8C58-A031-5354-9AFA-CA5CF17EA899},dirCAC28372D20DE36BFC56CF745F22A10E,256,,fil6BF250FF0FC6AB69BD444BA93EAC3218
cmp38CA315B290B75E23F1691F461D6BA96,{5350DDBF-F67A-5D82-9B0E-48E17F1ED537},dirE7DA7063319C1E32543C5B16E6B48639,256,,filE2676A9906A00B0370F3C9B372A611D0
cmpBDAAA2E0D5A1DCC89F081DA1626FE8A3,{19EC3E36-CD05-5476-A793-3D420BCA1EE4},dirE7DA7063319C1E32543C5B16E6B48639,256,,fil553F503FA09150E922A29E8753DA753A
cmpF202625ECE546E5429BFF354A9B0ED10,{274ABD76-76B4-51D0-949E-6A424D332BA5},dirD703257C0875F65FBD248D1EF5757230,256,,fil42EA8318337AD7E22B243BB2C92FA0B6
cmpBE4231F241D9E1639A2C24B7FFC9ACF5,{25704757-D261-566C-B397-39B688066965},dirD703257C0875F65FBD248D1EF5757230,256,,filD787C68B7B7F3ABB10950E837AB651C0
cmp362D060AC0D0C49B3D5C7C73E588C760,{52A90026-150B-5FFE-9CFE-99BD121FDC9C},dir76BD40E06758DF0A0A59463F4846BD7F,256,,filD0BCEBCE3C6111B4F86DADB6E1A764D8
cmp2A7944F8BA1D9A5C4882827A66DD638F,{414F0A12-3B7B-5703-8D12-45EE64F7CA09},dir76BD40E06758DF0A0A59463F4846BD7F,256,,fil5ECF9DE724CA22A405C0941FADF69C25
cmp9629E293353B7818442E312FFCD069E6,{0692BDBE-DB09-5D7A-8B7F-06DA7E3A5B59},dir76BD40E06758DF0A0A59463F4846BD7F,256,,fil3C9A946F8979D4DCE50B2C144D50628E
cmp61976D5611BEB6B5B38622A12C57FAB6,{EEB43F5C-106F-5FD0-A248-03A9537A23FE},dir740BAF7ABD762E9F2F8605162F7530A4,256,,fil1330EE824B833DA967B2F662B321FBB2
cmp5C5AAE5C176F88034061BAF9E273ED1A,{FE203389-AAB0-57E6-A504-518E88581FAF},dir740BAF7ABD762E9F2F8605162F7530A4,256,,fil28ED81A7A87D2780378E902BBFBAF041
cmpF6FE63445EFDDAE1AFDFE000E4C44BA3,{6C4994FB-D5B0-5350-A583-09F6BDE94ADD},dir740BAF7ABD762E9F2F8605162F7530A4,256,,fil93C567B367C7FC4EC88CDC425848B6CF
cmpD8862E82270C7DD7492419CF89AD49D7,{77E49B6D-2FE8-5C2B-9953-FDCF83162FB9},dirAFC84572C49236FE391D2876DBB7EF50,256,,fil67255F0C6BF5FA791A79F052B37318D2
cmp8063B26BF12A958FEF73B1DC341E3FA9,{01ED7BEA-3082-5197-85FC-817E7612FBD8},dirAFC84572C49236FE391D2876DBB7EF50,256,,fil22D283FF70346D2169AEA66E7B025828
cmpE8569E755790424039B3B2BBD6A211B1,{B8F16BD3-DA73-53AE-ACF5-B4E1A5E1ED8B},dirAFC84572C49236FE391D2876DBB7EF50,256,,filFC32F82090E12B7BD31C734AAF31FD86
cmp30376D9C8B7A4F2045691975A2C4D60D,{8273B350-92FF-5616-91E9-728D31891AA1},dir057123D3F792D0D38A351638533790B3,256,,fil1433F89F6559CBA3D05FBF45AC683C5E
cmp83DC7B7313556B44A4CD1AC6C8CF31F6,{F06870BF-8F7B-5AEF-B4A3-2845285B2949},dir057123D3F792D0D38A351638533790B3,256,,fil0D6A60A3DBBB22F22B2B1AD2FF806909
cmp615B506915FA0FF6CFC33A39C83ED1B3,{99BC8FEE-63B7-5218-877A-908E3B44D196},dir057123D3F792D0D38A351638533790B3,256,,fil30E6FF96A8DCC522546387B4F170C6D1
cmpCA9738CFFB3447B595869E5981D77445,{B4DE81B6-7CEA-5B09-BDBE-66C22E82462E},dir5BF17C6EF7D456E561EFF7798D6D0BD3,256,,fil007B1484010C19FC1F77A621D1945259
cmp3AEA16A1AC75290034E06B818AA8BE39,{4CCCAB1F-9DEA-528D-A71C-D3B398D7CE8E},dir5BF17C6EF7D456E561EFF7798D6D0BD3,256,,filEAC4B6240E93B477A6EFCD7E26B0A20D
cmp050B2E1178C16876B02E4154E6C40950,{7B8A209E-42A0-5DB8-A1D0-A930BCF6EF76},dir6A803400CB14BD81D18821E8895920A2,256,,fil12A364D7A56D0414D824D0B7D9648DCD
cmp0B9DBB9617A855C8C5EDFEA22B8E5F6E,{650287A2-729C-56EA-A7F8-63E0D408403E},dir6A803400CB14BD81D18821E8895920A2,256,,fil7EC991A0BB10702A8ED6B19F68BC2F53
cmp091FCAFEA0E7AE39E120B50ECA6B0439,{7D078A94-F71C-5C94-A9D0-5BA07A961E19},dir0CB2C49F73147DEEFF76CD2EA7B9809D,256,,fil4301044A22F7D1FA0E82647DFB7EB028
cmpF9F394D4A25BEE648C671AC93670AA81,{0418FBB2-0AB6-526F-90A2-D571D4504E4B},dir0CB2C49F73147DEEFF76CD2EA7B9809D,256,,fil48EFA135F3E394910F1871DFCA5929C1
cmp55D7B80DCC4AB415323AEDC3E0611C03,{0C4DA509-34E3-58B2-8FAB-884502F55448},dir308270CCFB5FE11A85A0527E740B6CF4,256,,filFE4741127FBBBA4C6941737F70957682
cmpDEF36CBB35F49E6647513DC38A23F626,{10C17D21-C5BD-5E3E-AA1D-6892DE4A823E},dir308270CCFB5FE11A85A0527E740B6CF4,256,,filE4B0F39D6E59B26D66D355E26DA9123B
cmp12ACA1681ECEB59BEB7E844A8032B261,{7653E053-C73A-5431-959B-58AB8958491C},dir308270CCFB5FE11A85A0527E740B6CF4,256,,fil5359111478CDFF386D0A40F7EC4FF53E
cmpAD88B42FF4C7CB81D95FFF2703445BB0,{40EE8FA3-38B9-5283-B67C-CEFA11AC8790},dir1CC2AE09616B4890C096870045F937AF,256,,fil5F1591179321BCCFC53229DDC1EA6B9A
cmpE7297EE9F9E199E40591DD126685756D,{06C1A638-548E-5751-9B0E-AADA847D907B},dir1CC2AE09616B4890C096870045F937AF,256,,fil79D5EDF512A73088A271762126A5ADD1
cmp14883C9875AF3CB0FD040A0C963C3ADA,{5DD40B34-DCA4-5B3B-9385-0C28A9FC7857},dir1CC2AE09616B4890C096870045F937AF,256,,filF30086E5BCA777A7A86E0BA4DC7571FA
cmpB831768C7A63D1E0E1372C989E861111,{F0496033-610F-5F61-89A8-BB7C6E9C4937},dirACA949652CF353469087B4729944A163,256,,filF4259416789F857F8F63DCA88D649B96
cmp92BDA095991C39AE56887B327EF04FD4,{F20318CE-D6DC-5A4D-BF66-BCC6D49DAEC1},dirACA949652CF353469087B4729944A163,256,,filDEC2360668ACBBC077B38CCD3BF9F95F
cmp38ABF794BE70249A03A4D3B4F0AEC9F6,{279CC2DD-76B9-5813-ADDD-5CA6CB44401F},dirACA949652CF353469087B4729944A163,256,,filF0C6FDDCE0C53F1D7D4D5A135FF960D0
cmp317BCD10AB9B15B50696E7C124847846,{59A75839-48F1-5C96-B78D-86F3C7D6D6D1},dirDF887393223A970EE4F9F7D3F67B5520,256,,fil1BF1DA8E5626DECAD0AD4D17891C2908
cmp18A9F4CB8977797479D3420B4C60AC12,{80D141CF-A474-5968-8E80-052139E900E2},dirDF887393223A970EE4F9F7D3F67B5520,256,,fil53285CD455FDA2FC4BEFFB8982121F9E
cmpB6650E2075B3303E429508F1940F009E,{FD175A98-9A7F-5A08-92EB-AE92CD943E87},dirD6C9F510362A3999CD0846A3B88E18DE,256,,fil7EF9503AB20388B5EE50E2CCBF3BAAD5
cmpFF97C3D3BD84910C0DA0ABBC1EFD477B,{C6F19F5E-D003-5CE2-A2B1-57E29874100F},dir60CCA228044C7E5726A5B2EB4C56E59D,256,,filB8E1EC1C852EF08E508413CF22ADF186
cmp00FC6304F69C36DED25AC2BABD39BE50,{2E793C7C-F466-5AE0-B12A-0D6C6DE42DD6},dir5FAB02B612111350F3AB3663F25086C6,256,,fil3851C984E69D38688D76B122FB621F37
cmp882AB642887B65BEBB0AA9614B6AD7D1,{FFD8A8B7-3F06-53C9-B877-F9E073E0411E},dir5FAB02B612111350F3AB3663F25086C6,256,,filAAA88B61EC80509E9BC450CF2CC17287
cmp0FAEDC5F9D9D599A70FF44D2767C8F69,{55249929-D9E8-5397-8052-603E536C1993},dirC146949D56EA67A2EF4583373BBEC281,256,,fil9B0D99A05AF95D671A187A2D484A69B0
cmp92CA7130367D607E478D199CCDD118C5,{B93A43F8-F4D6-5CD7-AB4F-5116F1AB08AB},dirC146949D56EA67A2EF4583373BBEC281,256,,filFCEB49733C56DD4ABD53C8CD6BB76B83
cmpD05D08E6BC7167A5C090914E20A1F7AB,{93991E75-5959-5390-9313-81F299EE8876},dirC146949D56EA67A2EF4583373BBEC281,256,,fil85AA2C71B92DC3BE81DD0C9DF8205F20
cmp080E73D68C8C7BF180F2BA33F55845E7,{7EA62CB4-2F7F-5477-B14C-C314D9C373C2},dir71BA9EEDFA5593141857EC513866EA27,256,,fil5F1E99558F0FBE8E5F5C8BFB71D64473
cmp74BC86B3E17791010D79F434B0623FF2,{EBAEE570-6E1B-5C20-9926-5445F416701C},dir71BA9EEDFA5593141857EC513866EA27,256,,fil3A25D02F597979C72476B750316716BD
cmpC086DF4E0B3E884AABC384D3E1EA35F4,{01C84730-6C57-58AF-ACBC-73336D8A84B2},dir71BA9EEDFA5593141857EC513866EA27,256,,fil9F3E08F629AC90E29698C84C52C5E3F2
cmp6F9BCBA0C540BF50D676B66560CDBE7C,{74526224-FF63-5D35-B25D-867FD6574A9F},dir701051A59DAED385865D7B0CACB8DCEC,256,,fil559F85D1C55AD9971DC88EEDAD1E50F2
cmpC94FF4642C5B61C758324E1B9A91DFA2,{2588B5A6-F0B1-5CAF-B85C-D275BF225999},dir701051A59DAED385865D7B0CACB8DCEC,256,,fil984E7CDFE4AC813316D1C17D6BFDF291
cmpC0DF443B8D9D16E6B949630B107D258C,{0EDC1E52-5AB8-5ED8-9358-3675F78B2E95},dir701051A59DAED385865D7B0CACB8DCEC,256,,filEACCD62925715AA8E174C69A4AB7AAED
cmpC5F82A1E50A773A8D025B019F337F9B5,{1C602D8E-BA6E-5A50-A76E-2DDA06A26D80},dir150A0768AA3EA96155A949A1731A942C,256,,fil2B1DDC41B144128190B437F7DAD87356
cmp25C7CE35ABED3FFB68C9500B291FF135,{6CC579E9-F44E-5DFF-AF19-ACA15AA463F8},dir150A0768AA3EA96155A949A1731A942C,256,,fil231C86207876DE9825023A1F2B1B7DFD
cmpEE97C251E37CBD83D8F9551FC972ED25,{D9E5998C-65B0-5692-9F46-6B5FEC70BFE8},dir150A0768AA3EA96155A949A1731A942C,256,,fil467D97F6507DF980E016DF497B6583AB
cmp637717C80DD0ACDF7FAED9AB52A40450,{1590EED4-8E45-5684-B4BD-32605983BFF4},dir150A0768AA3EA96155A949A1731A942C,256,,fil3CB74E6AC53B4B9938130E2496A5CB71
cmpF48CCEF2F53B703558ADEB698955FC4D,{2ECE2417-2788-5C06-896A-056B52ABA6E4},dir150A0768AA3EA96155A949A1731A942C,256,,fil4C6356048ADCC19D96857DAC1CA8F7D7
cmp715F8565ED4CA811B4F60A394C3BEC11,{42930885-CF03-5C8B-944F-DD928B7FC410},dir150A0768AA3EA96155A949A1731A942C,256,,fil280B062FBF215E82B9ECBEA39E3BA6F9
cmpB338E7D82A35E3CD50E647FCDF83509B,{03369747-0AFC-5088-8D7A-F265961F5FE0},dir150A0768AA3EA96155A949A1731A942C,256,,fil6DAACED13EDFF166E9FAC98E26A56115
cmpA92C848F0C9BD46A217DB3A7C139F73F,{EC812589-E4A7-576F-9E05-A621B7E5CC84},dirF8E7DA5D61F29955361EDB6B1228A3E9,256,,fil14643A1BAC946D1673B48593C181EE55
cmp9843B197BD84C5220233B4103CCB06CC,{3176FF94-6C3E-5CE4-AC53-26CF5A95C4FA},dirF8E7DA5D61F29955361EDB6B1228A3E9,256,,fil218774C04EE78266B13F89BC366C6712
cmp80F3AE61A305D6C9A644154F139FFCBC,{77427FD9-8512-5CEC-82C0-A046E81C79EE},dirF8E7DA5D61F29955361EDB6B1228A3E9,256,,fil5BBCFB3453DB6E09327AB48639FBEEAB
cmp8A5AAF600167372F47F7E0A935079C30,{754BD906-C9C5-5E1A-92EE-D17E64B2BB99},dirF8E7DA5D61F29955361EDB6B1228A3E9,256,,fil1AAAF92D4CFA520727ABFAF20E773C90
cmp0F5394D8375BB7583770504DDA74531F,{4C577C22-EAC5-5FAA-BC01-B62702D50F57},dirF8E7DA5D61F29955361EDB6B1228A3E9,256,,fil0C35831C740FB7B59C9EF57B3DF9DC22
cmp32E440322388604A7D183849A842420B,{AF9F76D7-8385-5E0A-A0C5-AD14679C344E},dirF8E7DA5D61F29955361EDB6B1228A3E9,256,,fil54217A397DE34FD45523D45D596C5611
cmpA9BF742F8D9F1DD8928E517849B77FAF,{D09A6280-5DD7-5A1C-865C-BEB0BB0DBE92},dirF8E7DA5D61F29955361EDB6B1228A3E9,256,,filB77B5635E55ED7C3038EB334E29709FA
cmp62CAEC28474D58431B14C5FF3DAFAA18,{59B1E9A9-51EC-54B8-A6B6-2087AB2421AB},dirF8E7DA5D61F29955361EDB6B1228A3E9,256,,filEC5A04B154CF17FB03F8E63C6E252DA9
cmp7BEC8F94C077B7C34A7E0BEC29C3516D,{FB9F3F05-3E97-5C31-9CCB-EAFF0B4361B1},dir2A2722B5E3A754173294D80925B1E0FF,256,,fil79B61C4D01B16D2558FE388EB873ABA2
cmpCAF40F805B26D37FC633AD2D6DF89B13,{F283B9B1-8636-58BF-81B2-34C11A7C7876},dir2A2722B5E3A754173294D80925B1E0FF,256,,filEF4E9C7FF4F3A30155BD7FCA380980EB
cmpF1DDCAEEBF6764CCEE0A85AADA4F5AC9,{EAC9C38C-FF22-5CCE-99C7-46011C0FFD5C},dir2A2722B5E3A754173294D80925B1E0FF,256,,filF5D352362C39E96D564642C9E860B921
cmpE442602BAE125A93A643551BF7D1A5E1,{35665508-EC49-5CDA-9433-46FEAAEFDFF1},dir2A2722B5E3A754173294D80925B1E0FF,256,,filB476E52F4584E95BC9874F768D121150
cmp87985752EA8738CDE7A7F9EACCA75576,{AF9D9C8F-F75D-52D1-9290-8F168024F86F},dir2A2722B5E3A754173294D80925B1E0FF,256,,fil31CB261915DDA47D84E0C46CD234B074
cmp8355A8AD7B278719B184AF691FF0F868,{2EBC2F30-A866-58B6-8AEE-EBFC9E523A83},dir93E140A6725C1F548FABD3DACE2A9721,256,,filA3917165278154B092AB84D939510EB7
cmp44F237C2F522482B534FDA4A71F4295A,{216AD903-B507-5D3B-BF1B-8EE54ADBAE1D},dir93E140A6725C1F548FABD3DACE2A9721,256,,fil4CE6653F5F62352DFA7B8F235C519029
cmp921130D80F493109FAB5E5CC19C0A832,{4DCE377B-ACE7-5674-9E96-91023D23B114},dir93E140A6725C1F548FABD3DACE2A9721,256,,fil4C4D65D0B276C50358B02CD011D46914
cmpA8680D35DE8ACA2E36D709161A27B759,{B3115327-CC79-5DF0-8C3F-D06BAE35B0C3},dir93E140A6725C1F548FABD3DACE2A9721,256,,fil3501331B5DD9B58661C7A099E70C0B51
cmp6F68FD7677179DABA383BCD0CCE0CDA5,{62C7E6F1-A448-5022-B4B0-4F526211B691},dir93E140A6725C1F548FABD3DACE2A9721,256,,fil7D12600C28A71814E40CAE46A06E43DB
cmp8266CB9B3F1E2FFA97CE91F0F9A55E45,{5536FB67-0C95-5588-B549-48EF787C5377},dir93E140A6725C1F548FABD3DACE2A9721,256,,filA6DE44A93C0173C2BAAEFC5B29A84FFF
cmpB1D5F81A783DBF80C0F8537EC57F2A19,{610B9909-BF5C-53A1-B43C-CEF64296B1ED},dir93E140A6725C1F548FABD3DACE2A9721,256,,fil11948EBD14C5DEAE2FB4482C4ADFDB20
cmp25E2F88C546E5E0825C718B89587841C,{124FE875-3BF5-5193-AEC2-0703E3359EB8},dir93E140A6725C1F548FABD3DACE2A9721,256,,filA5DC3D9BC02F238972FB53C40A722A10
cmpAE3B3C309F3D456D706F64433E05E764,{08FF1C1D-F848-570D-A650-349CB8178502},dir93E140A6725C1F548FABD3DACE2A9721,256,,filA7828D6646831D7D81DB76CC912FB32B
cmp81AC09B31605F37CB8C05108D3894A08,{FBDB20B9-9084-5410-9B7C-D44EA16989FE},dir93E140A6725C1F548FABD3DACE2A9721,256,,filE100891CA01D9B05F8982B4E3C063B40
cmp5F329A01A353E30D1283BF0C855CA2BF,{696310FA-9331-5126-98F8-FEA403EC4A44},dir93E140A6725C1F548FABD3DACE2A9721,256,,fil663580D91253FF880F6564A2EEBA5F6A
cmp0CF93368919F00DCE50C1EDEEC85D119,{DA0B6C45-52F8-5680-9C01-A8B22E0642C5},dir94BA4A21855F3C5CFD8D84421CFE88B3,256,,fil45F07FD7F0281B31614D75647E837AFE
cmp084F2ABB1DDDEB39662E406117D133BC,{AB737826-12C1-5E76-9D4D-6ED02AF5BDDD},dir94BA4A21855F3C5CFD8D84421CFE88B3,256,,filB998A5F8E08D82B8585F34D90885836C
cmp8E7B905412C7F30C29DDBEE89BB240CC,{C9A5889D-E5E2-56B5-B3A6-BEC8A5A12CCF},dir33F164C953A180C9692495B42FE907AD,256,,fil8AD9E5B742FB900BD0A105E1B24D900C
cmp7955FA73DC4160247E2ED9644CA50F73,{C1A9D5FF-AFEC-5AAD-9DFD-37C0A79E6704},dir33F164C953A180C9692495B42FE907AD,256,,fil57913DBB495635E6F55C78A069A8A7E4
cmp3908A17BA98C34195EE9E5D6E671E351,{610E3B62-3F08-54CF-BB44-5ED9F634BE96},dir7E2BD4C86DDB6B6A4752ABBA7D26D189,256,,filE3209B20C17CCD2016E4A86F7267ACD6
cmpCE4011334D04498FD25EF76791681243,{40181FAF-C590-5ABE-B979-C7102014A51C},dir7E2BD4C86DDB6B6A4752ABBA7D26D189,256,,fil558F0736787189A25E16DBFF4052D88F
cmp62992F57EFFF3DC06063EDEDAD27E346,{D679F8BB-2AF3-5F2C-B767-9186A8A47A7B},dir7E2BD4C86DDB6B6A4752ABBA7D26D189,256,,filDDC92AC7C584A475B90EB0F8FCE91AA7
cmpB8E35F5BED23ED529FB82AC2EA1FA4FA,{230A31D2-B712-5D7C-A2EF-6F312165B46F},dir324412505DDBB24CAFB446F9DB0A054D,256,,fil75329A366B5D015AFBF2098527063061
cmpB62E8FEBA9192496F6B64C64DD3E4181,{8DEF525D-96BF-5901-9310-B7FEB8FC8559},dir324412505DDBB24CAFB446F9DB0A054D,256,,fil6A331D8CE7D12B4CCC014F84D0D39020
cmp83F3377CAEC19C95E8FF8562DFF0A351,{B51F4F21-D682-5286-90C6-2ED61054FDB1},dir324412505DDBB24CAFB446F9DB0A054D,256,,filA07B49DAB802FAAC80DB61BDDA82F1FE
cmp298A6C0DBF241D252F93B341624C9EDF,{8F332221-2A98-594D-BC04-A3073E62E2D9},dir324412505DDBB24CAFB446F9DB0A054D,256,,fil67865E58829D0BFB47C81159088DCDE4
cmpCE4E17C18E4F7327399112DDE0D2122F,{42AA510C-018E-5B90-AD37-5644EB03AF49},dirB71D97F103494CFE3B65A6A81984B3FD,256,,fil0207868323F50DC8BF26268F9E4C2219
cmp8E0009BD4F59F4D95C43FC709A57FBFF,{CCDFD255-B88A-5B80-8B59-955DACF7C7A3},dirB71D97F103494CFE3B65A6A81984B3FD,256,,fil0DBB4CB308206F16EA0E7442725A691A
cmpF7F8C87CED4E5931238D09E3D514ACD6,{6F3E89F8-974B-5F89-B1CD-829263309E7D},dirB71D97F103494CFE3B65A6A81984B3FD,256,,filA796634E4A1AA04ECA0FB24377BDE8FF
cmp3FD32B11A8DB9AAB43C632663D0A7463,{BED6568B-A4B0-5A68-8590-58581DC2B5D4},dirB71D97F103494CFE3B65A6A81984B3FD,256,,fil31DEF85C28B6DE7F8CB66343DB9ECF1C
cmp05911389BE0FC77750E23A7506ECDB1B,{29C74820-15DA-50F1-9297-094260C14A6D},dirB71D97F103494CFE3B65A6A81984B3FD,256,,fil20BB508E03FF39C6D276DCFD0AB7DB8E
cmpF175536AC9D38E0973B3406B3318ACB3,{B0E1D555-C739-5EF8-8902-D658FFD87207},dirB71D97F103494CFE3B65A6A81984B3FD,256,,fil8D79B28894736D38589BDE0C7BC91AD1
cmp7961E533526DCBF2683D8A12A13F4D32,{FEDC7414-5066-59DC-8AB3-0B4584D15A61},dir8C9EDAAA8E98FD6184A2B8E942345784,256,,fil6380F54113A4B369A8563B1688A29474
cmp39EEF850441E34037582BD91DD0A45E0,{E847A17F-B7E4-549C-AC3B-1CCDE5CDF9B0},dir8C9EDAAA8E98FD6184A2B8E942345784,256,,fil89CDE7FC5FC660FC32A1F7F9A6CFD120
cmp7A0453399995770268DE4AE1459C9EFF,{F30EBE4B-48BE-5AAB-A204-A12B65C3EC06},dir8C9EDAAA8E98FD6184A2B8E942345784,256,,fil6CD09BB995EDECCA756246C5C2095D7A
cmpF2B22CF03D40C6270DC88BEC4229542B,{6F824268-8B28-5A28-B6D4-B648C35AC30A},dir8C9EDAAA8E98FD6184A2B8E942345784,256,,filC6846B94B2553AA2AA87609D5AB5821F
cmpE0126318B529F1085C2D91AFEE9C95D1,{5CB64321-8961-5FF8-BA93-DB9C376F39F0},dir34B7432353F279E5D829653C48A0A2ED,256,,fil1C4A01CFB5A7DADA1F7A2BFFCB18A7CA
cmpE3A9669095E9CB7192363EA1FBAA2020,{D2D0DB3D-0344-5B46-946E-E61109DADD7B},dir34B7432353F279E5D829653C48A0A2ED,256,,filD2FA67110DDD97473FDC2515CD29AD00
cmp795B2834EFE7841A9A9B70424B438456,{B90BDB01-38B4-5901-BFE8-2720B45A58FB},dir4CEE5A85D2306897C008855C7D497581,256,,filB7D10534B069E6BE38CF3432EBED52B2
cmpE022AA9CB50204CEBC6D9398D9DF9EB0,{8E6F94A9-CC0F-566B-BA69-305CD77C39F8},dir4CEE5A85D2306897C008855C7D497581,256,,filFE114B53620871742C860CF4221FECF0
cmp5F50873D16A6C4BA66B641C54DEFA031,{9295F068-EE7C-5002-8BFF-DFE254F1B24F},dir4CEE5A85D2306897C008855C7D497581,256,,fil928B2366B6B84BE77CE2317A15ABED75
cmpCD12268B2634F9A9CC00889C9C826A97,{3B2873A2-FACC-59B6-BAB4-313B7ACBC239},dir9EDD9F629070BAED835FF58B30DFF950,256,,fil3284B6AFCAC210D6627064178AC4E8A6
cmpB92F4058D93E6ED158C509B4391755AF,{D489699E-FD02-5AD8-BE75-C81D337C758C},dir9EDD9F629070BAED835FF58B30DFF950,256,,filB1076B968BB1252A62C500B2B50F5F18
cmpC606E0F66544EC3469078384E4D2B1A0,{840FBB89-CFF8-52C4-AAF7-0D8DD9E6D010},dir9EDD9F629070BAED835FF58B30DFF950,256,,fil40A10848E6229281FE9E6614C869A775
cmpCE01AE1EB61DC1FB6826E719F1EA2127,{9E3FCECB-D0FE-564C-88D7-7244E4CC1A5A},dir1F4B2281A48921B9BC2562883427E67C,256,,fil12EB23A167635F04A1ACE8136F17BEDE
cmp200E0BFFA7632D13AF47FC5AFF446CB1,{37087C28-B601-5305-B159-CFE98DED8203},dir1F4B2281A48921B9BC2562883427E67C,256,,fil1973F928553337630F4D4F5E1D06130D
cmp30737069FC30C8CED4C37F1FE5DB9FF9,{D9C17DA6-B386-5687-9CF3-95D38DD49076},dir1F4B2281A48921B9BC2562883427E67C,256,,fil053A685E172DB151D725C6823F131BB7
cmpB8C702CD50B3BCD6A1B0A83F42CA3227,{C824AF6D-71C9-515C-8C72-437030B98A70},dirB60A9A883FBE0855DFF6544D8CE42641,256,,filD7CD750B5A109C78A0F1C42CC24E6BB7
cmp3E02C69B2CB5EC771C6CC0F4A0B83D05,{3D62E17A-6F0A-554F-AE69-3F6E74EDA574},dirB60A9A883FBE0855DFF6544D8CE42641,256,,fil74857973CAF08AB32D1C79E16B489228
cmp6FBBFAA80BAC3E77E2A0820B9ED8FB74,{B6A52404-96DA-5087-9EB5-6D5D8C585045},dirB60A9A883FBE0855DFF6544D8CE42641,256,,fil8702FD571B2DBDE567770066F99BCE74
cmpF511A3887CF8D809B0D73CCACD4D9DE9,{D5DD17AE-5E1D-5B9F-B96F-53443119DB1F},dir24C513C08A75EE440B1FACDFEA211E34,256,,fil416A04A107FDDCB337FF49811AF85A62
cmpDD711A46A7B56F5EBFA0CC0563E55C8D,{237FD77B-47AD-5046-82CB-40C085FA6806},dir24C513C08A75EE440B1FACDFEA211E34,256,,filD540D3CA0FE04D32DDF406D184E8132A
cmp625756D5AC7130664209CD418DF51096,{6BD252B5-19BC-5F3E-9749-C893EF178D6D},dirC4DC6CA56E4C634FF7B655573803A992,256,,fil0EA83D0D31882B1DEB4159B851B4A633
cmp06C5395B68A1994790D13A9D4E8A27ED,{19C30B8C-3C03-5E91-B06C-E11B58FFBA9B},dirC4DC6CA56E4C634FF7B655573803A992,256,,filF158799EC53837F989FC431DA118C7B4
cmpEB16F11F5D1937C5C626E7CADD388716,{53AC0AFC-3478-5B0E-AED6-FB9FACF89B0E},dirC4DC6CA56E4C634FF7B655573803A992,256,,filBE2D73AFBFDD9CD2DFCAB67ED577D46F
cmp824518ACAB915CE1AC0E1D7FCBDFC0E2,{B4E1AA2C-6D41-576B-B7F0-4EFC57964F09},dirC4DC6CA56E4C634FF7B655573803A992,256,,fil10B61891FBF9F16E977EE0F1F2FAB558
cmp93EA29E56F4C344729766FDD0952F142,{3BE3842E-ECB1-55D0-8389-E8551E21E4CF},dirC4DC6CA56E4C634FF7B655573803A992,256,,fil1C5C8DA89247B3EAB10ED5006DB29B9E
cmpF75AB6CEBE9F01F01ED452B47DFB3A73,{CF6D15E5-99EB-57CE-BB0C-20961F8DD41A},dirC4DC6CA56E4C634FF7B655573803A992,256,,fil84A208482BE639A7900EE821A48564DC
cmp0A23E60A3ADCA1C494812112ECC39B74,{A4B52704-BAA4-5345-8BD7-0E55EF35500E},dirC4DC6CA56E4C634FF7B655573803A992,256,,fil9331EDAC83BFE1826C0457C0BF6DB85E
cmp53A3F9F80F3D6A35A96D39D53DDB6A79,{1C5E54C5-98D6-5DF2-A0A2-52DCDD67BA56},dirC4DC6CA56E4C634FF7B655573803A992,256,,fil5A256B03E42BB636FFCCE3A24B250DA6
cmp5209C7C2DBCDBFC9AB1D4008481986B8,{74CC9E7B-E298-5F16-A125-9738A2AE6454},dirC4DC6CA56E4C634FF7B655573803A992,256,,filA27314B9BC6D9A546C91362F85B0713B
cmp12D7D977C085DC26CC5D381646DE66E4,{45489431-685C-561B-A9C8-0BF59A3EF294},dirC4DC6CA56E4C634FF7B655573803A992,256,,filCB76FFCF093FCDDB673427CC4564F0BA
cmp2D2F29A20CEA166F3C78378239685090,{B5E7DE4B-B957-5337-83E6-65B062545DDF},dirC4DC6CA56E4C634FF7B655573803A992,256,,fil99F43FD942D88FF9247910D4718A95E3
cmp6D9A78D875D74BAA9EBD688D83F04D74,{B6ABCB1B-0C9D-54AD-950B-01E767391E63},dirC4DC6CA56E4C634FF7B655573803A992,256,,fil2198DE72C33430C2788C14CE46C4A9CC
cmpDCEE0BD4A051DDB0D28426E151FFBEF5,{E49ACD79-E608-5EE8-A19A-46CB76115E23},dirC4DC6CA56E4C634FF7B655573803A992,256,,fil3130ADDADEF66D8C42621C8094426320
cmpB64567C56BFBF74E2EC05EB914ACCE80,{05FD7877-CF63-5E39-8301-ED1B9CEABB78},dirC4DC6CA56E4C634FF7B655573803A992,256,,filEB2121A27F3C39118B3E81E7CA8AB3EF
cmp205D14AA231F50A9ACE25729B81CF10A,{E1084519-5F6C-5CF3-8783-5562C7381BB5},dirC4DC6CA56E4C634FF7B655573803A992,256,,filBF8F3253EC92F31597B56591760A0C8B
cmp6F9C0CFD842ACB13CE28548148F8834B,{A07DBDB3-3079-5A18-9BC2-C8495E66D00F},dirC4DC6CA56E4C634FF7B655573803A992,256,,fil66F32A87238EBDED1361912C072AF91E
cmpA52A69DEDC2F5C75440ECD7858B380C5,{07A1AF07-0059-5127-9137-F6E789C17BE7},dirC4DC6CA56E4C634FF7B655573803A992,256,,filAF9F379BBAB6E091821F439028270C20
cmp17E1F7D45725A4F514C225140777976F,{21B977A0-A8F7-5E65-AE4F-388BFDFBEAA5},dirC4DC6CA56E4C634FF7B655573803A992,256,,fil495F3D870F8327D3DD38A3943E0508C7
cmp5331525AE892E185FA6B41708AF6C22D,{B7C1FCB7-05F2-51DD-BFDD-3DFC3B5E65F9},dirC4DC6CA56E4C634FF7B655573803A992,256,,fil5A443BB9B836F2599197D0278755D131
cmp759F17791D2B5476AC2787771BE8C550,{59CD82D0-ABEE-5F77-9BF0-86752AEB112D},dirC4DC6CA56E4C634FF7B655573803A992,256,,filF211473CB4A27D5B6F7FF0074A38F5A5
cmp6D523C7746FDBA98CC72295F812BA76F,{4991E2CE-958C-5C9E-8663-8112A6FED6E8},dir26749A83CB675CB93E0CBBBA3B438844,256,,fil00D443D03CE1FE50C077675417EC18F1
cmp042B43376C263AE7822E5EF3DC0CAA86,{F5EEB418-2E0B-5550-98F2-B459DE8E5CB9},dir26749A83CB675CB93E0CBBBA3B438844,256,,fil1BEC0AD16A2CF0E9960C037F0F0DC810
cmp7E2A41C8908DF93066BB71F140750143,{DD68AA7E-C97B-5865-9EC6-DD57CD606C0C},dir26749A83CB675CB93E0CBBBA3B438844,256,,fil18AEE4B406F80023FB18F38ACE794139
cmp687D0297F1826C7CBFC8D020CE5CCB80,{C1F86C23-D68F-587C-BBF2-6A8FC74CA2A1},dirA6CE99D1A7185CFAD6738E1F376C7941,256,,fil6F0100C2F2F371D244523B133E31680A
cmp82C8267F283368CC4196FA6BBBF019CB,{68A4513A-2EED-5C11-8325-AAC2284D9FE3},dirA6CE99D1A7185CFAD6738E1F376C7941,256,,filE587073F9145A4B8C398795D267C5034
cmpF69ABA6908909E42BC9DDBF158E0F0D8,{80FFF301-5C6A-5218-91B8-8A93325DD8E3},dirC39C7E0F87AC283603A55A671C72F65F,256,,fil2BFABF907ED42FC1F17A0C8A0ECA32AE
cmpB257B68A59C7CCA054E10EFD67F23C97,{DE030A4A-3E01-5AD7-9D6F-40B6CD6CAB20},dirC39C7E0F87AC283603A55A671C72F65F,256,,filCB1B8A7D8B933F498406DA07BFADB586
cmpEFEDFD8157EB37895347DC257BC7A61C,{A064ED6F-F0C8-57FB-9537-23A067C2F26B},dirC39C7E0F87AC283603A55A671C72F65F,256,,fil6F3F1B70F339D729AE90188EF48CE336
cmp74528325FB5A39E1F00F17CD191D22D8,{0F0A92B2-ED38-5DFC-B986-906A1C404DB2},dir23F99B59689C1A52B9D973CCB5E3A1CE,256,,filBB3EFA39E5A39300140D148ABA3745F5
cmp695B710CA77CCCC70B254FFDFB74BE5C,{D9938358-7F07-5ACD-98FF-E8E3DF5AD2F8},dir23F99B59689C1A52B9D973CCB5E3A1CE,256,,filE2CC4223C47B1E160088942EB8E9BB1C
cmp70C98EF36D05024CD5B814E9C19BD315,{F03A1B19-1806-5A4B-A5F3-78BA623DFE92},dir23F99B59689C1A52B9D973CCB5E3A1CE,256,,filE03166ED56A14A206BB803B58AC61D37
cmp0EB7BD628772B5D926A9CFAAFE0D492B,{8AFCAAC3-F117-5ED2-84ED-E6CC3C270069},dir23F99B59689C1A52B9D973CCB5E3A1CE,256,,fil2A894D8915AEBFD86881F969F89F1591
cmp937A4EEE9FD9F2D022C9313D6EFB0B6C,{0D5115D3-A254-5172-8D25-68F3860BA617},dir572E67EEA01D7749F3E2B6714C4F4F28,256,,fil3D42C4FC339F1FB6FE3E6BCA7647F4F4
cmp37441F1368084F73813B47E56327E0F5,{672EBD81-E542-5296-A050-58FFB8D8B177},dir572E67EEA01D7749F3E2B6714C4F4F28,256,,filBCE86E79C96C81CC20CBAE32C882360C
cmp05A3EEDF3E8B9CBCE2D0DAE368E7EBCF,{13B89400-E101-5FEA-9FBF-1076FAEEC8F0},dir572E67EEA01D7749F3E2B6714C4F4F28,256,,fil8396642137A002DB60E47E1AB449E9BB
cmp0506CD6A35FBBE5246B37DE61A716E9B,{F9A3F6A8-7FAA-5589-BD86-78E1A7762EC2},dirCD49B9B3C86817008D25B5E96C41F123,256,,filE3757FD13E60412812411D005DFCC32A
cmp0EAC4D80DA38C2DB24DAF8F3482B2191,{DB7FCE14-9E5B-5223-869C-A0EFDBC57822},dirCD49B9B3C86817008D25B5E96C41F123,256,,fil59C062F34C800E10628EF80826DE6988
cmpD627CED21B050C6AEA437B17A01F216D,{8DEB3578-3212-5946-A034-F9EA194A5D14},dirCD49B9B3C86817008D25B5E96C41F123,256,,fil289E51843EA87EDAB7BB8624C60AE17D
cmpF1EDA8D8A028E26BB1D1654490806305,{1EAB5FFE-BE70-5774-88A9-A009F72F66BB},dirCFDB73F1B5D75059E804751E2445BEA1,256,,fil3BB1A0F12F6537A876E2C3540C0A3D04
cmp66258103B9EE9CCADBAE136E6C8115DD,{E4FCD308-6976-563E-8486-3C641EFD9FCB},dirCFDB73F1B5D75059E804751E2445BEA1,256,,fil3824B8269D8D058A34E935ECF63124E3
cmp78E35989FB386D3D64A113B2AF596AA9,{890B3BCF-1F29-582E-90AF-8D0192C9C3E4},dirCFDB73F1B5D75059E804751E2445BEA1,256,,fil6D2C23E00055B7E897131C6AE5B6ACAE
cmpA52F419E43713FA5C4BC7CE6F3AA9C60,{11883FB8-BC6C-538D-8808-E4D41ED814F4},dirCFDB73F1B5D75059E804751E2445BEA1,256,,filEE0C40916DDF395F2D60ABDDCF287C87
cmp9E0AC86A88BBA45252F9606079C4A078,{8AF6FC49-F012-5326-A954-D80ACBC758C7},dirCFDB73F1B5D75059E804751E2445BEA1,256,,fil06DAD1B67EB6120027BF29497D4DE258
cmp658E52B3CCD49791090D2F211E90BCB0,{3416B0A5-4209-52E3-BB11-80ED87DFC20B},dirCFDB73F1B5D75059E804751E2445BEA1,256,,fil09B5CF016B32FBFA499A9D66B78D7F3A
cmp4E6448074D68B04081C789B1437ECF10,{E281105C-889D-552F-87A5-46C3309EA045},dir5C57F0CDAA5D264ECB36C6C10046C581,256,,filDDA8A4418B6A3BC00EC1A6C572D6C510
cmp21FD357E533438CAE9DBAD1B52DC1D7B,{C480B690-3343-5817-8448-7315EA46A5B0},dir5C57F0CDAA5D264ECB36C6C10046C581,256,,fil0C01F64A94C158EBA9C33FC8F241B327
cmp03633B9787C1E88DD11B8FF53CC5E55B,{DE30E8FE-7730-5E51-9553-60B83582B802},dir5C57F0CDAA5D264ECB36C6C10046C581,256,,fil6478AF8D6369FEB76107C1036578A5F2
cmpA707532BD25D5DCDB7DA7E45DF1896D4,{26081DD6-2C9E-572F-9557-73306ABE8F24},dir122C230634891C91F007384BF4439C8F,256,,filB27F29901DF8E01A9A94588A2C96980D
cmp155364EF34729FA73FA53A358E794F7A,{C394B779-8AD6-5B50-8DB0-218A64E6CBD2},dir122C230634891C91F007384BF4439C8F,256,,filCE7C2CD6BA5F203E20CC7A0FA75F2C6E
cmpBF1943F82346506DB58947D680AE4BAD,{73D22E51-55F8-56C9-B99D-0727D04D3A49},dir122C230634891C91F007384BF4439C8F,256,,filB308887D568C306FE2A563CCCFE18CFB
cmpE286B3A4429FC1DCD41C7E260DDBC3B9,{38FE8EE9-4EAF-5A11-A11B-D79464EEBA33},dir122C230634891C91F007384BF4439C8F,256,,filE737F3A9C6793044A7125BA7C7EA23B9
cmp157AF60C20C43A2BCF0DEBAF8AC3E4C3,{112D2ECB-B0A3-57A4-9E9E-051916A318D3},dir122C230634891C91F007384BF4439C8F,256,,filE917404D5E85518C3C46F6232D9CAADA
cmpB2C1B083DCB0E1DD27C29F0435436E5E,{CA2380AC-52EA-510D-8154-388B086F6E38},dir122C230634891C91F007384BF4439C8F,256,,filD96AC39D2DE15C6D790B981C79DEE0AE
cmp6C4E797437EA4286916BE9E88BE0DD16,{383DAF94-DF8B-52E9-A707-29C0A9893B69},dir122C230634891C91F007384BF4439C8F,256,,filE6FD97E926D1FD11412C6D6287624A46
cmpCC73469FB1AAE8A9102C88F05AA3DD8C,{B663412A-BE19-51C8-99F9-D65BCA3384C2},dir122C230634891C91F007384BF4439C8F,256,,fil7F450A138504FF62A6AB277F92CC7CEB
cmp733FD9519192967FF187126B0BD84894,{EC2899AD-01BF-501E-A9BE-0DD004FA75EC},dir122C230634891C91F007384BF4439C8F,256,,filD88F1490F5617C58CE21F567EDF9E19B
cmpAC07B5C79248EC134690336ED52E8559,{DCC3D100-3B85-5883-83A8-73EB8796982C},dir122C230634891C91F007384BF4439C8F,256,,filFC35BF73D7EA64BF34A374044169DD8A
cmp2647ED01846CC8F46B515FF4BD1B931B,{6484B9D3-D32A-5EFB-AE79-642E9416B68B},dir3D2C31667FBB6C7F9A546344C5DCA067,256,,fil4818C080869D62460323C0D0DFC591DB
cmp066595227C0F1B63B51D204588D6AD77,{F9A709FA-0123-5E92-B22C-56FCF88DFF50},dir3D2C31667FBB6C7F9A546344C5DCA067,256,,fil0E7E8DF3212EF6F5497EA63FF108D690
cmp2A8DD9F6BEB5EFC8B7C5FA787F63BE73,{6A3C3B4C-672A-5668-B2E0-3C5FE10861A6},dir3D2C31667FBB6C7F9A546344C5DCA067,256,,filAFA3D93480850490BDA82055DF2A1AC5
cmp46B82E3BBF68AEA4D98AB62533B0495F,{350014F5-EE8F-577D-A006-10726AEF951C},dir3D2C31667FBB6C7F9A546344C5DCA067,256,,filC97A05EAA46A0C88D4110CB942D04F39
cmp9360DD3DA3FFA8AF22A4ABA1EE19D5B6,{D5577D38-ADC4-5FFE-A786-F18FE7194F33},dir3D2C31667FBB6C7F9A546344C5DCA067,256,,fil20E4B3BB771F067D2EEE0116D133E60F
cmp76FEF356A258204A1A33072F4EEBF0E5,{4E931C70-F583-525E-8C3F-E60A4C9A5603},dir3D2C31667FBB6C7F9A546344C5DCA067,256,,fil9F12FE357D04C3FD7A3FC7B1E8B64727
cmpCBD760A999AA1683B6C9DCEAD6C529CE,{3F90360F-5D7D-5C71-B952-3A1BC77D4ABF},dir3D2C31667FBB6C7F9A546344C5DCA067,256,,filEEF7191459CECF7DCC87E883FE7ECB1D
cmp03EA2DA98C239E4F227D01C2627DAFAE,{0E6A31F1-F9BE-5DE8-813E-87D3D878601F},dir3D2C31667FBB6C7F9A546344C5DCA067,256,,filFF2FBD909230F7085B437C67FC097824
cmp0439385BE07D63041647AD752D5EE187,{5F20858B-9741-5671-94CC-8D0424112C7D},dir3D2C31667FBB6C7F9A546344C5DCA067,256,,fil5CE00979BB266497E68B0333306B468C
cmp09ED2267720F7A0CC08CBC8BA87A2DF4,{FC3CD3E9-2847-5076-9A9F-588515B56B16},dir3D2C31667FBB6C7F9A546344C5DCA067,256,,fil262BFDC42F5DFF99D8B4967B03E275F7
cmp1FA92E5697F72E1950ACE0B57028CD0D,{6650E3F2-E807-5D77-8A5B-3F9184F20EB6},dirA1BE4A7A212FAB21E133FD741ABD845B,256,,filD091A8DF2B7203FB17E19D380C55D89B
cmpE323849E8BA14BA85D29A44F600A57CA,{3743DFDC-1978-53F7-97DA-32CD36AE7A82},dirA1BE4A7A212FAB21E133FD741ABD845B,256,,fil329FB21D972009CE098B3CD0A9C607A5
cmpB9D89FA704A2A8B045ADB301FE410058,{A94602E9-6685-58B0-B7B0-C1E62A5BA470},dirA1BE4A7A212FAB21E133FD741ABD845B,256,,filA1064D8C22B73B6BB1BC2CE111E67D68
cmp83040FB8506B7F0CDA47670AEDE8920B,{D9976EC4-7430-574D-9A4A-5B5ACE32D22F},dirA1BE4A7A212FAB21E133FD741ABD845B,256,,filC977F63279227B2E8983F40267D05880
cmp695FB5FB73BC53A9A8881B783F473AAC,{5571A465-2FC8-587D-9A72-B53032893FC1},dirA1BE4A7A212FAB21E133FD741ABD845B,256,,fil7209124708BB2E5C7E5D418E90A3B28B
cmp0589FB57F1D8D43E12906F91F0627937,{8DD054E7-AAEC-55AD-9199-B5AB73B596D2},dirA1BE4A7A212FAB21E133FD741ABD845B,256,,filDF16B1F9681A643A5693FD1495A921BF
cmpF7621D3092785886E4D7A00FFFA8C574,{3E72E560-A379-58A4-A2DE-8A3B974B654C},dirA1BE4A7A212FAB21E133FD741ABD845B,256,,fil56F5139C21E209B891E199A3FA5CD79C
cmp4647FC36A31B0FECF406BB07FF217BD0,{2E45A1A8-5789-5451-8EB7-7C19D93B7369},dirA1BE4A7A212FAB21E133FD741ABD845B,256,,fil85CB48F8AB68EE3432916DD1000AB330
cmp33F196C8F6BD72EB22B5115986483E81,{5AE1BABC-AD90-5B97-B660-DDA1BBDCCB7E},dirA1BE4A7A212FAB21E133FD741ABD845B,256,,filF3367562F1F0E8E53BE33322189DA447
cmpF2C85ADA208A8FDE6DC17105ABF21E0F,{01BF0010-D888-5F7E-AAA3-457E19B2EA6E},dirA1BE4A7A212FAB21E133FD741ABD845B,256,,fil77183870D25F3E404FC0DD188F09467A
cmp8ED79CA7ED13A3D799D92E22D4C4F352,{1E6DBB34-6C4C-597C-A325-4D7857E303B2},dir4B51D583FAC432EB1E6D07D02DDA3957,256,,filE3F586D4D8CBE41EB6EB299CE8A5F84B
cmpE32B5566182C7629B2377216145A8104,{E575EFD5-8B3D-50FB-98C3-A90C2E4E59DA},dir4B51D583FAC432EB1E6D07D02DDA3957,256,,fil1B81641BCA73E717D77FF20F20C68A74
cmp1CA3EF8BDF1BF0F0EC22AB902FCBF17D,{F54C4560-D221-53E3-8D42-8DCADF70B4BD},dir4B51D583FAC432EB1E6D07D02DDA3957,256,,fil1C4CCB0D8F6F93367A827C6123F53610
cmpC062C14A8E64FC3F9A6A0217AAB33913,{05FA644E-56DE-5A60-82BE-168B86032430},dir4B51D583FAC432EB1E6D07D02DDA3957,256,,filCE990E36548C74C9355F1088E79C8D81
cmpADC09B5CEDE06A952C963E1EE30B8967,{DEB86A65-8E41-5428-9200-5675F06BE497},dir4B51D583FAC432EB1E6D07D02DDA3957,256,,fil6B2175E77D1FF7BBE493503CBF435140
cmp4E79C932FE814A123C5392109FE26A7C,{87307AA1-1FAD-5D2A-82E5-9B85D0DC7570},dir4B51D583FAC432EB1E6D07D02DDA3957,256,,filA57C2424F0AE6EB5663CEBCE1537FE5D
cmp15509CB27A3A56ACFD7E500E8B9FAC86,{1EECC2B4-46FB-5CB1-9E67-E22A5F078002},dir4B51D583FAC432EB1E6D07D02DDA3957,256,,filFAFCD514D4AB8AA696260D78B7E6F64F
cmp4F4CEDC3169F3EB02C9C45534FA18FAB,{137D7091-A333-593F-A22A-6EFBAE968BD3},dir4B51D583FAC432EB1E6D07D02DDA3957,256,,fil25BA5254CF2DAE03EFD5AF847007E266
cmpD45810D2ADA81E394F6A3AEBA1E7F143,{F2C46576-0B1F-562D-A766-7F4E2A24AFC0},dir4B51D583FAC432EB1E6D07D02DDA3957,256,,fil5A83B747044F79BA3D81067835FFC908
cmp4D90706B977C823621B1F218CB2ED37D,{435A88A7-7F7D-5F0B-9F3B-4AD6E04C843A},dir4B51D583FAC432EB1E6D07D02DDA3957,256,,fil2940BFD4E1EA79A7E0114139125D8BEF
cmp64918A0554F2EB1063F8CDD610B9A22C,{2CD106C2-8E3F-5431-A81C-AFEAA94AD280},dir0BC3FB3C2EBA417DFB75D7F235A68133,256,,fil84A917D860B04F71B10495A81522F536
cmpC9090DF4462B771552DB30C5D5D02EB2,{9DEF299A-4D1A-52B5-B05F-3F6E66AAF30B},dir0BC3FB3C2EBA417DFB75D7F235A68133,256,,filC68AB61343D0EBC0E1CED5A04E920F10
cmpDD456235B1AAA9A7625654E418C77C0F,{42E88117-E9B8-531E-974F-A55A287FD8EC},dir0BC3FB3C2EBA417DFB75D7F235A68133,256,,filCE6E72CF62ADDA40D39BAAD47126CD1E
cmp91D5D680D9697100234540FA14326BF3,{FD739544-81DD-5073-8410-9F664C055EEA},dir11EE8231001DACD4FD817BFB56B680DD,256,,filE0C9DCF75F4EB84CE95AD2E53F94915D
cmpDC27396D8FAFA65C6A57E1FF6A9B1E4E,{BECF7608-B7DE-53CF-A77E-A9F347A07AAB},dir11EE8231001DACD4FD817BFB56B680DD,256,,fil042BE2CD275D9958B46FEFBBAC18ABD7
cmpC681D02E9BC286F7026EE2D7119DA3C8,{7D50A799-A5AD-5841-A18B-8943DE602ACF},dir11EE8231001DACD4FD817BFB56B680DD,256,,fil8620D6FE2BB5938DD6F6C98E7C108945
cmpF7BF22F74869BFCD4C652B0C4967B3CB,{209EC423-A007-50DC-91CF-230E95C6F4D5},dir2D522ADA63F00B2ED75ECEB586BF4DC7,256,,filB40588D5FA03EB2F29ABB5C6FD46E73C
cmpFF6657439D109ABBFF51AB5ACAEC5925,{AE03FCD1-C478-58AE-8A7B-C6BF5060F3E1},dir2D522ADA63F00B2ED75ECEB586BF4DC7,256,,filCA652F24BDD59BC3BEADF9ED3319FD2F
cmp130748369359F82CA064159F9ACF5D64,{0049821B-ED75-5EA9-AB0A-136926D0AF87},dir2D522ADA63F00B2ED75ECEB586BF4DC7,256,,filE0C2BED47BC69B020D02F3309A9ED628
cmp09FDDCFDA7265F6ACCC54481D4C7C2DC,{CBF11447-5326-5958-B1F0-4FD95248DA9A},dirAA939938622CA78AAF198CE49FC48B5E,256,,filF52751A81DE68EC27E0BDE41BDDFD6BC
cmp49D977CBE53194C2DA0D845D5791E6B4,{A3DD0EC1-7EAE-58E1-94CC-37A512010C14},dirAA939938622CA78AAF198CE49FC48B5E,256,,fil31A6E8CF83D8CCE5A0A92AF2E0A5A92D
cmp85C4A5B8E2CFBA90C7EFB7D6C4AC7769,{FC7B07A5-047D-54B6-9830-AC1FFA2D8E6C},dirAA939938622CA78AAF198CE49FC48B5E,256,,fil30A8F6E933DB2D68F90BB9C83408354E
cmp3F97932371DD5400E2FC6F8F361A0FB0,{FDA30A0B-368D-5C7F-9BEE-F771112E3AB6},dir3D3A2FED1BAEFBB70506BE614A3F8FD3,256,,filAD88A972DB3525B26B2D8209369A9A6F
cmp1137EEC8BD521234092247FB3F3B2641,{0788F592-0192-53BD-A8E5-4B6A1BD2E346},dir3D3A2FED1BAEFBB70506BE614A3F8FD3,256,,fil1CA82EDDE4D430A123097D0B0962C6C8
cmp85A34FC10A14355EC487F191E810D124,{4AEE050F-62FC-5488-A53F-8636D8104D13},dir3D3A2FED1BAEFBB70506BE614A3F8FD3,256,,fil6436A7A95177EC0E5380DE587AD30E6B
cmpF6831BDA762E191B7636888875BF0E58,{31E4CE59-BB68-5123-82B0-6DA55821876D},dirB7989A75A02C9450BD0D0C36B9C18802,256,,fil4D7AD449DC4E9C60CED7AD093E0EEB5A
cmp0CF21CC5C4346DEFC341A6F4493A79E2,{B13AF689-AD6C-5C08-9E57-5FDCE5BF1721},dirB7989A75A02C9450BD0D0C36B9C18802,256,,fil5C46FA17608D75B8DD9F79AB18FDFECA
cmpE6D36CF155F7079977F44D3A1733178C,{58DA97A7-7E0F-5956-B8AD-B5ED95C00C83},dirB7989A75A02C9450BD0D0C36B9C18802,256,,filAED2349D6CA0D6DA1B0511E0AD88BB52
cmpA35ACEE37A587BF64C89C133D7941672,{E1D0969B-1E28-5209-895B-8474F3B4501C},dirB7989A75A02C9450BD0D0C36B9C18802,256,,fil184DBAA47CAA19F3128A3C1DFCF99953
cmpD8B3015B9890C1FE4D039549178FF7D7,{7C4FD8D3-DDC5-5847-BE76-C6C4416F15BF},dir168C34BE4B5EC2769787A1CE4796C1A3,256,,fil4AA0D0BE06E90AD7F7A78C6C2D6A375C
cmpD04B4341836747805C5D614F66CA392F,{A43D2618-1078-51D3-B934-01720BCA605B},dir168C34BE4B5EC2769787A1CE4796C1A3,256,,filE45F5514EFED41E39067A415288DBB0A
cmp7118FA96583D005520BF557B1F599D44,{5E0733C0-F252-5941-A4AE-06C48C110B5A},dir168C34BE4B5EC2769787A1CE4796C1A3,256,,fil0DAF987D2376021F63178AB3B2DAF2B9
cmp6AA2BC3394160527141BA510B62C597D,{A0007BBF-182D-5D41-92D4-EECFB9F49D08},dir6D8C53F5EFF717ED0EE7DF40FFDE54BA,256,,fil07F682EEDEA11FF8634A7F754EB46116
cmp5334A404A6E55840184D0B58CBFE7F59,{47461A09-CEC4-5519-8039-2EEAD96E9240},dir6D8C53F5EFF717ED0EE7DF40FFDE54BA,256,,filD9668597545D5C2A6F6078F6D3FD81B2
cmp807CD68049C447EB84127638CD912F93,{82EA2C39-5D93-5A21-9A5C-FEA1294816EE},dir6D8C53F5EFF717ED0EE7DF40FFDE54BA,256,,filD36DD035DB9177A1ABB2A58AD0EB4130
cmpB398C6D56ECCC1BB49D7110AAF9D4EA4,{789BA562-1378-57CB-BC44-1FC56AEF7F4D},dirDF4D8F433F6A3C52ED4A4FFDBB0C04BB,256,,fil38E7C698C3ED2AC6BBBE29AF269B1006
cmp2FAC5308E86B2543E0E0F959813BDE67,{F0E0C48A-EDE9-5F71-8F18-C85DA76A625A},dirDF4D8F433F6A3C52ED4A4FFDBB0C04BB,256,,fil80779992D1C7E408BAB06BEFCDEB2626
cmp4378AAEB1E8C1DAEA2EE6D2999DF8497,{A768A791-00F5-577E-B29C-A4E7931CAE64},dirDF4D8F433F6A3C52ED4A4FFDBB0C04BB,256,,fil2B4D5520953FA828264DBB5C2EFBC978
cmp8162536875FF052567408FDE441B3CEC,{B3F009C0-0801-57A5-ACA8-98A7C9980038},dir74C53DE878D5A0AFF39ABF29D9D38810,256,,filF982803D6CD755DEAB80BF2315D1B7E9
cmp6C35EE61A4D5FF5DABF4DE2073AFACD3,{0D743645-640E-5B63-8DD6-41935AA4632C},dir74C53DE878D5A0AFF39ABF29D9D38810,256,,fil7A2CD9AF4E07EB1902FA688DC9442FA8
cmp622E8716DF4399AFF93087CDF9273AC6,{5316A83E-EE63-5AC5-AA88-53CA4313DBD6},dir74C53DE878D5A0AFF39ABF29D9D38810,256,,fil1E0F7D2D9866186FD8D17618581D8959
cmp5167CF83E9E68F6BC4E721C4F82E234B,{A1191862-6C03-5E96-B19C-2D88A838735D},dirD7C80E4E8AC2E75456AB4C47AFB7CDAE,256,,fil7ADD7907BE8CCF7CB09D9C3A0EA062B3
cmp3369129034D1A56393559838EF05535E,{FC9423FF-2B2D-538B-BA4C-09CF942AA5AC},dirD7C80E4E8AC2E75456AB4C47AFB7CDAE,256,,fil566D9B603E6A66DE1BFB8D0F0906C312
cmp8814D0CFBA752F2BB0AC5DCBF83CB5FD,{A7815D0F-17AF-5251-BCC3-EEEE1F262747},dirD7C80E4E8AC2E75456AB4C47AFB7CDAE,256,,filA496FD11EB0B22E129A44DF833F0BE9B
cmpC1DAF58CFD7A2435DB34D7E1B7CA0BE2,{047A0B67-43FA-5A90-8E20-C49735B1B5C2},dirFA475B947ECEC56E9CCFCD46FF33BC9F,256,,fil6954A8DAADAC619B53DED8B9DBE610E4
cmp6FAD4E3015AC1B0F2B97557AB1A328FE,{82741862-172A-5CFC-8EAA-C2AF0B024435},dirFA475B947ECEC56E9CCFCD46FF33BC9F,256,,fil79937EFE72E34E98254375D1C9774054
cmpCFFAA74BD1CBC137ED1FA17EBD332174,{4FF6ABC0-F573-547E-A594-64A961F81475},dirFA475B947ECEC56E9CCFCD46FF33BC9F,256,,fil52A12B1E7E4EB0BFA01C8CD0B7C78935
cmpA739A23495CEDAF9819B334EC347F39E,{481C84A6-3019-501B-A935-B7561552BD1D},dirFA475B947ECEC56E9CCFCD46FF33BC9F,256,,filFC29F55268345669C699FF60EBA413BF
cmpB0C0F3967618131D9F12670622154BAC,{2A588E83-9566-59EE-915B-59F36EE05290},dirFA475B947ECEC56E9CCFCD46FF33BC9F,256,,filE2EB32D2ED70C48FA61ACC0A8A666C5F
cmpC079C4031A0FBD14039DA0485269BDB2,{64DC75B2-97B8-50B2-91B7-317FDFC3398C},dirC17793CA8AAD3DF0732B48D33A8A7DD2,256,,filE77B56B6092F512B2C58400B5C82C784
cmp4109D6D56F6BC2EE835612426EE6F8F8,{23240568-371C-5497-BFE7-DE035450C540},dirC17793CA8AAD3DF0732B48D33A8A7DD2,256,,fil2FDC0D4C0BA1E4E8C9509F447C2312F9
cmp49B73E4E049B01BD696004EC5EC4B97C,{0913D1CE-17C1-58F7-9496-5A157685B5DF},dirC17793CA8AAD3DF0732B48D33A8A7DD2,256,,fil6749F9E2CC3A72612B5EDE08BB99ACF4
cmpBC6A93F153F66A3D90BAE64026409935,{D7889A7F-2942-589E-A69D-FD91C16FB517},dirC103380CF14B7E416A16BE1345CEC063,256,,fil69917E55E519F47F695BDCC99AA3D60A
cmp181B47E2E8D7B904872C3A9A650B1C63,{6EA19FAA-0CB0-5AFC-B7E1-9A68E395BCAF},dirC103380CF14B7E416A16BE1345CEC063,256,,filCED880C8B705093090AFA86D354B54C3
cmp11027BE1D66D3A17F5EA42090D29376F,{404F8D56-BB22-59D2-BDE1-80B32DDA2EB7},dirC103380CF14B7E416A16BE1345CEC063,256,,fil2F94DAA4ABFB526B8CDDC2B350609081
cmp24C476BCA7D88F9010F864A5341AE1BF,{417CF088-3A66-54B1-998A-E01D9354A333},dir651F3559C107B9B161301722A147DB2B,256,,filBEC81785E427C969C760414D7FE0527A
cmpFF19DAA01686E81B37875028BBF7ED94,{894EC747-FB91-53FA-8338-295C207905AA},dir651F3559C107B9B161301722A147DB2B,256,,fil97E8703CDEFAF4E19D66F4BF8F6F5D4F
cmp4EB5DA379071325CA194D58687D0C470,{266A1D16-833A-5930-883D-3537B5B99406},dir651F3559C107B9B161301722A147DB2B,256,,fil46CFC0DD16A42A0EC040DA35FFDF4013
cmpB67744DA1CD90674A27D4F2432780CE4,{DD83C9DE-7997-5218-9400-8443B260298B},dirF86C5BBE108084B1F592BFDE66580420,256,,fil1CD83E64027E9D2FA409820D97198F21
cmp9AADCA5FD496983669593676928E4696,{BD417445-B3BE-5007-8CFC-93A373D441B4},dirF86C5BBE108084B1F592BFDE66580420,256,,filE6504868A343A811A7FC4B1F95C1686D
cmp9FED66C5662444BA7C01BF3C30F4C47E,{F8829F10-9D2C-575E-A26D-172EB44A4E78},dirF86C5BBE108084B1F592BFDE66580420,256,,filA06691D4845178CB1B09F094D9593288
cmp036B3E8B1623A20316C4F5148511BA3B,{F87EBB01-AD42-569A-84AB-973B846A91FE},dirD87BB6344F2921677F85F5ADDDED5926,256,,fil05D09D696E49F8E166F784BC9AF6CF27
cmp041EB0807B0FB0921C41479EC4DADD54,{0AC7358D-0C4F-5242-B07E-26062BB9A497},dirD87BB6344F2921677F85F5ADDDED5926,256,,fil893FD0CCFEB1714C799D80E7E2F24901
cmp3F59E6862E326027494DB79265AFF477,{7A03E0B3-F338-5380-BB4E-93B4AFA04E41},dirD87BB6344F2921677F85F5ADDDED5926,256,,fil8548BBFAFC6A33F1D787A9A5BC1868BB
cmpC493190B908573865F1D7D4D0D4CD800,{93C1DE07-C356-526C-8BBF-3A335E471B80},dir4E643FE47B79904293464EBEE599E652,256,,filF54F2B8D0476C350DE98A65EC3241166
cmpFE6D0368EE65E74CF6C9D1F3ADAF5A15,{D6421C27-883E-54B6-8E2D-DB1893D82FA0},dir4E643FE47B79904293464EBEE599E652,256,,fil16DC40CD42A1952CA4D01846E98DEFE5
cmp75A0330FAEC1B1EF40EAA3EF1E478E6E,{83C04F16-397D-5F15-BB08-96B8E64F38EE},dir4E643FE47B79904293464EBEE599E652,256,,filDA5323046D3A114B8D9C39027FA24F76
cmp7CFA16CFE89AFC545154326F6FF694FF,{1657FE7E-084B-5C1E-BB69-B24671841CAC},dirF99606029FA892E1F8DF03C1DC8E84DB,256,,filEADD153DDDFF176F57F414F76AC5C8F7
cmp9D2CC306706AA61E1A9B69913D7D6682,{9E42B953-4FA0-5493-8BDC-69C3AD1EC166},dirF99606029FA892E1F8DF03C1DC8E84DB,256,,filA5553A8F00E37CE3BD91BA370A2BB31E
cmp1A4F91BA1C81858B52552B27040ED459,{E75D66F4-B315-592A-AAE4-607968186B01},dirF99606029FA892E1F8DF03C1DC8E84DB,256,,fil938A208E83834629D842C084E5CC6784
cmp844B89650BD07EE610A2CBF458DBDCA3,{E09B8572-DD00-58AD-8DB5-9F835DA2C573},dir436112C64E50566D59621BED78094C37,256,,fil303E0CFCAB6CE119E77D085295935146
cmp4BB8E0F4017C4DD99508F7A401EE58FB,{1FD7C3E8-893D-5204-91F0-F4F46EA1B8F9},dir436112C64E50566D59621BED78094C37,256,,filB53BCD790F6E40CA83374519F6AE9A5B
cmpDE7EC4B2E38DB4493E6BADFCE4ED0488,{EB931F1E-202C-548B-9F59-99F14882998A},dir436112C64E50566D59621BED78094C37,256,,filEBFD5FAFFCCFB22422E3B6BF49E49B50
cmp1890612D889E991EE1A776772B33141D,{FAF2FFA8-7695-5624-8E5E-5D3706ACE95B},dirCFA8CD65A7150E0E14223F0ADE531C6E,256,,fil2C24E86D2E112A648473837CF33D975D
cmp5D996A4CEF4A234E69205D21BD991A31,{E53EBB43-F935-5D0E-BEF6-EB00DD52C3D6},dirCFA8CD65A7150E0E14223F0ADE531C6E,256,,filCA59C14E1CC85BDF35F5FED4F4B9F3D0
cmp4BD23BDC0ABBAA2BBCD2CC9F5F6289D2,{35452D3B-A918-5B1E-94B2-9BCFD5041585},dirCFA8CD65A7150E0E14223F0ADE531C6E,256,,fil42369873E5328948C08DF14DCA885D30
cmp45DA9BFF08820B593523409C6CE762DD,{450A978B-3D85-563D-940E-EEB59DFC9CA2},dirCFA8CD65A7150E0E14223F0ADE531C6E,256,,fil5912BBFBDB6B9974A5F36BB220C91AFF
cmp337B4827F9D3D7D3B41778264AC3AF64,{8AC941E8-32EF-5E64-80A0-867F683051E7},dirCFA8CD65A7150E0E14223F0ADE531C6E,256,,fil58070CA5DB6000E85E603AD03F910497
cmp9E4119BD253B42FBBE5EF1B8EDE41A84,{F964D024-6201-5B43-8FE8-981350E982BB},dirCFA8CD65A7150E0E14223F0ADE531C6E,256,,fil2C480085EF2788FA66C5E188226E92C9
cmp31E5A8A6F03CBE714DBE8D29E61015D2,{0F5A7E46-B315-5C2D-9784-39CA2E037906},dirCFA8CD65A7150E0E14223F0ADE531C6E,256,,fil2A5C34711BD914D1F773F6E1E66CF869
cmpADF98DBBF29543C0D30A6437E57C4E6E,{FC393170-4601-5980-BBFC-48C398E58A39},dirCFA8CD65A7150E0E14223F0ADE531C6E,256,,fil397B42E9AD459582D9B5BFBF5DA956CE
cmp93D70248A6481113165519D8A73EFBE6,{AABBB95A-E8F2-514E-9ED5-7BF44D79CCCA},dirCFA8CD65A7150E0E14223F0ADE531C6E,256,,filEDB1369E41D26583CE552FB08C99DF1D
cmpF650E1047699065ADD79C5593EDB1DFB,{6D924605-BE86-52BD-9F78-E918A9B2E09B},dirCFA8CD65A7150E0E14223F0ADE531C6E,256,,filE301986224A4D987A93F2D8C1849D8F7
cmpC98B779E0321444427620FC4B2F61F9E,{6ED42464-D99C-55CD-92A6-009ACC3B5F2B},dirCFA8CD65A7150E0E14223F0ADE531C6E,256,,filD6B62E84DC4C6E87DD5DD6A9035D2116
cmp9CEA77BE01FA3A0CD4F83CA237485DB6,{1EB2FA2A-8FC3-5ECB-9592-687E433922E5},dirCFA8CD65A7150E0E14223F0ADE531C6E,256,,filEC4E16FDCF6EA6E5D0724FB15A1054F2
cmpB29E0636DAAE8742F6536F6C3AB4076C,{58CC506D-57E1-5980-8B74-DB35EB9F87ED},dirCFA8CD65A7150E0E14223F0ADE531C6E,256,,fil046F7373CCA2E87AB85F69FA982D71D1
cmp0AD3CE17D96E01A95F8353FF442236F0,{27ACB9F1-70CC-511B-9F34-42D3D4F1BB76},dirCFA8CD65A7150E0E14223F0ADE531C6E,256,,fil16C3950EA7E9B78EF35F349D5B4466DE
cmp7BDBA47C0365093B702AD3105B26604A,{674FACD2-B0D7-5C82-B2D4-7A07C694E092},dirCFA8CD65A7150E0E14223F0ADE531C6E,256,,fil367333644A7E6928844852AB07AF6451
cmp2B0221D9734591F858AB7D4FE1A807A5,{5A572D41-F985-50D3-9A86-16AB0FD5A593},dirCFA8CD65A7150E0E14223F0ADE531C6E,256,,fil45E84715EC88DA2C9F28EFCBB4783EEB
cmpD4B72F48EA19CBAA5C67DD38D4252B21,{88F6A581-F921-525A-9500-A5C942059D75},dirCFA8CD65A7150E0E14223F0ADE531C6E,256,,filF84F8D2F2ED4F5CB85CD83C7A345AD57
cmp2DFA33C3918A0BBB89892125EB6E0C13,{D9781381-D39F-500E-8DB8-DC425FCD67C2},dirCFA8CD65A7150E0E14223F0ADE531C6E,256,,fil60142FAD74FD169227AF79271DC2B24C
cmpD614783239402C9B040889D5DEC43666,{330638E8-FAB9-5720-AF85-C534512D9D78},dirCFA8CD65A7150E0E14223F0ADE531C6E,256,,filE585DE2030F4F555157D57B76D1E4825
cmp39E2E948749ED33CE8757C0886562E81,{832382C8-B810-5BE1-B5DB-F9D72C25FE6D},dirCFA8CD65A7150E0E14223F0ADE531C6E,256,,fil87A25E93F07AC94C0F16ECCA41C93475
cmpEBA5F9208CA8392271C17B3BB6747128,{9B380CB6-E3AB-5A6D-A518-89167F6DA44D},dirFEFD50A7645FA3784EF6EE44C9D5E523,256,,filBCFE0F8E95818FFED459C3ECB1CA18D3
cmpB8196EC44A46B8971CC8E91A319FDB12,{1A9301F2-879A-5AFE-8CD1-F8F0D895CF4A},dirFEFD50A7645FA3784EF6EE44C9D5E523,256,,fil562E6B2EABF145CEF30FAC64A340A25B
cmp44D689C7FB1F48100A16AFDF86BD20F1,{28D9AA51-18DA-5FB5-A599-1433B6E73C03},dirFEFD50A7645FA3784EF6EE44C9D5E523,256,,fil82CD12F5FF177F6B449C1A10C97E33D8
cmp43A0749F970C644D350F5047B9A7FBF5,{52A4C060-9280-5DEA-8985-178E71DB7AB2},dirFEFD50A7645FA3784EF6EE44C9D5E523,256,,fil90440940478820F229F910C01B243034
cmp9B05C00F1F8CB62B311F82DAE4097140,{52F54795-5D07-5886-B590-706744A29CDC},dirFEFD50A7645FA3784EF6EE44C9D5E523,256,,fil252B4EA69014EEC1400CE3145FCDF462
cmp2D431297994A8D4FD9D6920EC921DE52,{22BF73E1-C808-591F-AA2E-73F26723AA3E},dirFEFD50A7645FA3784EF6EE44C9D5E523,256,,fil65BBFA9FA27EF9FC3EE20DFCD4E0CE7B
cmp54CBD8BA2DAED873254FCCE4AB9A88D8,{514CAC40-0AFA-57A8-8E38-BA3BA6EA7070},dirFEFD50A7645FA3784EF6EE44C9D5E523,256,,fil684928039F53D165F23462A391519C44
cmp885BD0C4358131F4CA0949A8F6851FAE,{0E4C25D7-2FAB-5703-A994-88F812F3069C},dirFEFD50A7645FA3784EF6EE44C9D5E523,256,,fil155D6F110624DB0DA0982D94E70B1578
cmpCDC67419A81FBB5B5EDB941D1E80539C,{E269D449-95D7-55FA-A836-CB876107ADBF},dirFEFD50A7645FA3784EF6EE44C9D5E523,256,,filF7AFBB312113E400F398597B7FEFF401
cmp28C29D946AF29881C693A8C81B371BB8,{90D332D0-D04B-5FF0-8498-994A42C0B720},dirFEFD50A7645FA3784EF6EE44C9D5E523,256,,filFD9C5144F12F056645D6E050D08B79DA
cmpC173C6F2EF46E17F9C56D7C2FCE80819,{1A849461-54DC-53A3-A735-24D8E4B16E42},dir07F985F6E93C4ED256C4F6C233FC3DFB,256,,filAA4CE390BC2A10D05833D9DB5F0EA39B
cmpDD43DE4939455D9EACE90CB9086B8F91,{62363906-4F0B-5D7E-88C7-9E567C0F8A16},dir07F985F6E93C4ED256C4F6C233FC3DFB,256,,fil6CA0F072E5D25D8E0F0546E43CACD8C4
cmp90730DC49BC0CD26C72CE03E46474E0E,{760C153C-77EC-54A4-9E67-A103AF4227E4},dir07F985F6E93C4ED256C4F6C233FC3DFB,256,,filEF8C3E24F833A7B773BD058C87D79F88
cmp3443FABED907A9C4E61D66BC78EFF733,{D2F22288-8FFB-5E2D-8294-445175120853},dir07F985F6E93C4ED256C4F6C233FC3DFB,256,,filD394CBD7BE7A9E5B33631AF64C14725D
cmpEE2FBC2F4D7647CAB7240DE1DE721EBD,{7E7DF271-9B41-5D71-A714-5A1529456B88},dir07F985F6E93C4ED256C4F6C233FC3DFB,256,,fil6BC8E6F34C7E9E217BEC82DEE34A6495
cmp2D22B97BE29B10F131CBC9AFA5494378,{FA4A2FC7-7EF1-5C7B-A960-93E551739607},dir07F985F6E93C4ED256C4F6C233FC3DFB,256,,fil50CE013032EC8D7A3631237E827BE0D2
cmp7B704C31B4EF22D6CA703E0458845275,{76850EFA-3642-5E64-9633-9EC3A29DCEA9},dir07F985F6E93C4ED256C4F6C233FC3DFB,256,,filDF1AA49D129945051B04481C3ACF34DF
cmp26B74AC2F809CD7DA92460F6D6E92EE7,{0333E3E7-E78D-5FE6-BD7A-C41C8DE0F2BF},dir07F985F6E93C4ED256C4F6C233FC3DFB,256,,fil955211D6056D881B75CF819FC8F6D341
cmp710E2CAD34CEB78EE598E5EDF0BDE3D8,{5A88666F-0786-575A-91A8-0D6C4FB71631},dir07F985F6E93C4ED256C4F6C233FC3DFB,256,,filB2F0C05ABB1C537A14767379DB7287AF
cmp5F97603331E80DC26869F70B457BF45A,{1CC70848-F26E-54E6-ABCB-20350496CC8E},dir07F985F6E93C4ED256C4F6C233FC3DFB,256,,filC0DB3D8388E61557C9244415AA3C36F5
cmp732A560099324EBC1C24AF53781E0F18,{0DD9D4A6-D897-5221-BA6D-F86C025707C4},dir07F985F6E93C4ED256C4F6C233FC3DFB,256,,filD21CD4480E0001B4F76CA9B5583C131A
cmp649BCC160B909F1FDDCF8632BBC876E5,{FBB82EF1-D6C9-5C50-9E21-4F424B2A9560},dir07F985F6E93C4ED256C4F6C233FC3DFB,256,,fil91993019036B0111AE16583066454D50
cmp9D647B4733E066A268DB90C7BE799E97,{6E9DC5F6-FE9F-590C-9175-9A65BEDF617D},dir07F985F6E93C4ED256C4F6C233FC3DFB,256,,fil29BA97C12C99EBEDBBB771842F0A1F6B
cmp104B6CC92F8EFA339D3CBA25605F7D66,{A916EC99-8F0C-5228-B171-A6195D147ECF},dir07F985F6E93C4ED256C4F6C233FC3DFB,256,,fil626B2ACBA6A1C77D321141C04617E685
cmp0E798001697A27612985A2B756FC62E4,{45CBE65C-4F8B-5487-8298-3A1BD3FDAD01},dirCE34924783DBBE10364F4DD97D10360C,256,,fil1CD83C20CEBA5B5FFAAAEFB51A34070F
cmpFC8CC017F86E826EFC2DAB3697E2F47C,{3A6A3359-9349-5AB9-B447-A7D93AECB0BB},dirCE34924783DBBE10364F4DD97D10360C,256,,fil4EFB8F9BA83960A22B3310AF3D163AC4
cmpA5F7137E77831A44DF7FFBE122EE4F29,{6B87CF56-EE7D-58D4-9602-1A1BBB046C0B},dirCE34924783DBBE10364F4DD97D10360C,256,,fil845E34B15699B42177E372FFD11F246B
cmp702AF4E062E6549FC25D265A2C5FEE73,{1BA9C296-B996-5952-9C5E-E751C9610070},dirCE34924783DBBE10364F4DD97D10360C,256,,fil2672B54BC6B0EA24466B72460094E368
cmpA5085B5ED63F95B546E0D11F2788DB60,{58224719-5F36-5F48-8367-35302D56CCDB},dirCE34924783DBBE10364F4DD97D10360C,256,,filC0ECA13138A7DAA2334AD575923EDA59
cmp67AB1F63227871EECB0D7569A653C284,{4C08378D-6628-5C7B-83EE-E1CD6310ED01},dirCE34924783DBBE10364F4DD97D10360C,256,,filF5038FD786433D133BE1CB760A52FA73
cmp92AE3E3610D004340E5C8D18FABEFBDB,{71843FF6-B8CD-5154-BBEC-87BCEA59620D},dirCE34924783DBBE10364F4DD97D10360C,256,,filEB0A12250240F805FDEBDD035D8A9BF9
cmp09AE284D3746250C1A2248D0D43A231E,{6B72C03E-C0C6-59BF-94F0-04EE28247416},dirCE34924783DBBE10364F4DD97D10360C,256,,fil0A2EA235368E54115EB9F54E8BFD6B7A
cmp170EDB8958B0EFDF4EBEB087394C0904,{BAE31029-4C4C-58E5-86B0-085D22725C89},dirCE34924783DBBE10364F4DD97D10360C,256,,fil2FB5B04098B0DE85C0E418E7CE4D13B9
cmp60014764E6F4FB1A469BA2066FC95CFA,{E6462F57-973F-5A02-8A0D-7041A339DFFD},dirCE34924783DBBE10364F4DD97D10360C,256,,filE06AAC314DDFE9AA5E040AA23A43558E
cmp2281DADD2EACFEAE46349CDA3EE06A8F,{68496A20-D41B-5159-9883-5F625ACD7140},dirCE34924783DBBE10364F4DD97D10360C,256,,fil437D558C78BFD05E7C23EE9B709B4A3B
cmp7EAD5DB7B70687590BA8D0D67913ADD4,{44046881-8535-5D26-9275-D38A490B5AC8},dirCE34924783DBBE10364F4DD97D10360C,256,,filA84AB29C390378F0CC499EFF4BE089D6
cmp2F5848E8E8EFCC2AA466AE3AE2F58471,{853435FA-B619-5F67-A1EE-74965156C1E3},dirCE34924783DBBE10364F4DD97D10360C,256,,filB82F1C8D86777406A4401590A6A3535C
cmp4EF1FD9349F454290A230E7AFDA95FD4,{19CD219B-AE66-5F85-9424-51BB02C1F9D8},dirCE34924783DBBE10364F4DD97D10360C,256,,filA44F2FF80F998A75A9D71A4B3BE490B0
cmpB19E7D4B8BB088B8CB3702C5217AB5B4,{AC2C4DEF-CEB6-5E4F-BA3E-CBF9C5D0DB54},dirCE34924783DBBE10364F4DD97D10360C,256,,filB96C548228EED56E92A0172E913A2963
cmp5E1030E933EC4F0215A73D29A1DEE645,{879AB9A3-7D76-59CA-B6E9-18B474420C05},dirCE34924783DBBE10364F4DD97D10360C,256,,fil66BBAC2F5A4000712C76B2394A3B7E07
cmp092A9EA942817D48964092C11F5B617C,{5F70A5CB-3C0F-538E-8AAC-1CADD697955E},dirCE34924783DBBE10364F4DD97D10360C,256,,fil51B4FD6E4CAC2E430CCE239B9C3B1208
cmpFA896AC154143D083C37577C3E34A436,{B15A4B79-A404-5799-93BE-FE4903196A67},dirCE34924783DBBE10364F4DD97D10360C,256,,fil04ABB299B5DB032678F156F9B50AE4F4
cmpA6506C050267B05B2C33CE1DE0AEEDF5,{40C37554-86D5-546C-8056-2A492FE8E197},dirCE34924783DBBE10364F4DD97D10360C,256,,fil90D1B86EB8F41D2FD98DD734158F71E0
cmp134F9931EFC3B36DCF1B55C430BD23C5,{AC0FFEEA-5067-58D4-9FFF-4E6FB401A053},dirCE34924783DBBE10364F4DD97D10360C,256,,filB2C1E787476BF19987151CA33B4D9E33
cmpE2815311DDE801E564324C3566093457,{6D2ECEC5-7BD4-5C68-A13F-28019856E405},dirCE34924783DBBE10364F4DD97D10360C,256,,fil4363C2176FDA768874251EBCB3DAC495
cmp3BCF3F83E3FD546EB6D0F435D47AA50A,{18C348D5-D348-519E-BF19-350803530974},dirCE34924783DBBE10364F4DD97D10360C,256,,fil60C666F0D117F04C536E7A24D55E90A8
cmpAD40B806F4F2C2451FB0ED248807C1CE,{AE6FB8F9-9DAD-5622-8ECA-B46960C53F58},dirCE34924783DBBE10364F4DD97D10360C,256,,fil40A15088A3295FC71CCFD4270F24457C
cmpFC017979B1635FC6FF972A1F921A09F6,{0B9DE960-E56B-5AD2-BB94-EE1EC7540546},dirCE34924783DBBE10364F4DD97D10360C,256,,fil0A181470B6C467F730836766470AF207
cmp14354CC685B0AAA7AC9734A7D36E69A9,{19C36CD8-E037-57DE-9859-2C34A8A080EC},dirCE34924783DBBE10364F4DD97D10360C,256,,filEA0A7884E3DD1FEAAF3A612F328CA0FD
cmp806E4BABDCACD6A03F7CCC9B3987FD5F,{0BC4E81C-BF12-5629-90F3-EA5CD38C9DA4},dirCE34924783DBBE10364F4DD97D10360C,256,,fil5D09F37AD8FC0224E888CC5D254B8FF2
cmpC9797B694D1B63143E48991770337561,{1827D927-4D75-5A0D-8F7C-98D50705FFFE},dirCE34924783DBBE10364F4DD97D10360C,256,,fil1D16CBE5BA2435D9F0F552744E3E7BE3
cmpEE9364F1151589C98DBEBE95B80F56BE,{A5F7DF69-117E-540B-961E-F57C543D044F},dirCE34924783DBBE10364F4DD97D10360C,256,,fil9FA5411C60FF29E439D48E4814753FE3
cmpBFEC3FBAFCB24D374187E437FC5E3225,{C0FA2326-6DC3-5AEB-B0A1-8331FCE77960},dirCE34924783DBBE10364F4DD97D10360C,256,,fil4DDE74725B04374A2102713A2C4BD110
cmp683D06923A936A5F3188FBF5362402F4,{1CE4ACB1-EB85-58E0-8CAE-2F3548D09F48},dirCE34924783DBBE10364F4DD97D10360C,256,,fil91F7039403C98E0B6733F947946F8B42
cmp2C614505E3E37EE733BB873A05DC5FE4,{9F22D97F-8991-54C2-A3A6-28C912BE4269},dirCE34924783DBBE10364F4DD97D10360C,256,,fil5097F8D1743F6A047BCE212AA639E508
cmp526FD48DC4DB9E80FED77E3AD92A2120,{06A0A53D-EF39-576A-947E-CCB708EC4759},dirCE34924783DBBE10364F4DD97D10360C,256,,fil165652DAD50A6C3D65117BB31A1F241A
cmp695DEEA3B7D53857930F38C6A1FAD600,{2200D073-EBB5-53C6-96CD-9A3DBCF022E5},dirCE34924783DBBE10364F4DD97D10360C,256,,filAF16F3D3ECDEE3D7D950447EEA845CD7
cmpCAADB2E713A1FAFD8A6DB084B8C5AFE6,{24ECB93F-170A-52A2-8338-3C142C8B4872},dirCE34924783DBBE10364F4DD97D10360C,256,,fil9236C96C4281E05548AC2E89B263F7FB
cmpAAA38C821A7AE1BCC646062135FC330C,{499A91FF-B241-599B-880E-F9D204F80B2A},dirCE34924783DBBE10364F4DD97D10360C,256,,fil9300261C90AA92D779E29E10BFA0AE69
cmp858733A32E46955B26CC38973BA14C09,{BFEB4959-9D31-55B1-BA33-DDA03E582401},dirCE34924783DBBE10364F4DD97D10360C,256,,filB63DA6BD0FEB44D5358F4F108639FC0C
cmp9525907161EE31B4B02F70703D11E0AE,{F5324226-BF93-50E2-84C6-4A1D4420F13A},dirCE34924783DBBE10364F4DD97D10360C,256,,fil9DF3A2343BA9FCB4AD6EF2BF7B569B0E
cmpB675D1F7F14E75181E48028BF9DD614C,{95744E3D-292E-519F-9BE1-991BA362F335},dirCE34924783DBBE10364F4DD97D10360C,256,,fil87412766C45854E7B9BF4137CC894E0C
cmp83A860F9A7FAE679B5CF25AD7EAD25B4,{57BCF0BA-A60E-530B-A949-E56C4BA9AF35},dirCE34924783DBBE10364F4DD97D10360C,256,,fil86D66E43FCBB7534EA2369F8FB7F1553
cmp55AEB32C964617130020BB2040BC8EBB,{77D9D8DD-3601-56C5-964A-ACED3020EF43},dirCE34924783DBBE10364F4DD97D10360C,256,,fil202D166FD9FBC7296D255F0C7F3AA020
cmp9FCD849046DE7B926F8965814603FAB6,{E25EC3FB-5A85-5967-8B22-DD5231CC2785},dirCE34924783DBBE10364F4DD97D10360C,256,,fil3A281401CF9197BF200EFD1094858133
cmpC970B6F494621AA071DA8C6E0E43B8FE,{3E8CFD91-A94F-50CA-93A0-9153C8504A87},dirCE34924783DBBE10364F4DD97D10360C,256,,filA79D5E6CF0542981E595B75E04DCB2C3
cmp194C47120790FDE715EB9E374D3D4D68,{4D14A634-732A-5043-8C58-10B55F0C32C0},dirCE34924783DBBE10364F4DD97D10360C,256,,filC62AAE769A2BEA8D0D6C42FCDBC09D12
cmpB6754C0D6DF38425617F0407A9EAD550,{1DB6AEDC-6025-57BB-A25D-01B5CFA78FAB},dirCE34924783DBBE10364F4DD97D10360C,256,,filA8E1FDAA12618FDBB10183D9CFC636C2
cmp5573EF71E4AF88DEF125C1FD595AEB5E,{705247C8-E3E9-58BA-86F8-B54EA1F56CF3},dirCE34924783DBBE10364F4DD97D10360C,256,,fil2AB3CA77498B68C2F08CC9FF311E6030
cmp185383AF92BD86E6857EFA72F442E306,{D2A403C5-60D0-537B-927F-5DA177AC8FA5},dirCE34924783DBBE10364F4DD97D10360C,256,,fil6C3B64F5CC4B3E719E4FE8C60FFB38D6
cmpD68BD4F3A5A73937DBF5836DAB334BD7,{AB98768E-B9E7-5966-BFF7-2E6E0CEE57EC},dirCE34924783DBBE10364F4DD97D10360C,256,,filAE64597207FE055F149CC3D5638B0160
cmpEF706332B8770EC6D249F3DF39B4D01C,{8F85414B-E2AB-54D0-892D-A8C0C121E612},dirCE34924783DBBE10364F4DD97D10360C,256,,fil3A5851A8FB28E748DA84A65B1F040967
cmpC930B982B76C88E50BE2CA228276E434,{96D4CA64-6160-5E36-89FE-2BE1A550F67B},dirCE34924783DBBE10364F4DD97D10360C,256,,fil5BC2C34E21EE869AB704FA57BBFCC97A
cmp9578F773F37F9D1600F80DB74186DEFD,{6815B6F8-2DD6-5C0E-8FB4-F0454D3DDA80},dirCE34924783DBBE10364F4DD97D10360C,256,,filAD126FC328BED0A640F235105F88B60D
cmpE6E673A855D94806CE88E19DBF6033A5,{91175C07-0ABD-5DFE-81F9-186270224AEA},dirCE34924783DBBE10364F4DD97D10360C,256,,fil2597FD393BC9B2880D314D8FFA933E46
cmpE9BC2BB7FAB2C58CB86E7143EDC6A03A,{83D1E9DC-DD8A-5DDC-9124-EBE7231A5E9E},dirCE34924783DBBE10364F4DD97D10360C,256,,fil65BA184C5F4B97538B50F8C72A687F5C
cmp56F1A76A3BB01D07000EB50EC2D2A133,{FC9142F4-5116-538A-B75A-831E941D672A},dirCE34924783DBBE10364F4DD97D10360C,256,,fil85FC4A1F8FB2DF4ADC60E552E3288045
cmp69BA288334390780E51A9AAA3B64D048,{BBB6D5AE-41BE-5D98-AA61-A03BAAC19855},dirCE34924783DBBE10364F4DD97D10360C,256,,fil9A34043C36742ED643048107B5F1B5A2
cmp3A73F6ECE4A2C819814E429EB8943256,{20194E26-B0D6-510A-B9F0-6FC557CDCDF3},dirCE34924783DBBE10364F4DD97D10360C,256,,fil48A37EC8517FC591FEAB63AE384C30A1
cmp882BEC00B0E5711E0B8EE0CB22CB1162,{5EB0291C-6E49-590A-90A7-B6C2FEEF731A},dirCE34924783DBBE10364F4DD97D10360C,256,,fil74E26EE5F112D1CC17E12C21DD705A4B
cmp715EFAEC4E9C82DBB4508FADA3D71B48,{9D5C5D36-12C7-5205-8886-DC4EFD1BFD28},dirCE34924783DBBE10364F4DD97D10360C,256,,filE007B1CA542E5629BCE85FA001B98650
cmp83D11996D020CFD92F1D0AE99576C6EF,{C9F15DAE-EE1B-581C-9547-C10FBA57F754},dirCE34924783DBBE10364F4DD97D10360C,256,,fil14C1E46B7DF90DA3DD1C791B83543545
cmp23C67BF29EC607A9757DEE3308F82205,{4EEC720F-6859-5D6F-B65E-2593FF6AE0AC},dirCE34924783DBBE10364F4DD97D10360C,256,,fil0B74CFEF07B88E6244A63125FC295749
cmpEDA0436FF1FE33E568E3EA0171715DBF,{43A9F68C-4E0A-5C5E-A016-CBFD73B7E2C1},dirCE34924783DBBE10364F4DD97D10360C,256,,fil5213F0B9E916D6AB491ACED213C5809B
cmp112F96F9331F9A29F422B63BC392F0A2,{64F7651E-CE9E-5B24-B0F0-54F23B501BFC},dirCE34924783DBBE10364F4DD97D10360C,256,,filC4579AAB804A90AF10BF77BFB5CB6BF1
cmpEEAD01566573B90ABE3BED236F4C58EB,{AA8E3F60-1ADC-58A9-840D-B7B3EECA3B1E},dirCE34924783DBBE10364F4DD97D10360C,256,,fil409DBD230AD59F89AC1E197F9CA187DB
cmp5AED248BB4E3A2A62F2582D545C08E49,{4A8115F0-1E64-5476-A948-07EEA578AC14},dirCE34924783DBBE10364F4DD97D10360C,256,,fil8487CA8A14C9B94D4CAF4ECAF7C6D104
cmpD582B5EEFAF5E30D6FDA026585FF6DD9,{2A73B08B-F68B-5064-846B-F1B7E23B10E0},dirCE34924783DBBE10364F4DD97D10360C,256,,filBF0257C882BEDA0253FFB0466B86E7A4
cmpA85153AF3CD5753D2021E9DC9D693DA8,{86DB1C4E-B830-5ED6-9CF8-6CCB51F5C1F0},dirCE34924783DBBE10364F4DD97D10360C,256,,fil567756AE3C40DF9CDAF826E8CD03990D
cmpC66E2194C0DAC5788A283F83ED657AC8,{D6DE7E45-D44E-587A-9B70-6ED1CB81B8AE},dirCE34924783DBBE10364F4DD97D10360C,256,,filF31C057326005163D1B458DEF20901DB
cmp08759B0B39B10F4087DB98190F05AE6A,{41743E51-EF4E-58F8-92C5-26D229F093F5},dirCE34924783DBBE10364F4DD97D10360C,256,,filDFF3A2B563F4D4CD2AB8AF48D643F366
cmpF87AE518FB7BA574D19EA4701DC3AD4A,{7213A9C9-520B-5CF5-AC95-B347740FDC03},dirCE34924783DBBE10364F4DD97D10360C,256,,fil412C5C5B42A93AE4DF6EA526824E84FC
cmpF561FC3B2C33329C1FD6A5070A017840,{B255BA58-3031-5ECE-85DF-7CBF70F93A49},dirCE34924783DBBE10364F4DD97D10360C,256,,filF22F09075A867FF7753952921804BD34
cmpD8D9850B3AE855CB8FAB1152D056CA77,{1C123CA9-051C-586A-9329-4C6B3E8D33DD},dirCE34924783DBBE10364F4DD97D10360C,256,,fil6DBD1A6C3AC43609ABDCB3FE56A08590
cmp896C761AC6EE8F6ACA0F8D952AC3652A,{64CB2C2E-B381-5C63-B800-549DF1546C99},dirCE34924783DBBE10364F4DD97D10360C,256,,fil99D65B6C891CD25037C6ADB380147E0C
cmp6DFDC395EFE942A04C8DDA6324AC2E6D,{B1B56290-8F26-56F9-ADBE-ABA95C2EA616},dirCE34924783DBBE10364F4DD97D10360C,256,,fil6E17459228785D2125C63B0B1F86FF4B
cmp338961B857B1677E17EBFADBAEAADD50,{13C0E8E5-093E-50D1-A376-8E5327881D2F},dirCE34924783DBBE10364F4DD97D10360C,256,,filE76B6FA93C92019307FE743348461337
cmp600B2712E4529334C75F730BE87E7CBC,{0038956F-0B0F-52C7-A6F9-2D9D2A7192AD},dirCE34924783DBBE10364F4DD97D10360C,256,,fil9148A070EF172A40CF0497198746D47E
cmp79C51DEE230EC1D08BD520997F394E62,{98E29061-AEA4-5EA2-8A7E-D034EADA9EDC},dirCE34924783DBBE10364F4DD97D10360C,256,,fil6F51C4E49024AE1C63C5FA5D01C25EBB
cmpC0868DFAC336A55488F08D6A8E38BCF8,{2E22F023-B90F-52E5-822C-B65B997E67D1},dirCE34924783DBBE10364F4DD97D10360C,256,,fil4161F322C66F174B25D764D4E308C39E
cmp632504259BDCAFC29BDF8280ED4F9A66,{73E15F36-DC7F-5E84-9ED0-03D3482CD2CD},dirCE34924783DBBE10364F4DD97D10360C,256,,fil480583C047A0BBD2F8A571907C55720F
cmp9B8DC45D3E190B0025699CF380ED63BD,{A8628DBD-7745-5FD8-92D0-393381A9EC1F},dirCE34924783DBBE10364F4DD97D10360C,256,,fil477DC49DE7612A8EBC98F67BBF2904EF
cmp70FCDFA8D02CF3A42738F094D7C5BF86,{EFFF00DE-BAB7-5525-9F03-1DE397E46C51},dirCE34924783DBBE10364F4DD97D10360C,256,,filB5F97E31E8F390A56C6AAF9C736D00F6
cmpB96A4D0A1073486D11B22B7E9CC28BB4,{F26F0059-1A5C-5DB3-BDB1-20EDE2FE57FF},dirCE34924783DBBE10364F4DD97D10360C,256,,fil1DA5C591D2D5932B645D12D7B83F4130
cmp26498D61A4F639318B854AAC83C4A94B,{55DCE593-B77F-5EB4-92E4-7FD3FA6FBDEF},dirCE34924783DBBE10364F4DD97D10360C,256,,filA794AC3257E1F2BF89C0051C2238BF09
cmp7A430447D6F7BBE186091C94A7145B8D,{FA5447C6-CB64-51DE-9B04-D2770E18A1AA},dirCE34924783DBBE10364F4DD97D10360C,256,,filEE51DBC071DD70AADEE93CB86C95F2DB
cmpF444DAB396F4BB0372E15DAA801CABCD,{5D3BA21B-C7A5-5537-9894-FDCCDA7B6352},dirCE34924783DBBE10364F4DD97D10360C,256,,filA3534E9432C038C72CFDFF45A861DBED
cmpE9048898243A708F8BCA9FF03BDDF015,{DFAE34E9-B7E8-5323-BFD1-1C15661500DA},dirCE34924783DBBE10364F4DD97D10360C,256,,fil4D07B3D611ED4EEBD589CDDA872134C0
cmpAB0C2E9225A2B7436ED147123273C521,{82A0D8CB-0A9A-5FEC-8FCD-E879777B6852},dirCE34924783DBBE10364F4DD97D10360C,256,,fil5E2991D4AF4E9669FF1059C3CFA8AD91
cmpBF694B62CFDFC490991F1DAE7814B5D6,{16BCFFC5-90C9-59FC-85D8-72FA2E226E9A},dirCE34924783DBBE10364F4DD97D10360C,256,,fil083532FA9EDC6D4138B2400FF0546284
cmpE1C4A9B6E8A4B4D82D33AFB98CE5CF34,{199C4591-C1D4-556E-B3EB-858C4E184ED4},dirCE34924783DBBE10364F4DD97D10360C,256,,fil716A0A8D82444EAB2917DE0959CE9F14
cmpAC0F0BD16164D00B930E28F61BBD6E51,{B8821AC2-7D77-549F-B079-8A699481AD8D},dirCE34924783DBBE10364F4DD97D10360C,256,,filDBA121A60813A075FE1B96C78FC8F73A
cmp66C58A601AA7A34BAA9F82B682C4F88B,{3C37E953-579D-568D-BEFA-354944959F52},dirCE34924783DBBE10364F4DD97D10360C,256,,filA7CF6AF145DB6D7B54805DD11CE6AF24
cmp995D81C53BE76FCDBD8CAC6EB5CB20C1,{9278634E-ECDF-550A-9A01-F68FC3E1035D},dirCE34924783DBBE10364F4DD97D10360C,256,,fil6239BC89533DCE0BEE1FED43D1308F10
cmpC973659B8184B13B93C171C27A3F0224,{DE05076A-F8BF-57C6-B10B-7E895AF39C7D},dirCE34924783DBBE10364F4DD97D10360C,256,,fil331D0C7432D12255ADBA8DB25C362126
cmp2C6A90DE3C2DAEEC972D65EE8C89247B,{3CBB11CA-5C85-5B2D-AB1F-3D0CDF496288},dirCE34924783DBBE10364F4DD97D10360C,256,,filDF99BCDF728C0FD7621B5A527CFC90DC
cmp5E2A4D6EA952E3F75BA14AC2409B0A74,{D760B846-67D2-578D-889A-027559E3BFD3},dirCE34924783DBBE10364F4DD97D10360C,256,,filB867CEAD6C8C212EE3F284FDA149E967
cmp727D5B50F319C88762C59CF6B3E4F159,{1BE3E06F-9852-5A69-8886-54B40CAC6A1B},dirCE34924783DBBE10364F4DD97D10360C,256,,filA11606843C623F7CCB9E2BE6F09B2701
cmpC63764C0EA9860865BC76C606F7E4D3D,{0B0623A2-0E68-501B-9CD1-CC144840CAD1},dirCE34924783DBBE10364F4DD97D10360C,256,,fil01EB9C6CCD310F3781A52BB6C4A71238
cmpAED3558DB86C3526CE67F2ADF4E7D59D,{36A2839F-ADA1-59CD-9F82-C3210A8EB47F},dirCE34924783DBBE10364F4DD97D10360C,256,,fil477EF9BB0CB12AE19C08B84DD412F77D
cmp3A8579D97B6AB150D60962D3598D59FB,{86856BE5-2CFB-582D-875C-EDBDDB2A4BC3},dirCE34924783DBBE10364F4DD97D10360C,256,,filA79F6D826664B0A1758A299CDDA5627D
cmp37D23B1C9AC923AFC0FF711D71DD2EE5,{3AED09EC-0299-51CC-B65D-5FED4B399CCA},dirCE34924783DBBE10364F4DD97D10360C,256,,fil12544E2F50525F297AA69ED3B04DB4F9
cmp80C3D523BD5CAC505630192370DDBAB8,{B486D1F9-C5EB-51D6-91BF-283090858CFF},dirCE34924783DBBE10364F4DD97D10360C,256,,fil4A83FEF6698CFD2FD83B79FAD8339DD9
cmpEC374E9EFEAE13EF49DF95AAFCA452BF,{13D4B9F8-DC08-525C-8604-07016E3784BB},dirCE34924783DBBE10364F4DD97D10360C,256,,filA08687EF25C9C7BAEC3FABDF96CF6E26
cmpEFF0B0EB40B26912130D093D27A924E2,{7A681BB3-D32A-5402-BF68-FC217CFD5939},dirCE34924783DBBE10364F4DD97D10360C,256,,filCD8AE50690369FFC8431BBC53EDB5B14
cmp50CD7C0C8153B3B7C1C5C5F62F10CFAA,{D638B5DD-01CE-5573-B666-052F70031E14},dirCE34924783DBBE10364F4DD97D10360C,256,,filE30ECA94928A369D8A07AE526D399C8E
cmp41585F6CFD8F1327888E83AE016B8770,{C4067483-4F0A-5321-BA91-434D8B62834A},dirCE34924783DBBE10364F4DD97D10360C,256,,fil3FA35825E2AC55585EB9D9CD6BDE781F
cmpB0DCD212084BCA557E9842059E9878A4,{70D999D4-35B2-5299-972D-CB14BD39A0D8},dirCE34924783DBBE10364F4DD97D10360C,256,,fil8991248BBCA9B8E8D59BF36FC8E4A013
cmp402FB1D76A0FA32526E352A62E292D5B,{4A720BB3-F64B-5AED-95DD-122285BB3E87},dirCE34924783DBBE10364F4DD97D10360C,256,,filB00E9F01C1596EADB0CB77CFCE8BD7EE
cmpE7588CC0573F76E8C424993F02A9A567,{77A3783D-7A7C-52FF-9747-01F4007D588F},dirCE34924783DBBE10364F4DD97D10360C,256,,fil6A4CB09BB6F0F0E5E790B3CA23D4F4C6
cmp491575AE457C95B4D81F97A079B5CBE3,{2CF00428-A673-50E0-A5E4-4A106ACC5801},dirCE34924783DBBE10364F4DD97D10360C,256,,filFDECB37CAF004AB2543D0DFE2023987C
cmpC00BCE8329EADD50FF220CA734CAB768,{4D002DE9-5228-52C7-881E-796001E89550},dirCE34924783DBBE10364F4DD97D10360C,256,,fil28AF30AC688D5EEC988E7A116287BF7D
cmpFA45863977622E7E4EFE8D626C2B4538,{8E5574BB-F418-5373-A351-0148999E78FB},dirCE34924783DBBE10364F4DD97D10360C,256,,fil89781E22D4456323E443AF109E22A891
cmpD81E4357BB1297D028F379705AF66730,{D1FC7278-2B69-556C-A898-1D611AE73BD4},dirCE34924783DBBE10364F4DD97D10360C,256,,filCCD1CEBB13204223CFCAA59E205E526D
cmpC43C264EE74D6E2D52C04FD9FAC80ED8,{8C1381D0-1C99-5D57-BFB8-D554ED2B208F},dirCE34924783DBBE10364F4DD97D10360C,256,,fil9B4EADD9D8F54BB303764BFBFEE2AEF0
cmp2937FDBD31C0FBFFA1F71D4B939A8AB1,{2B26AA91-FCCD-555B-B521-57929F690A76},dirCE34924783DBBE10364F4DD97D10360C,256,,fil809300C1B85A47D0217C8835881BAA67
cmpF9803B223D409503141ECAE89DED9DE5,{76A6A692-5529-5993-8AC2-F64157EC31C1},dirCE34924783DBBE10364F4DD97D10360C,256,,fil44EE3049B40BE83A7B79AC02D942B64F
cmpDC4B9383686C90411FE31A80D6895A36,{A2C0E9E4-F400-511E-A28C-D9F6A0F9E947},dirCE34924783DBBE10364F4DD97D10360C,256,,filF4AFA23FF5574D6CC56C7E4E02EB22B7
cmp46F6E09CAB3A061B981CF5590C14BE7B,{BAFB35D7-6B0B-5B47-A5B8-368BAC0CD62D},dirCE34924783DBBE10364F4DD97D10360C,256,,fil99361E03CA52FC0886E0E2506CE80079
cmp2259BF1A8273CCB21962BE4ADACF9742,{17299568-DF77-5030-89BE-573190B41A58},dirCE34924783DBBE10364F4DD97D10360C,256,,filC50828D40F5675FB32349088FF262F97
cmp3F3F9F62CFFB65F7EA84A08BA58D8035,{A8E6F652-937B-549C-8089-05D39B07C54F},dirCE34924783DBBE10364F4DD97D10360C,256,,filA3D0CA34F98E97F063CE6FF7B42B29ED
cmp23950E824E2B875BD8FFA1BD8533C3F5,{F4DF5A7C-3C7D-5B77-9D3D-96D092FEC183},dirCE34924783DBBE10364F4DD97D10360C,256,,fil5EE48F933B88C643FB86AC940050265A
cmpEE848895BF01CF87B44E98C681CBD295,{35CEDF9B-4A2A-5BEA-B39E-535D0F3D053B},dirCE34924783DBBE10364F4DD97D10360C,256,,fil574C85C018E8BF0C7668837DB64389AF
cmp64B0F654DD72C577BBB2CB8D24D57EE5,{2647C1FD-D238-59C6-8F8E-30CB82173A72},dirCE34924783DBBE10364F4DD97D10360C,256,,fil93F3ECA7FEB212423E68DEF3E9979CD2
cmp7B6517DFDA006C707814F06DC60A99CB,{AFB2FF35-CEF2-596D-A7F9-0E8397213B95},dirCE34924783DBBE10364F4DD97D10360C,256,,filC4FA51BB167922BB4E2D4153C3AFCA7C
cmp894ED5E19BB6F8D90E8BCEFE4EA00CC3,{1C6880D8-AA39-5D28-82E9-6C965CED0707},dirCE34924783DBBE10364F4DD97D10360C,256,,filB808D5EB363D1F9A120FDDA533FC7160
cmp067A71205B6D7E13A6F3F3D5EFCA5A91,{F39F5734-271D-503A-8080-9FF0A1D82EE2},dirCE34924783DBBE10364F4DD97D10360C,256,,fil017611671464AD7DBCB257BC29A62F40
cmpF5E516EC24F2CAFBFD5809891F13D2CE,{7457245E-E248-5822-A507-D2D03E7AC0AB},dirCE34924783DBBE10364F4DD97D10360C,256,,fil80B4DD7F2724F73B23608E503AB20AD8
cmp5E2E044DBD7D7E7711D783A1735E83DB,{A7B0BC33-0ADF-59BA-B8F2-D574F8918E77},dirCE34924783DBBE10364F4DD97D10360C,256,,filD6EB79B533A65E09317935EE3100F1AA
cmp2CC8EC48C293ED8BD26DAC49605432B4,{DCF2489F-EFE9-5242-92E9-16D5326269A7},dirCE34924783DBBE10364F4DD97D10360C,256,,fil5B739123481E44B504BD7F4D813C143D
cmp6231B98133D1897CC545686B7936784C,{8DD8EC7A-145D-5225-A041-F5BD332F5752},dirCE34924783DBBE10364F4DD97D10360C,256,,filF3A78A7A78E02C4BFE1DE23BF1B934EE
cmp55C60E0620D70E3DE7ED9A80559BE82E,{0338D6B3-664B-59F3-B49E-6B2F3AA16618},dirCE34924783DBBE10364F4DD97D10360C,256,,filFD4B0CC56A10A0D5904D24604DD2A505
cmp0F314ADF2EE277571A83867FED7D8EA6,{42CE5837-F4DD-559D-BE7F-F7FFCEB9A40A},dirCE34924783DBBE10364F4DD97D10360C,256,,filBE3274A595CA96AF67A87D0354A7B727
cmp765E7CACDABECC4903FE8EA4456DF2B9,{74966EDA-04BD-5851-BC09-F28AC121F747},dirCE34924783DBBE10364F4DD97D10360C,256,,fil30EC87CFEAD481A60D7268BBC5D8147E
cmpCBC2138FB2059FB29A08E249F427D8D2,{FB31B4B1-C6B2-534E-8355-128411866B7B},dirCE34924783DBBE10364F4DD97D10360C,256,,filE809FCFCF0ABD8B0EF9679D18A156D44
cmp3BA269618A23B72CF00BEB065C4863A4,{00C5CE64-F9B2-502B-B426-93E1C80732B7},dirCE34924783DBBE10364F4DD97D10360C,256,,fil1A3751C1D2F4A437B654E6A6AB90DC92
cmp78C6F042740A6C3FF3355EEFD200B7BB,{E01C5110-B1C3-5A02-A764-9B2BEBE4571C},dirCE34924783DBBE10364F4DD97D10360C,256,,fil35E4FEF2A3B7F375DB6BEBA790532138
cmpC32FEC2B15B3ADF500F57D2413490CE0,{CC10A47E-CFFB-5126-A1B0-0118A62753A1},dirCE34924783DBBE10364F4DD97D10360C,256,,fil9F84EFA5F6BC1F9D030B7CAD088A6810
cmp6BF2453ADC4E2EEA605C4DB67A595B9C,{66A50CCF-7EEA-5728-A6B6-14F1CF94C57C},dirCE34924783DBBE10364F4DD97D10360C,256,,filA1736FE060CE570FEFA99516D9B71929
cmpDE5B919BC848D0453CAA1358D6AEB1DA,{17BCF1BD-C5E7-56BC-8DD7-6E0500E84114},dirCE34924783DBBE10364F4DD97D10360C,256,,filBA056D894FD20951DD60FC92621125B9
cmp5B88B0B03C07A7ED2D985CD4C743EF6C,{D6386719-3D4C-5652-9A55-73C38EE5921A},dirCE34924783DBBE10364F4DD97D10360C,256,,fil900AF94A14D4B10B8A4CFAF6B2CE7339
cmp33625E2EC9ABBF8C30B7ABACA9C4F39C,{0437A423-3B85-5126-9856-174C0B09AECF},dirCE34924783DBBE10364F4DD97D10360C,256,,filE7A6C4843FEFFE4C866C01D39D91047A
cmpFC7BB36984DB58A7FBAA0D6F867774A9,{BCD9C86C-27E4-5B22-BF60-3168679646A0},dirCE34924783DBBE10364F4DD97D10360C,256,,fil38C0CECB34B12760A2AB3A1CA8EE8F0E
cmp7FC451653BD798A56A72731F48FB1748,{72233B0D-4901-55E7-AF98-8948B1F00CC5},dirCE34924783DBBE10364F4DD97D10360C,256,,filD2E021F311A1E3C73CCC51A4A14BEC94
cmp43CCD42724E8F5EC5A4ADD6E32464E0C,{36D86013-AB2B-54ED-B591-7E146D52D8AE},dirCE34924783DBBE10364F4DD97D10360C,256,,fil94D85914C8EF576359CFC6665E8E22E9
cmpB54B1B4F41C9A039CFADB7DE6CCC8C2D,{6B3CA3F0-EB4F-5A90-957F-CBEEB4288C65},dirCE34924783DBBE10364F4DD97D10360C,256,,fil74F7879D83FD8F0EEC0E29EB1E986492
cmpE126F1301DD6CF5E930C6BCAD910F5C8,{2514A654-79BD-55BC-AE08-5190C8268CDB},dirCE34924783DBBE10364F4DD97D10360C,256,,fil04338D89C59C0DEA0F82DA0F20233DDB
cmpB9F88C695C8D34E89D527D30903E7CD2,{23620968-F63C-54EE-B14E-07ABCF25F6BB},dirCE34924783DBBE10364F4DD97D10360C,256,,fil7961079ADE6DC0C235EF3DA7DEB0A156
cmp50FB012B78B2F5C7D1FE341D0F8E22A7,{D670FB6C-5ABB-5A26-B395-919E13CD66B7},dirCE34924783DBBE10364F4DD97D10360C,256,,fil2297A4FCF96B48E6A7A8A6EFA515C8ED
cmp9E8E6367520EE9AA677A888A22496273,{8CBCA26C-086E-58A4-B00B-CC25D756BD33},dirCE34924783DBBE10364F4DD97D10360C,256,,fil8BD181D8B820554012120BA62D9423C1
cmp4642394C373CD99E9BE05245E18C6100,{8ADE1E56-63AC-5BBF-82D9-34A52AC81A8D},dirCE34924783DBBE10364F4DD97D10360C,256,,filAAF36B146E696F3CD411D53A583D090C
cmp3A5D5A28264BEC4B273BB7222863E94D,{43A7A153-5DA5-57D0-A77E-A07F6EAD892D},dirCE34924783DBBE10364F4DD97D10360C,256,,filAC6E0C0B0F40A74BB73E6AF3E394266E
cmpFC14FC6409E38D7754D6D43A392BCF42,{DF836B81-8E89-5D30-9B64-4CE7189E6ACE},dirCE34924783DBBE10364F4DD97D10360C,256,,filF12170D641F26C1C01676A3FF4C1632C
cmp35C669DD266BE8AC632CADE421370F00,{BCF02A98-0D6E-58D1-B790-544EEE2E5E03},dirCE34924783DBBE10364F4DD97D10360C,256,,fil21B2EF01B01F37EFC741E704980BEA5B
cmp5F28A9471145051D31780B316A107EDF,{2AC607B5-A1CB-5DC1-8C93-C00F8BF44438},dirCE34924783DBBE10364F4DD97D10360C,256,,filC8D6DF6A78C30E7AEE5A5DBC839721CA
cmp98FA945DD09A23FA3292EC6230DF37CD,{642FC5FA-7A4F-532A-8597-3F3E70A357E5},dirCE34924783DBBE10364F4DD97D10360C,256,,filE84D5E32C430C11149FE7B51EC2BF90C
cmpB3F87C83E8F642F0509DD78C2FDA981C,{77748B72-CFC6-5C2B-A374-865F1F73E470},dirCE34924783DBBE10364F4DD97D10360C,256,,filD9DC3BCC1B2B7CAF2F1B08DA6087DA4F
cmpE186B2EBAABFADFB1A74DF18A2E3BBCA,{2D65CA71-D0F3-50AE-89D5-E8089BD5F8E8},dirCE34924783DBBE10364F4DD97D10360C,256,,filCC83F4D2EB022A4479D113D07E467422
cmp0446EC813222783292CFBC05FA8D9408,{C88F553B-07B4-5842-8A6F-BE0F8BB8FC74},dirCE34924783DBBE10364F4DD97D10360C,256,,filBD8DD501CC3ABCAE4837C4D9A3A3645D
cmp4FB65DBA6D31A275DC00E92C3DFB8861,{C59A0113-075E-53FC-BAC1-E443E6E8ADB5},dirCE34924783DBBE10364F4DD97D10360C,256,,fil7E4C2895CC73BA32DA2FD93FBB5C44C9
cmp058C48883BB2F7A2B41B3EE671A398DF,{19890814-E41C-5275-A910-1CA44A665190},dirCE34924783DBBE10364F4DD97D10360C,256,,filDC573150B746FEBCA3D929C5A0F2EECA
cmp5154346C1D56B0C4C71DE5CBFCCB263E,{C52CAFD4-17AA-5660-89E5-B0FB82190BB9},dirCE34924783DBBE10364F4DD97D10360C,256,,fil2206D0145165ED9420EB27E136D2E683
cmpF1CBEF2D80CEC91731D118B0BF54C004,{8D96B9F6-4AF4-5950-8C51-1906C3CC86FB},dirCE34924783DBBE10364F4DD97D10360C,256,,fil24F953F1441A2ED82C22A8E39F78D98D
cmp18C6DA5B32E3435A94B1BEE6E280F9F3,{01ABED4C-DD74-58CD-9C24-E6F95343E09D},dirCE34924783DBBE10364F4DD97D10360C,256,,fil5A6399F010D6A8B44A5A71B25A047ACB
cmp6327F796DE6E9F7035623D6B39B5EAE3,{F3294C79-B258-5CA5-867A-7D523197603E},dirCE34924783DBBE10364F4DD97D10360C,256,,filAE66002942811951B23A996F98FA9852
cmpE785814B85A2C2B27C594C733041362D,{0DAC4515-388F-5AAD-B479-2A6C4A14B531},dirCE34924783DBBE10364F4DD97D10360C,256,,fil3E4E5F19D7516990300CAA0E2D4A2B96
cmpA5302BE8663AAB4D7B29F49D93DBE342,{6CF6AF7A-150B-56CF-88C2-B9769BE5C021},dirCE34924783DBBE10364F4DD97D10360C,256,,filCE611C8833E8056E001DED45E7153959
cmp5B43115B445DE8626B05D6765D9468F3,{2C6EAAF3-A120-55DE-96EC-7C60D5A3B56D},dirCE34924783DBBE10364F4DD97D10360C,256,,fil8624B17BEA0D5655805546440AC8A45B
cmpC601896D903A53EBA8037FE283B43BA5,{BACA9F1E-A1D0-5B76-AF12-A974E9FDD5CA},dirCE34924783DBBE10364F4DD97D10360C,256,,fil51B8F3FA38C82068A60D6673725324A8
cmpC6BB2AF48B3C87D18D1F59CA966A3886,{7EB1A7BE-CC0A-5A38-825C-CBE4753D8142},dirCE34924783DBBE10364F4DD97D10360C,256,,fil0DC7A3DB191710E40285154C898A060A
cmp74F5185CE41E914E949BD496B7F71747,{C136145E-2C59-5C4C-BD90-172FEA556EBD},dirCE34924783DBBE10364F4DD97D10360C,256,,fil01CCD67653FCD1730A1101A04D842DDB
cmp8441C1B8FE32E3FC1AEED0CDE19F758D,{8C7DB96C-EE95-582F-9E44-DCADE05A06BD},dirCE34924783DBBE10364F4DD97D10360C,256,,fil9C95041E9CB3EF2CAD221D5099E378BD
cmp5860A95AB6A7499831EE126440A07E87,{BB28D86E-B5DE-572E-A2F8-8765DE457FE8},dirCE34924783DBBE10364F4DD97D10360C,256,,filC5666097E32DF90AFF3A908552488DB6
cmp7AFA78FA61A760D7AE8869F974499061,{40327CA3-8B3B-53D7-AA54-8F2DCE182BDF},dirCE34924783DBBE10364F4DD97D10360C,256,,fil16C56442D38F2AEF11C227BBBED406F7
cmp73525711790577A57E5F68F87AE3CEEC,{3FCCB15F-D114-5D0C-8070-4F851B37C028},dirCE34924783DBBE10364F4DD97D10360C,256,,fil342B050B917DDA7CBEB9AF9B7963FBE5
cmp72C86115D26D7B8C63663906DAC534D9,{984E60A9-42E6-5739-9996-9224E151E6BB},dirCE34924783DBBE10364F4DD97D10360C,256,,filD76E76E0951429EAC9D714CF94B60EAC
cmp2B71624730CDE76999B1141F8109B6C7,{F0B973CA-4491-5707-B325-CFEE9FCBAF50},dirCE34924783DBBE10364F4DD97D10360C,256,,fil8821EBA55210CA44115A3D8C1DCAE273
cmpBEF5B2EFB26A8BC26B83113CEA91C68E,{C63CEC17-A291-5B41-BCD2-DF8D53727C83},dirCE34924783DBBE10364F4DD97D10360C,256,,fil76620606903810F7B58731757D59CCB6
cmp144E608333DD33B9F5ECA3F26BB81D5B,{C43B4ABB-910F-5C83-A52A-764B0419F4BB},dirCE34924783DBBE10364F4DD97D10360C,256,,filA4A94687F9C7BFF187FB6115DCA33BF6
cmpB94D0691E7388D1764DC4B197FD54403,{3F9716FF-7D69-5A9A-B979-EE71AD5CE185},dirCE34924783DBBE10364F4DD97D10360C,256,,fil080D05A967CBFCACDFCECFA53019CD18
cmpDD91D643BD2232E0218ABB4B8E5591CF,{9046E308-42B2-53ED-8A5C-9C327FF6E61A},dirCE34924783DBBE10364F4DD97D10360C,256,,filAA64D4D2042DAB7E70F8A9E373FAE1B2
cmp5066F484D6DD7E9FE84AC72DC8756DCD,{C23A1647-202B-5A61-BB8B-00901EE62485},dirCE34924783DBBE10364F4DD97D10360C,256,,fil18EE223FB85A4F00168EC3A28A9AFC5A
cmpC6F5313E8CA0A777D544BF74E7F445AB,{98EDB7D5-4FC9-5C97-AE60-05B7898EC8F0},dirCE34924783DBBE10364F4DD97D10360C,256,,fil59CB14800E7CCEFD96EE42C812078719
cmpDD12FAB3280FC1A6341F1223782407B7,{F826FF60-82EC-504F-B310-A1C23F7964CA},dirCE34924783DBBE10364F4DD97D10360C,256,,fil681868FB0FFF6773E91E305DDB042E77
cmpF44F9406E278FEB912447416B16C7797,{D6F035D7-0791-5D36-B04A-50672316658A},dirCE34924783DBBE10364F4DD97D10360C,256,,fil70ED3E79125FB9AF4D2CB0312BEF4A19
cmpB7001434C7069E0B206A1ED4778200DA,{1EA15798-1F88-5A97-8FD6-B71DFF5BA86F},dir2936F603B8A4EB13F12F19F7958441FF,256,,filC333C617C7334FDDB98FCB7391B246D2
cmp05647D9D7DF3FD0B1F629AA8479A0ED4,{76A689E8-457F-50B4-B420-53DDA2018A22},dir2936F603B8A4EB13F12F19F7958441FF,256,,filCA622370A135B185C6EE528B925596AF
cmp68E54386A35A8C121871D059BD26DA0B,{8BDE88C0-0114-5301-886A-912115BEC45F},dir2936F603B8A4EB13F12F19F7958441FF,256,,fil236CF19DE58DDBFC6A64D94AA47E692E
cmp91EAB2E20CC47C314F5878BC40C2B37C,{514BD9DE-2657-565F-A420-38F5BD990BE6},dir354BB9191FE1B85E0262F2824C671B31,256,,fil413F528E92F34CB5CF2069CAC8440266
cmpDC4B93B2FA4996FA3406AA4C4871F4B1,{7A3AF10D-84C2-5CD5-B095-9A3F5DA57C8C},dir354BB9191FE1B85E0262F2824C671B31,256,,fil52BAC4AC7D76A04811AED695EE57B3DB
cmp60589FDAE3BF9EC9D48867D77332AC90,{4AC600EF-2654-5533-9D9D-EE56555A59FC},dir354BB9191FE1B85E0262F2824C671B31,256,,filD64D64FCF800919E8B6C2B7572565C1C
cmp0B22D28CD14575E14FA4650D7B16F616,{195C6424-903D-5105-B30A-A1BE03F57B87},dirF5218062B9B6EB3A31C3B92F7893BB2C,256,,filE792186646CA8F20929A1EA125D8A892
cmpEAE13147832E537D7E3E5B43598AA83A,{5F0F1477-7D4D-522D-8F34-771E05FFCCFA},dirF5218062B9B6EB3A31C3B92F7893BB2C,256,,filA01C235EB9846D7DAFFDFE4B9B8AC26B
cmp88C82A503A2C0835A0EA69446727499C,{7DAF1277-9D07-5B28-A838-A8061EF15FAC},dirF5218062B9B6EB3A31C3B92F7893BB2C,256,,fil7AC40EF6F72A9B4E879D1D6DFED048E9
cmpE7A2F9C1866020263FBD81318D7C14CF,{AC8BE75E-2001-5E91-BB9E-33828624B809},dir4550D4F2907BCF86D9D4297248B1B518,256,,fil9B0959276EB6EDD0A2C0EEBBE5B33B46
cmpBD9FDEEEB2C84EF325969193163B5C35,{0DA7F8E4-F09D-5788-90AC-F3534DBAC1D9},dir4550D4F2907BCF86D9D4297248B1B518,256,,fil69E6E98DC9FC13B434C7FA09AF753B9F
cmp2D808E9D9E5B41DDA3D5C842FFE1B207,{2C3B8586-9E98-5223-955C-764E7D0AB725},dir4550D4F2907BCF86D9D4297248B1B518,256,,fil0E3BE89BFEC08C9F4A86DE9CEC92AC74
