Feature_,Component_
Mis,surfaceinstalleula.rtf
ProductFeature,surfaceinstalleula.rtf
ProductFeature,cmpA0F75245F73DDC41EA13EE77C8171B6B
ProductFeature,cmp3E00120F991508E09B5B241C372FE0F2
ProductFeature,cmpE3C6992127D4547AD3BD8E186C5C2D12
ProductFeature,cmp7CB56CC670BD1554F5A94FFC0258C149
ProductFeature,cmpF511721137F5DF882FFCAB95430116AC
ProductFeature,cmp405926B0BC8D994DFE09878E9101EB04
ProductFeature,cmp85D33A0038CDD4EC62FB1B2CA1C79963
ProductFeature,cmp83A5B84007EDA5939C76EAE1C0EF3572
ProductFeature,cmp952B0EE76E5D55EA561C67112488CFD4
ProductFeature,cmp03F9B12E628A4A941CF4D1A16FFAD502
ProductFeature,cmp554B460898E3FFC9D6C33A489FA6AD8A
ProductFeature,cmp168C8B83F00C371A81E1324F2CD4E7F1
ProductFeature,cmpA8C38FDBF853822CF3716CCFF44D7000
ProductFeature,cmp7B92E2C0865356B2F508DD61610BF815
ProductFeature,cmpDF77C122324482EF84A031A18526A9F3
ProductFeature,cmpE9836C186CF47658B47658C8AEEB5CFF
ProductFeature,cmp48AC70E2D4B26F4F924558D40EB67522
ProductFeature,cmp0856B54FB8976AFF52E062BEA0162205
ProductFeature,cmp2A2337EECF28A4C3EA9F31C6FBF1B1CE
ProductFeature,cmp6FC01605C10BB6EF77A32FD940409B78
ProductFeature,cmpAF90639931E551DDE9C8B7F4D9344E78
ProductFeature,cmp65DD246611021B2B08284BDC21900F91
ProductFeature,cmpC87999B294C69998034B777FA664DFDE
ProductFeature,cmpBE7412AE4535BB234C6C064AE8F4E97E
ProductFeature,cmpDDE9D4ADE7AB1C5499E2CD54A97EB796
ProductFeature,cmpEA96F20B69CBF8F518C7337F923FD65F
ProductFeature,cmpB6B425DC200EE608DB7EACE90584B08A
ProductFeature,cmp3A3822FCF4001091CCEA36389E3C244C
ProductFeature,cmpD6D85BF3BCB9F578CAC078B1E462B585
ProductFeature,cmpDC780022C912AFA5DCB3C460400F0385
ProductFeature,cmp7A2A3DF720F85F8F16F0AC9088924308
ProductFeature,cmp99A6C9296180AEB623D558A70326C289
ProductFeature,cmpFF343C2C1D544E9B932F762DECEC6DCE
ProductFeature,cmp49E3307FE82A25A9E372908258D4768D
ProductFeature,cmpF98ED31FABF0BCAFBD1FD40606744E9F
ProductFeature,cmp5DDB80D8913112F11C7B6E43DDD0DFBE
ProductFeature,cmpA80085CB19EA2044EDB9D91032D13317
ProductFeature,cmp2CD8163EEA8686534AF6134E8BF21BCD
ProductFeature,cmpE5E43D6E7BFDFF18507D529DF3F7EC35
ProductFeature,cmp1315646386EA9BC15EB620D18B551ADB
ProductFeature,cmpBD585569C179AD2B4850C7388E31B9B9
ProductFeature,cmpCEB5EC2AC0267B24BBC82F4F84AE2DE1
ProductFeature,cmp73664963B8E32314731BB594AF94E9EA
ProductFeature,cmp0CA82FF3AAC95BEF931B6C9BD2C9CCA7
ProductFeature,cmp178951055D3E53D59C960935B424244F
ProductFeature,cmpE7020B36FC20105E79D255CEE83EAFFA
ProductFeature,cmp1934DBE15C3B8E91A3A562D9DF76B960
ProductFeature,cmpBD838614AD9B325454A26528C4F068D0
ProductFeature,cmp8941880762FDCB44F69F9DFA76CE74FC
ProductFeature,cmpEEBC81A5BF35A049A67AC30F7FB67335
ProductFeature,cmp83C4BFD4E87248B66F2F80F6345873FD
ProductFeature,cmp0112B3006B9C05471EBB12E2A69DFD5A
ProductFeature,cmp56AC536769F24B6AA24F71DAAED14DCB
ProductFeature,cmp3385618FF674E59252A16BF9B48B6BB2
ProductFeature,cmp288951C55F5D626133356A9DBC3D7EF9
ProductFeature,cmpC49AF77B5D817D033A32F82B2BF1FBB8
ProductFeature,cmp222D6F0C4BA11DEAD7C47AC71D2AAE36
ProductFeature,cmp7F61B6712FB0FC27DD4514086920378C
ProductFeature,cmp2D0937528DFBF8E525879B11BE6CE342
ProductFeature,cmp3D216944AAFCEF2C738DB30CA8B0F285
ProductFeature,cmp8E9D31D4EAA096BE3B30B2BD03420541
ProductFeature,cmp53EB9E5968DCB9ECFF99D08D7B1CC825
ProductFeature,cmpB8AE757F52B29AAA733CE7BF0D941266
ProductFeature,cmp2CBAA739A73351E8A44420D2B85A8782
ProductFeature,cmp82AA23CD2C62E344784B5E3179A11E6F
ProductFeature,cmp33842318B883544B5F7B7E4E9ED7E3C9
ProductFeature,cmpAD55300ED6AE8A05697072080BC582AF
ProductFeature,cmpBDE16EA5F1EA4A7672B224580A744650
ProductFeature,cmp09ECF40007781ED045A968FF6D504527
ProductFeature,cmpE608529EC9CF17FD74CE27FC023C1CBB
ProductFeature,cmp69A92193AFE5EB201759B51DE8416BD8
ProductFeature,cmp66708EE24174D17FC4D8B69C6648CC39
ProductFeature,cmp284F9719E6C2ED4BBE283371FBE36C3B
ProductFeature,cmpB4129996C494E84E5F0153FE6A79C463
ProductFeature,cmpEF4C38350E6E27441B67389AC03DD233
ProductFeature,cmp585ED5A7B518567222E2BAB0C171BCCD
ProductFeature,cmpD4DEF4B169041C48F66D15E03BD252A7
ProductFeature,cmp167F970DD8903C4A8D0419D75452C017
ProductFeature,cmp55008F8ACA57C4DA2FF81A8A62922683
ProductFeature,cmp1F92E7A53B96F4ADD81A09879122EE86
ProductFeature,cmpBE5F9FAAC9B79A94001AE4BF9EAB97C1
ProductFeature,cmp46AD7AA5F466D95FF549D942181076F5
ProductFeature,cmp7C4F9534E8DCB8FE5F23F0F6D00E6DD6
ProductFeature,cmp2660BFB3007A8495162FB49CE4DE2F9C
ProductFeature,cmpC4DE4CAAC221743E8E661D4AB06F343A
ProductFeature,cmp4D9717E7D3051131260C58DD22BBEFD5
ProductFeature,cmpB21866921AE60F85EA7F71C057528BE8
ProductFeature,cmp9E760C69F0257276C0ACE2D8F7E344B4
ProductFeature,cmpD9D84DCFFF396DF48866D8E16BFE5A90
ProductFeature,cmp5A2E96E2BC6450AA1736A4F906CBF517
ProductFeature,cmpC59B2999347F19EF8A0287E56AE5F7DE
ProductFeature,cmp222FE034830860FC708F1D41F99BF4F7
ProductFeature,cmp83D8FD9512712A118BEF53D17824577B
ProductFeature,cmpCFD149230743B3D6D1AFF4AC1DA94427
ProductFeature,cmp3C0F3FEAA76CDF96B503E2ADF6F051A7
ProductFeature,cmp5A449960BEC34ECB2C4822BA69808531
ProductFeature,cmp55203439534CA50C20417FF44081E9CD
ProductFeature,cmp4CB91C3E3FA98F19544B7D89DAC2666D
ProductFeature,cmpBD86C57BD6646F83E3BD8ADA8D69228D
ProductFeature,cmp121B5A123BD523F545D355835401E674
ProductFeature,cmp31FA08C1163A85288F212A0A4206BE58
ProductFeature,cmp5A81EF8CACB4EA162609F6F17725CF72
ProductFeature,cmpC6EA0EFD79B897C52F5440FEC2743713
ProductFeature,cmpA0BA894FD7C2689E64E9468F5B97EE03
ProductFeature,cmp747B43CFD28C59EC8CB4E1096E86247F
ProductFeature,cmpDA0E011BF8E8F473E2F3F9E127990A13
ProductFeature,cmpD2A5605C5309115DCF4C11BFD703A982
ProductFeature,cmpE596AA85000F9728F9C5501BC46460F0
ProductFeature,cmp9195AE7CFAD24931C948AC7380AAFCE4
ProductFeature,cmp88A4A2A12B84C5243ECD23DAAE359D9F
ProductFeature,cmpE9BDFA22CC75C776FD999EB9F8F9CD9E
ProductFeature,cmp8791DB4CC510D92F306803F57924F1BE
ProductFeature,cmpAE002477199080D416E6D525A0F2538F
ProductFeature,cmp7BD5EF506D6AC8524241453A230C9D9C
ProductFeature,cmp2A6FDC62DDB264B35756F283B0ED8EBB
ProductFeature,cmpFB51EE6686230B51CA54D8AE79CB9CE2
ProductFeature,cmp5B2CBF37630A3E565B8DDCB240431188
ProductFeature,cmpEDABE4832AC2FD73047B7ACCF1EC2B65
ProductFeature,cmpE05D70307CDAC551DC1FA63DDF1AC066
ProductFeature,cmp02CBFCF31F9ADA4DC3848146BDF352F6
ProductFeature,cmp8EAFFA292F390E541314746F3C62118B
ProductFeature,cmpC2441D48B4EF76B66EFC7738478268AC
ProductFeature,cmp27F8CF5524C1065B49ADFE027FE14D9D
ProductFeature,cmpAB4314149F50B0A04F851C86E757736E
ProductFeature,cmpED129968E31CB0BD6E531D2F0F5935B0
ProductFeature,cmp917324276EAB9DFC0C1039637319B616
ProductFeature,cmpE470E27D168D90B142A335EC9A9359D2
ProductFeature,cmpA24DA3ECEB4F73184E74D980B7EBCF93
ProductFeature,cmpEDCB752846498B34FFEF57285CAD3E57
ProductFeature,cmp0F27A2826C925790F84EFD757AD110C6
ProductFeature,cmpE6572C90D3B8634FDFCEA5A852D35866
ProductFeature,cmpB1A17557CA634DF9E4026C8E5EC09B86
ProductFeature,cmpA2A74619ECC80ACD231FF5A11216EFE1
ProductFeature,cmp920C6358CB5CB1AA997CAD691F05DBFF
ProductFeature,cmp86BC9DBAB73D6832DE2340A4CB1B72EA
ProductFeature,cmp54029201043E03CFA4A696A3BD8ED211
ProductFeature,cmp3C8F61E93F4761C4C53B4DD05269DA91
ProductFeature,cmpBF272122278F3F56D09016D05CC02D63
ProductFeature,cmp49BD48531666A0B9A9BF4B05D8450D77
ProductFeature,cmpC8F963488A6F8A5F552516375606CB6A
ProductFeature,cmp85E1B51A47F602483263A1FB6B312B47
ProductFeature,cmp796C67257157D01F3EC5D8A975249467
ProductFeature,cmpE638235A5711C09946F382825666A957
ProductFeature,cmp632D80B7530C54538B4D0E91448816E7
ProductFeature,cmpA832DE44D2237C8F27A901D760445778
ProductFeature,cmp9C44403BE0B538EF399C26C3004ACC4F
ProductFeature,cmpA62CF0515E221CA27F0B176226C94D83
ProductFeature,cmpA2A4440C195AC22E474BCE6EA302B01E
ProductFeature,cmp4B5C70789E05C9269FBD6FA7B2B2E779
ProductFeature,cmpE88BEF26C89DDC86D4DF2D01443C442E
ProductFeature,cmp10440A07BDACA3DCDE88D1915CB090AC
ProductFeature,cmp4F5CF6CA57C9BC86E5C45BC4F278D8DE
ProductFeature,cmpF8138FC8F1A862611F4C327FBD6AB0E3
ProductFeature,cmp11E2DAE9A7D44EEAC96A5914EA42A1B4
ProductFeature,cmp8918F61C78017BC1F6EDBA1283D6F82B
ProductFeature,cmp076F407B88039C89191918F4C33B97BA
ProductFeature,cmpE6063076EEC409F4AAD0B8E20B3D8946
ProductFeature,cmp36804E4573A76A33C104DBF56B655661
ProductFeature,cmpD104C1D41246235C689CA0BB2219CD88
ProductFeature,cmpE94EF13E846E878A096FE0EC14FEE3B3
ProductFeature,cmpED415A0E12721B18C1DD98B1408439A5
ProductFeature,cmp8828ED0FF399D813844648EBEA6C1A31
ProductFeature,cmpE5F0EEFAC132D1F5B116A9B5C8084FF0
ProductFeature,cmp53EA28086868EA959B4D7178852BB822
ProductFeature,cmpCE143DC548A79207CE54F0FD53FA3BDB
ProductFeature,cmp2942792271B3E0AA493469671C2AA00D
ProductFeature,cmp4E31B2823237D02429DCD1F7A2248C1E
ProductFeature,cmp90BFF00A149CBF317CBDD6C6006BE2AC
ProductFeature,cmp54CF13B98E9610514B2620A14C9F557F
ProductFeature,cmp2ECE60B45C2FDD9BDCA9D0A6D0605E35
ProductFeature,cmp76AA30D3F048E5035E3DEC0D1F3E5C6F
ProductFeature,cmp5D53B7A7214CA238FA8346BB161DE0B8
ProductFeature,cmpC56F5490BA7743B45EB82388D3BDEC77
ProductFeature,cmp74BA437FA11D2A2C267C097BE590FA60
ProductFeature,cmp1F28A4C9C05FA377CB57930AEB0C259A
ProductFeature,cmp6430B9552BE306C7E354FB18C2E6DAD4
ProductFeature,cmpB3543E57083E945516158CCCCE5DB03E
ProductFeature,cmp81C617453926173165F5E6975C84E29A
ProductFeature,cmpCE0761F85EFF9E9329AE9007918BB3BB
ProductFeature,cmp71E5B19332C39CAE0180DE1D4C47F112
ProductFeature,cmp14B5F5C6548858369BF6157653015E17
ProductFeature,cmpA59A0EF473D2B96A8B67CF4EB0F3872F
ProductFeature,cmp937A910E5C261E1FCA27FD74E427FFB1
ProductFeature,cmp48E14B22334EC3A19E2A07015D375E1E
ProductFeature,cmp102AA8CA16DF8F18F0553D6D50C2B53D
ProductFeature,cmp995831BE05BD475E099918AC9F250DAC
ProductFeature,cmpE367301C9A54596349B8BF92E3916057
ProductFeature,cmp07D60E7C5DFE561441ED27A266DEA08C
ProductFeature,cmpF5F5606EE57A122EDA3CC38BF11558E6
ProductFeature,cmpAF9C4473881C606F58B052A21CDCE9B7
ProductFeature,cmpDE9E2E7BEFE68339C35F23FD5E086DE2
ProductFeature,cmpDDDFDC3E1D2CED58CEE2A32A7B1CC9C6
ProductFeature,cmp9875BB9A3613A3E2B5A7F7C279791F2A
ProductFeature,cmp102E69C00E4192D4B4A476328C870AA8
ProductFeature,cmp3184A1CBD6B4330F87385F3E91BAC8FD
ProductFeature,cmpD2172B566CD7D0870FEC75E8C7FA0334
ProductFeature,cmpC50380ED4082F8A19EFEE6864985F2AE
ProductFeature,cmpD53C0257D065A32109CD1033460B65F7
ProductFeature,cmp9BF1B3F3817011487707C219439470EA
ProductFeature,cmp882C95CE08F554FEC894370CE17E087D
ProductFeature,cmp5FF817569C450535FE102A05F0ADEAE0
ProductFeature,cmp7E5566B2CB421FBA2FA8A66D6DDDB9B6
ProductFeature,cmp1A49318B59B8D463B8D6CBEA75F489DA
ProductFeature,cmp60DEBC3EECA50953E230567854AA0229
ProductFeature,cmp622310670F73845B3AA22D85423D1B3C
ProductFeature,cmp3820303E21B82EA902E38F7E62A68875
ProductFeature,cmpAF078E443B9021EE5E7763A041093952
ProductFeature,cmp59784A19498B663D9CCD2C6A460A511B
ProductFeature,cmpEA4E655C89AF39C08E5B846BB326078D
ProductFeature,cmpB781E356221DF5AF0681796853642ED4
ProductFeature,cmp4DBAB91EC55DC9913486878146CDECC6
ProductFeature,cmp87D97200B6BF851221DC350CBD141101
ProductFeature,cmp0367677D50F297A29C7FD424FB3BB42A
ProductFeature,cmpCBB3A87460171319263C982517D8D9CF
ProductFeature,cmp9CE0E9CC196EC2E457D945C52226757C
ProductFeature,cmp9824374E0053F2944FB27C72DB4ADA11
ProductFeature,cmp1061E017B0BCC8E2FECB2A9608687258
ProductFeature,cmp80EBE47FD6F7EDB5B7984B7F7F63C242
ProductFeature,cmpF6789BF1C156ABA952651A0174829E39
ProductFeature,cmp34B74F9F1A38428EC866C499D197FC44
ProductFeature,cmpD3083A3F6E9073A955F1D277A2A68AB7
ProductFeature,cmp4AD2180CDA2358E1710BF68DFB8026EE
ProductFeature,cmpCDECF8642BB371633BD1C1E6D737C6F6
ProductFeature,cmp397D0CA7AD0E6D36B4D0E16A8E0F19EB
ProductFeature,cmpCAF79D0F1B6EF96618DBA231A001BED4
ProductFeature,cmpC34F4635CD8F0407F81995F5044E4265
ProductFeature,cmp15FC1B4D1A7728A9EDE2FF7E331AA0D3
ProductFeature,cmp665C149D47B321C96E2844DE2F47EB0C
ProductFeature,cmp17AE6393C3AE9CBCCB8357A39A6FC52F
ProductFeature,cmp02B1A27748B84F2ED8EC8698EAFE9DD6
ProductFeature,cmpAEDAB3E4FF934C0B02FF02AC231367BE
ProductFeature,cmp49337BFCAA309C80DAA61924AD3FC7E5
ProductFeature,cmp454EE8AEE713119CD66A7AE80C19BE89
ProductFeature,cmp0AF3143C5CF5B11305098F6AB03C4E17
ProductFeature,cmp4389DFF96FA59A688777F66ED467AA66
ProductFeature,cmp3EFC6A9BD45F2F17D4554B4A763D4ADC
ProductFeature,cmpCE5266CCDE59A61E52AB017F682E8B14
ProductFeature,cmp25018E79C11D9E2430F1026925641887
ProductFeature,cmpA18EEEB10FF415833FF8528C85013DD5
ProductFeature,cmp29B91174DA7DE8C05DD04A571682252E
ProductFeature,cmpC14DA5394841A209C4422A5AE054E639
ProductFeature,cmpC223EC4E5EB4CD3259C02451CFAAE9BA
ProductFeature,cmpEDF724BC55AE5BD8793D711F4D210B3F
ProductFeature,cmp83E19094DE22D99A187D79AAF8623D84
ProductFeature,cmp9E20044E8F9EBAA85267597E4E8CEA4E
ProductFeature,cmp6E08B3190C6EA1513A05D6E68A9A0414
ProductFeature,cmp09FE9C5DF927D49CA3153B3719DFE0AA
ProductFeature,cmpD14B5855E7DA88855B6880AB6CBF1078
ProductFeature,cmpEC62CB52CED224025D5D59AECDBEB094
ProductFeature,cmp50421B37E650F19618D915BF57164905
ProductFeature,cmp9A478B910BD4AFEBBD63CE38503B7459
ProductFeature,cmpE9235212EFD75CAAC46BB0920CF39EEC
ProductFeature,cmpCBAD37D801994BF285A71773C4030DD0
ProductFeature,cmp74D386B5459F5BCE2DA9AEF8ED1968CF
ProductFeature,cmp7BA016EEE2434C9C9D52DF839B27F044
ProductFeature,cmpF0643723C757387566710B8E50D92C70
ProductFeature,cmp8FBE6ACDA523D676C5B2DDD71088212C
ProductFeature,cmpE19A78CB404677CA151697C37D8BEA54
ProductFeature,cmp758C348BB5E0144423AFB7A2A79174B4
ProductFeature,cmp5EED1C0854A58C3D1BF797F2F8B98BD0
ProductFeature,cmp3E1224C6269E1B61609A17B2C97A7084
ProductFeature,cmpD1FAA56B23079F25B409288BEE40D43D
ProductFeature,cmp0968539546956F75A2F09C99E0B47A43
ProductFeature,cmp6E56383C0EB61717358A87BA59275A61
ProductFeature,cmpF717B2DCC1A4C2FD06743204E30A37A2
ProductFeature,cmp5DB1C01D25FF8D39508EC3340E1BAE97
ProductFeature,cmpBC5A28753D796AE1AC3CF04574D001FD
ProductFeature,cmp635A7901F04B2E6B29C22220B01D8A3E
ProductFeature,cmp237FAE3330B14EE5C042C0924A9E2AE3
ProductFeature,cmp492C228D060898E626AF835987F13B3D
ProductFeature,cmp9466AAA72C0439BCC044F246200B1836
ProductFeature,cmp708BE7CE0DF68DA79C9C8E7156AEC2B0
ProductFeature,cmp141BDD48FED0B24F1BBC54E7D580CD63
ProductFeature,cmpAA9D0154382645B4FD03EC2028926407
ProductFeature,cmp4C9FFBF6B248E3B333F8C4034890B3BF
ProductFeature,cmp2D469861BA3DC95A2D955AD64E769A57
ProductFeature,cmp753B36C27E1E321D3F6B874091ED6035
ProductFeature,cmp651E3FBD5F9F8F244A95C98B44EEDAC6
ProductFeature,cmpAAD7308236B2DAE3CC25CCE3030BD5D5
ProductFeature,cmpD2D77A0FB909BA6DA5C11A9398F51678
ProductFeature,cmpC28F65E00A305841962D791B4767DC96
ProductFeature,cmp0C97C7C200AF19869DBB73133906B730
ProductFeature,cmp63F350319486EA087D2B61B9EC14F579
ProductFeature,cmpD6990D6CF90410E61047878BE2788E4D
ProductFeature,cmpF62CA41FC9F1894F3CAC5FFFBC6FEBC7
ProductFeature,cmpEBFD358CB0B3AB8876B1763E7E4E77AB
ProductFeature,cmp78EF7346F2C2DC66750304FC8FAB8177
ProductFeature,cmp94A700D817EEDAD12B857B586DD7DE20
ProductFeature,cmp27FDF0DE51B6B6FDB6F6B31FFDF95D9F
ProductFeature,cmpF0ED7A0BE9243249E3C55299F50C94DE
ProductFeature,cmp7306D05BABA27DCBAF0839C96165717B
ProductFeature,cmp4F81136692EB0D2BDAC2EFD47D9B6FA1
ProductFeature,cmp0D6ED25108CB92E90A06403A29DD071D
ProductFeature,cmp3732131D55F4B39A9DC579BA7A2F9FA4
ProductFeature,cmp852CB4FF4CCFEB91C3586B9AB5A9EF57
ProductFeature,cmpD083281C3F1657A6DD331BD852FB3251
ProductFeature,cmp5FC168408A781B830D66AC47BDF2C52D
ProductFeature,cmpFBAE9D29F9EEDCB8E83CCB29C9D0C4F3
ProductFeature,cmp0E09DEF269B9039BCABF736B60DE69E0
ProductFeature,cmpC145C33F9D116B5D9FC73734D2FD8FFA
ProductFeature,cmpE17702F99017EEF116041992404102BC
ProductFeature,cmp1DE87AB87C9515DAE4026DB460745725
ProductFeature,cmpE27790987157C3267659D8D5156744B6
ProductFeature,cmp08C1200FF3C9C16D47540C942309C7D5
ProductFeature,cmp016EB47A2996901736939358FFC1ECBF
ProductFeature,cmpCF745904362BEF475F09B4B1970E1E0C
ProductFeature,cmp71746896A74A4AA0BEC2D32FE6D0D808
ProductFeature,cmpB45BC4E7064C5B55741BD0116D60EFE0
ProductFeature,cmp77EDD737F2FF62CB3DAA36E1C0CA2289
ProductFeature,cmpC76F536F4C6181EEC5F5B21CF74E8490
ProductFeature,cmpF6C763F0FFE4BDF509B5621FE5C8EE31
ProductFeature,cmp212EAF9C2D572839C998162B926A6A28
ProductFeature,cmpD50CCC243A7CE3450DFF47BC8AE9A868
ProductFeature,cmpDE1BD65DE389603E6DFD5CB74303C3BA
ProductFeature,cmp97CEBA10A1F78412DD5DF00178F1625C
ProductFeature,cmp5797FF4F5ACF7CC5A10D0A58DECCF716
ProductFeature,cmp5D8AFAC03D7CA5FE4317E9B3CD48F753
ProductFeature,cmp3A13C70A293426C95B85B7BB50C9C1F6
ProductFeature,cmp709D0C7F3934543A7CB443F9F17F93C7
ProductFeature,cmpDBEBD96B43D9891D14FCF4751E6E1A5F
ProductFeature,cmpD2E4ACBDE3E677AB35611962B1F803BD
ProductFeature,cmpAC0BFFF35829319AC350DE11B1BBC6A0
ProductFeature,cmpE476DDDCF201B8222A27EC0ABB4CF679
ProductFeature,cmp642A0E401B5E0C50251979E6DE2384A3
ProductFeature,cmpC6E49E99A752A5CFEFC95CB37D71BD7C
ProductFeature,cmp16007F3092F08BB713BA468D85523F3B
ProductFeature,cmp514CBDE6DAE7BBB989566C7130BF2AF0
ProductFeature,cmp5B3E9933EBA033B0844384A717F9CAFD
ProductFeature,cmpF672655BBC22B841F4F38F9557387F4C
ProductFeature,cmpBE6D10B2D193E6CA83A4D1C6A6A6775A
ProductFeature,cmp7A70760D6901865FCFFA941FB9E8D6BE
ProductFeature,cmp8D14E4CC1D772F1633A5F521A02AE1F1
ProductFeature,cmp54646C50F34014DBD41D1AFE1B0768C2
ProductFeature,cmp4478D1B7AD65CAD18712E25321E3BF0D
ProductFeature,cmpAAC490154C0B98061F86ECE58A7F1E72
ProductFeature,cmpC26E23756F9648C41D834FC901C8475E
ProductFeature,cmpA7FA963FC50C740D32860743A96B9E30
ProductFeature,cmpDBEF4CF0510508A593DA4C282257D64B
ProductFeature,cmp1E7BDB9ACB1A307AD869805A8B0BF027
ProductFeature,cmpB996AA5CB9E9EE3131ABAD62269E948F
ProductFeature,cmp24BA02FE0924C0F039C498E29C50FBF1
ProductFeature,cmpE4BBF4D3CD89984D011FE99B6E7BA732
ProductFeature,cmp02D19FA0EC1CD59430E0FD75B8742AE9
ProductFeature,cmpDF5DF7CC5674178237C74F0034732ADD
ProductFeature,cmp9ABAFA52D4C72C90AA2C7A0C3FFA2B87
ProductFeature,cmpB64A8B5D0F233B457EA34034B798DE70
ProductFeature,cmpC69509D3EFCAAE1E911AC83A4648D72E
ProductFeature,cmpA1CD97B13481A7A00DB906CDEB5AD957
ProductFeature,cmpD7C06880A82EFC324D32603EE6BE12BF
ProductFeature,cmpFA752435D9EA1B412D91CF484C865A70
ProductFeature,cmp91320882245BC6FBA13450F40B445590
ProductFeature,cmp957354F80737AEDBFF387251EAF05AD1
ProductFeature,cmpAF90CF50E65D545AF2627B99E6FFDA2E
ProductFeature,cmp1532E4A03E628522D484993AAF4A6FC8
ProductFeature,cmp96B0519E7D66C50D45EF33F0EA606320
ProductFeature,cmp8FEFDE8C68BDE34BDCB23CAED3F4F26A
ProductFeature,cmpB059F67756DDA0913AFA6970BD82C549
ProductFeature,cmp8EA2764BBCAA2091A37FE1576125B0D5
ProductFeature,cmpA65B54CCC7EC8C9D1F931B15EAABBB1A
ProductFeature,cmp90F807F72A5411F0E693E2EC16A28381
ProductFeature,cmp6FAEDB14825AB3F8DF3A018A6B6AB2F2
ProductFeature,cmp3C5E29055AEE2D3A8AA2C852BB61D785
ProductFeature,cmp1C2EC6A3842337D91E0E7E77DC84EE45
ProductFeature,cmp3739F34E79C8E719DEF009A4CEB78EAE
ProductFeature,cmpFD2D13504A3BBB937DF7A73B703ED3E7
ProductFeature,cmp14C562E813A5B6BDE17FD4DA3C26199E
ProductFeature,cmpC4CADDD22F36D6ACD55EBC1EA10B7523
ProductFeature,cmp489C38DAF4A620ED16C9E56B912ABB30
ProductFeature,cmpEF2E209E820A453A6F7C1B730D855D6A
ProductFeature,cmp0E7344DF8A8374ABAE8D9653F7A6E54E
ProductFeature,cmp10FAD45687EDECB2C6819CE3B9F90FAC
ProductFeature,cmp949DCAE27F6E32E82DCE8FCEBAA11358
ProductFeature,cmpCD41E50CDDEE5808B1E04BC96F60F84F
ProductFeature,cmp89F6DF30B7848C860940BE0781671D15
ProductFeature,cmpF908C0CACDD9C44BB43D4CEBF2B95BF1
ProductFeature,cmp12E9727455403D1E17C049EE91D11EEC
ProductFeature,cmp64427997014A9346B086DFA0F87CFEC7
ProductFeature,cmpEE832BC3B6A1B5541D147B59A25F6124
ProductFeature,cmp9EFEBFDB29D7585E42F0B47DBF02DCE9
ProductFeature,cmpEE97E609D147D8738DC64B142B103FCC
ProductFeature,cmp1C124DBC525EFE0E89F0B4EC4999B352
ProductFeature,cmp8A52CC9245DEF4B9F07B2396FD7E6961
ProductFeature,cmp0CF13B0BEF269B713401673D1A4B9A86
ProductFeature,cmp71E61E731CE60EDA6B13E041FB8E2F93
ProductFeature,cmpC920AF672E26EF2EEE5BB0F2897C0C03
ProductFeature,cmp0FC9D90DFB41DBED9C66E8F75D22CCB5
ProductFeature,cmp27179C0424CB60196D11717FF64783E0
ProductFeature,cmpE3C1DF4DC0E2DD7EA5D62E864DDB34F8
ProductFeature,cmp585B5B9413B6D336D367F5001734E175
ProductFeature,cmpB1560BFB0A5B39A733D2411A4F9EC0DC
ProductFeature,cmpB8222A43F8103F158BB7148D7109CACA
ProductFeature,cmp51BBA9150E698CE50C46B34721744C6D
ProductFeature,cmp2F504AD65E022B01AEE28CBFEF6BADCD
ProductFeature,cmp68C2C45F33169CB82B7F4036D5063D3C
ProductFeature,cmp9DF2D4EDD5768023983530AF00CFDD5D
ProductFeature,cmpEB6A7E9FDF48D3CB00AC139F89AA947A
ProductFeature,cmp261622B08158DE3BA4AB447D5BD3362D
ProductFeature,cmpB655DA8863A201AE0586085C62127986
ProductFeature,cmpDFD33E1B0876BF26D477DA7671FF6258
ProductFeature,cmpAAB03A618A92B864D7790FF4742EE7BA
ProductFeature,cmp958287A028D5007003F0D4F688C27923
ProductFeature,cmpA7CF5170587DFF3920D7EFD8F0B5A020
ProductFeature,cmp58473A628CEBE194996E0D5A3765E09E
ProductFeature,cmp8B31F68D305A0846A2468856C1322EBF
ProductFeature,cmp4BFB8403377D630EF822DE410577D32C
ProductFeature,cmpBC7A4A02799597C4363C7E47EDB13567
ProductFeature,cmpAC3D0E648AC1CF488F4EF33AFBAF98A6
ProductFeature,cmp295F491D40353AE877F9177D3E1DAB0F
ProductFeature,cmpEFC9A5590E076FDCD99967C2C6882495
ProductFeature,cmpBBB310A7CA0FAF18E535ADF69FCC5F75
ProductFeature,cmp2121B6413E779ED5C8E9DF2D519BE875
ProductFeature,cmp81BCBF5678499451C0153F6AD64C97B4
ProductFeature,cmp898A2A0CB24C7AEF31318CA3BA1040D9
ProductFeature,cmp6C26B527187EFA6B0DE6DEAF42DBC1E4
ProductFeature,cmp72F1735F39ACD5C68A06A906158F078A
ProductFeature,cmp461191B779CDD8AA9D7973434AAEAF67
ProductFeature,cmpDCAA7F4430DF607357C2824C2B1D0D6A
ProductFeature,cmp63897CE621759C66916803232617E9F2
ProductFeature,cmpA90265AD1BCA77147705BB407E221404
ProductFeature,cmpACBF478DC7359A4372250C3D660128B8
ProductFeature,cmp42E48A0965543E40C96B072D6DFA6121
ProductFeature,cmpC1832787C8C57B42E804B498A6E1C90D
ProductFeature,cmp72FD3322FD1F4CFD60E266882BA627F6
ProductFeature,cmpC5959203A4C1969BCC83CF3271DFA17F
ProductFeature,cmp858CB751D639BA08C9E73A28E2B31CC0
ProductFeature,cmp84BF5D0B81A93936A96541BF92597B3C
ProductFeature,cmp7C7FBF1222C8C643914AE7C0124EE291
ProductFeature,cmp3D954F5A1BDAD70A0857369361D47E1F
ProductFeature,cmpA5F91B59F5445441DDF4CBC16DDF2DE1
ProductFeature,cmp10BA673633E41FACE09B4D2EAFC2FA32
ProductFeature,cmp127121FA78D6D33F76C966916E15E0CB
ProductFeature,cmp8E5109A9A9E1634DE18FDF56BF6FD17B
ProductFeature,cmpEB0D059763370D10421B74F39D9CD09D
ProductFeature,cmp5A0315D6D4B7B2BECC291AD22BEF4250
ProductFeature,cmp88A56D85E1C76D25AAFF18927EB271B9
ProductFeature,cmpBDE486F4E873BA756C6098A0DC1794A0
ProductFeature,cmp03709369F4A84E43DA8E3B009CB6FEF7
ProductFeature,cmp3B2AEC1D4788F20E1D038E0E2D4B39E6
ProductFeature,cmp6435BD56751DB26BDC215626DB937F90
ProductFeature,cmpDBB117FB20436F5E856A25BE9E9F5805
ProductFeature,cmp83E02CB47AD15533CFB07609638017B9
ProductFeature,cmp6BD21174874E1C13387A141699C9BD2C
ProductFeature,cmp088EC660E3D0DC094F708116307A2C90
ProductFeature,cmp92BC038294C30250BDB4CB9AC7A02A38
ProductFeature,cmp66AD94483424748044FC89E717DBE869
ProductFeature,cmp52E5A3D700B5A426DD7C6D829D050C83
ProductFeature,cmp51CA6C9429AAE13DAEF9FD175EBDD38E
ProductFeature,cmp5402BD12054BA1409597AE17FB5708FA
ProductFeature,cmpCCA8C007856C0104A9B5D43A54C6EE90
ProductFeature,cmp7D2CB3D7FEC5571ACBF6D8A6E9E8E1EC
ProductFeature,cmp0E282F83D1483173FD9CBB5934A48B5C
ProductFeature,cmp7763CC7B87D70959CC9500C3DF999A10
ProductFeature,cmp5D639FC12DE63D55B4C579D461B9A3DA
ProductFeature,cmp1F68F39A7647EB1BE950AACADC026C4E
ProductFeature,cmpAB0588620D59C05F0EC1E0660620BB3E
ProductFeature,cmp0BA5F2A4B7F7EDC49741A3CF8F824AD5
ProductFeature,cmp1F27A3604DEE49A41DB2675B92D65174
ProductFeature,cmp7939D05631BD958F9DFD2E2C8D12202D
ProductFeature,cmp23C478DFEE9FECAEE7FC8A0B481C6573
ProductFeature,cmp9BABB9C9F75E6A7E32DA923F537DB088
ProductFeature,cmpF656EBE17D6D8DFFEC9300E53913FC72
ProductFeature,cmp6478909E4DF54626B90B8CFBD7C89736
ProductFeature,cmp65A595C37B898F5D2606A66D57B247E2
ProductFeature,cmp01495E25B17FA69B6BB2AEBA0227794A
ProductFeature,cmpB845551E78C4E2ECD753FD3B8C525507
ProductFeature,cmpADF58C83082F2D4756B70CD3DBC5088E
ProductFeature,cmp6F15A254A6BCAFB7D9BC266CC24C2401
ProductFeature,cmpE5ED87EE2C703CA6400FBF08B7A16F4E
ProductFeature,cmp4FDC03696BE26390673E4E60F35A3FDC
ProductFeature,cmpA6CCD121D33EDCCCE8C0819C695A052C
ProductFeature,cmp7FCBE206E003E6269FD1213F35AEEE49
ProductFeature,cmp339A68FD0F71A4304C3351950F2D7A75
ProductFeature,cmp7D0F1F8C87078D675C6EEBF5314A4443
ProductFeature,cmp900EABF481C0A96B81EC5CA0E3D188A2
ProductFeature,cmp5B353FD60FF8A04EC57A723DBFA91E8C
ProductFeature,cmp816BCDF78F819DDA62635F0431477F66
ProductFeature,cmpFFFBEBC54FA050BC3935EC5E60845BAE
ProductFeature,cmp7F54C94F8CF30442391B679A8F1A7D26
ProductFeature,cmpEDED4167996FADC609E8E4E26D015DBD
ProductFeature,cmpC7A9016AB24DDD18B4991A96AB7B24C6
ProductFeature,cmp323FF6577C6412BE5A8E1E80F0DC809E
ProductFeature,cmpABE3D83FA210C25D829A94961880EEBD
ProductFeature,cmpCDA77658551496DBA0160EE5C26C8843
ProductFeature,cmpECC5640E7B411028F8CA861784D5F674
ProductFeature,cmpE426A01EEFB9777341D1F0E17639B5FE
ProductFeature,cmp93DA10118D9FBE1824BC1DBA0CB251AD
ProductFeature,cmp8CC36FCC25484B8114526AB881E69472
ProductFeature,cmp6D3BCE7542FDB213E70752B1385F5942
ProductFeature,cmpCCBDB42362AA2516C8C1A8458B9CBBC8
ProductFeature,cmpDB064E3B2DEB210CFA350924B74F954B
ProductFeature,cmp0BCCF79E2F0DFBCD9C02C1164F657028
ProductFeature,cmpC9C68770367142AC94A2613A42376F25
ProductFeature,cmp497E4C46358E8B199251A3AD618C8003
ProductFeature,cmpDE83CC23AADD1D8EFCA680AF81DF7B75
ProductFeature,cmpCEBD08FE414CE3919CCB6DE3BBB08A64
ProductFeature,cmp46FB75A8CAF9A2A4071DCC558888FF7A
ProductFeature,cmp7D5AA3BBADF04FEC60D7F265AF304FBF
ProductFeature,cmpE0C9385D176921AA6946F0CE53053D31
ProductFeature,cmp1C570E98C42374237B7294E7BAD515CF
ProductFeature,cmpBF9BEAB0E5172652E081007EEEB4807C
ProductFeature,cmp9341B087C81F9031A9AC422B91E14254
ProductFeature,cmp2EBD3C6AD3511AD0C07F828358C36B1E
ProductFeature,cmp3C66093790C84726A742D57C44882B76
ProductFeature,cmp5C5190ED60947DFAD5AD90EABA440768
ProductFeature,cmpE810CDCCA5255610F24041805665FFF6
ProductFeature,cmp6F228FD1DB9569FBB6968B105A70FAE8
ProductFeature,cmp1236A7CE41AB3C8D5C2D58E6400968C8
ProductFeature,cmp318841EDE8E4044C357A0ACEE00F0976
ProductFeature,cmp70DF8C3B639C0C81E746B09A80CC0DD8
ProductFeature,cmp339F5076E29BF89B6DBF42DC6C10EC3D
ProductFeature,cmpE9CB754530EF6463E87B51AFC2F2D182
ProductFeature,cmp33C74F5EC8CFA1CA4194EB04BE8C9B40
ProductFeature,cmp27B96A0699F42B49AE55F55BB13A170E
ProductFeature,cmp8C1454CC600E38E80C6EE4F16D7BB392
ProductFeature,cmp2D812BD9219E1E7718AF0443D6A9C738
ProductFeature,cmpEE025F2C149524AFE9DD00024173A962
ProductFeature,cmpB69A25E85A0F050BC70AE7470285B746
ProductFeature,cmpA0FFFFBAD926DD5BE4C97DEB23E08AFC
ProductFeature,cmp7CF1D6F1EFB19D2149937D7A49B6E970
ProductFeature,cmp7E304A6296B4C87F6235DA5B06D97332
ProductFeature,cmpA1B530184F2A5EA19102DFA2364A21BF
ProductFeature,cmp4A70F6CC6E1EAA7361D3B34C421BF585
ProductFeature,cmpE2A16EFE3134CB105AF2D0A9093018CE
ProductFeature,cmp85CAEFACDA536A6F3E4BB0CD10A51A6B
ProductFeature,cmp77B64CF0F8DFC3B1DF6F3080FAB498EF
ProductFeature,cmp6554D35614ECFA921CF91488030E5262
ProductFeature,cmpB46505945C40792AACB53EC64CCB4DA9
ProductFeature,cmpB0493C6C287BE7930BD9DEFF965F9885
ProductFeature,cmp47DB675F5C0F2B386E1B77708F8C3A7C
ProductFeature,cmp558AE34D7B3BD50F8FA30D56A12A8EDE
ProductFeature,cmpEAEC7C9D984C97B39CF6A30399BCD8C2
ProductFeature,cmpC06B6702E2FD52338608A643939174F7
ProductFeature,cmpF0E7AF160C5B84C28D2C8EF8C9999EA6
ProductFeature,cmpEFB6D00664E02FB5A3B68A071A32FF09
ProductFeature,cmpE4D726CA3930713C88FD295CCD2BBD8F
ProductFeature,cmp4A223141DEAC9B8790A987C1E2F4E494
ProductFeature,cmp74CC694A65BECCC47B8A2774882D6560
ProductFeature,cmpB0A8179A91825C79C28105A6BFE69CEB
ProductFeature,cmp278B86DD84A1D8E4021C8DBC6C24D04D
ProductFeature,cmpE69D96CEDD2C9CE40E62AD05FEE8E1B0
ProductFeature,cmpF723079DA6B53BCBE34A65CF498EDFDB
ProductFeature,cmp6EC526D1307A1438B0CB4A80B9A7DDE2
ProductFeature,cmp41934D6B92E0C5DE8CC3958E6CC21044
ProductFeature,cmpC845FB8874D77BB166228C9B1DC3FBD7
ProductFeature,cmp4ECA5150379D416A23C15C87FBE6CB66
ProductFeature,cmpAEFC93B739FC1F98DF0E65442436AEEA
ProductFeature,cmpC244B0759758084C0C4361CC12329680
ProductFeature,cmp853484B14281B5071519EFFF6A40590F
ProductFeature,cmp74BE2395CBFD1EB6B216F75F949B43E9
ProductFeature,cmp339E4EB6F545CE9F58E37DDABEDD25D7
ProductFeature,cmpD8CB95453097BF6A86C1A5D5185CC018
ProductFeature,cmp8B97E2A05865EDF2F5D0A827DF9E256E
ProductFeature,cmpC8449FBFC5C411F314E445681F52F1CD
ProductFeature,cmp62E1D928798553B818FD7EDCCD7C1E97
ProductFeature,cmpD8A3618F1687709F2F41D4F145BF770C
ProductFeature,cmp2C4DEDF7260D4F386F51A0B690342F84
ProductFeature,cmp1C4146BEFBC5CE329BA873DC3325DF10
ProductFeature,cmpDAE01814CFE1A856E2082879A53492FE
ProductFeature,cmp15E8E93C125B78F97318C0C18F32C22F
ProductFeature,cmp2A67A16746E2DA8D00A4F179BB4EDD47
ProductFeature,cmp3C9FBCC7D856CD0820ECCB0CF6CD2BCC
ProductFeature,cmp380B7CBCE688270E261B21214E2D47BC
ProductFeature,cmp5EE6154D2C976D7FE81C5B85382263A5
ProductFeature,cmpF40B8EE0BF6696313E8852D9EF12DF74
ProductFeature,cmp0C06AE44836F4FB379587A169DE3145E
ProductFeature,cmp05BCD7E764A4F0BD857469C39F84D241
ProductFeature,cmp01E3A546A4CA7B061CBA530F19A670F3
ProductFeature,cmpC5DDF1E5E690390A7C08C3EACDCC1E22
ProductFeature,cmp8180E66D041344B5F2F004615C00B751
ProductFeature,cmp9451765128F7095BBF47792CA15B86CD
ProductFeature,cmp5FED423FA0DCD9831A8D23B60C8ECD5A
ProductFeature,cmp8FEB72035689696235294C4B6D2F4196
ProductFeature,cmp49B1C9C38121E52CD6BA4E02D8A40309
ProductFeature,cmpF1C30941BE3A4774F5BBE4AE282F0E1F
ProductFeature,cmp37A2CA55474AEFF0EDF6335510572794
ProductFeature,cmpFF7BC9F908F78F45A2F70ACED9F4639A
ProductFeature,cmp6D59B6A398714331482BD67800B4D63E
ProductFeature,cmpCE22EB96449C9D6666E72B7A6006F55E
ProductFeature,cmpA4FA976A54DA84A6DA64EF88ADAFD3E5
ProductFeature,cmpC81851A29097B774E0BE55B18045ACE2
ProductFeature,cmp9A3255A7CFB49107BADF5138E6AD05AF
ProductFeature,cmp149AA75098766D6FBAE11E079AD4D4CE
ProductFeature,cmpC5FD72C9DF249AAB93530C290608844C
ProductFeature,cmpC30362ADD347F04C2356FA4592156FE0
ProductFeature,cmp4EC6FB6A3BF860CBFEB3F77A33061271
ProductFeature,cmp9B8F4AE6E7BE1183439217946DAC2A27
ProductFeature,cmp6F7D2DC4E7E1EB402EFDAEE9D60BF48F
ProductFeature,cmpAF42956EC5604CFD02762562D84A3FB1
ProductFeature,cmpE030F12E8A4E12F49133589155BE6E25
ProductFeature,cmpD0820E0E169E2993F65102D2987837BD
ProductFeature,cmp5C00274D6CD6ABF68798311F378DE6C0
ProductFeature,cmp91F68113829B4B87207EC214E4FBA0AE
ProductFeature,cmpB79223656C6785DB36A15C56F3759DA1
ProductFeature,cmp0FBA88E5229A273344F31F869336A6CA
ProductFeature,cmp822B67004358E619DA74C31BB39E1BD8
ProductFeature,cmpCBF2475C6D2EC49204C99BDD865F9A1A
ProductFeature,cmp90F33A2824BCABA4E171427361B3754F
ProductFeature,cmpC1DF757BAA2506AE93F230BDBF1A3805
ProductFeature,cmp474FD4569456C5D2397951C73248CFF2
ProductFeature,cmp5E7391C94A9B61B03977B15452FEF988
ProductFeature,cmp662FDB0407EBF317594704C8FA10A567
ProductFeature,cmp1BB80D58577C3528084C32465D6834AF
ProductFeature,cmpAB35E69B1936731E82A8D6ADC52DF7A2
ProductFeature,cmpCC40B5E467E0A61B15DA88EDAD5EE34C
ProductFeature,cmpBC49DBACB21AA3D310F481AC64881F39
ProductFeature,cmp30C4D0ADF2838AF37EAC6B1D3A55339A
ProductFeature,cmp393C18E78B0F149E311CBDB257F0FF14
ProductFeature,cmp8E448615269482EBFA8ECC811B0F14C5
ProductFeature,cmp88E30DBCF7D6FAFD90F2B1BB02C23EB3
ProductFeature,cmpBF928D635CB158F2C14CFB7E6A7D1226
ProductFeature,cmp2F4488E9040A5122D3FB542FDB70F4F3
ProductFeature,cmpCF2E6E693DEE36B4E21A4B5B77232F28
ProductFeature,cmpC7C0010E40FAA612AE5A982916BB02AD
ProductFeature,cmp6104673D0F9B6164988473AD65900FF4
ProductFeature,cmp568E18902A5F36EACCA72B59F6409ED3
ProductFeature,cmp0E3FCC13E0C999FCB4AE8C741A1EF12F
ProductFeature,cmp32E901A78F35BA5878BC169664B7E713
ProductFeature,cmp0E78809AFE16BFC448F947888DCF6964
ProductFeature,cmp0FF5710F8FCD25463E454FF1DCCFA886
ProductFeature,cmp72C99AAB7A75C75449F2F4C3626892ED
ProductFeature,cmpAE00250657A18A225E7E8B2E53A87E97
ProductFeature,cmp4F85F4B0079BC6D9CFC79989B4CF7A1D
ProductFeature,cmp14192A002DD5FD1290200CD1437F2CC9
ProductFeature,cmpF1680B0AD2660970D9FEA887CC577CE3
ProductFeature,cmpB4A75434CBFA3B1F2D0F2B0FCF7EE598
ProductFeature,cmp1847BDCB967385A703E9AF10A63F6970
ProductFeature,cmp58AB1F2CCD1B38E7F35C57AD964012FE
ProductFeature,cmpD0EA20E346DDEB9E99AF6A05C487323D
ProductFeature,cmp677D43451B632BC1E7EED652AA4E7049
ProductFeature,cmpA28D176CAC5D869E6900347D3BCE385B
ProductFeature,cmpD78C1D101DB0055317C32D7D4FFE27EB
ProductFeature,cmp2FA3B3CD5F423CBC56C54F843246C854
ProductFeature,cmp6AC993A4A6B9A28CCA620DF927D3858E
ProductFeature,cmpA65F971686F72F7010FA156ACB59E8B1
ProductFeature,cmp701632EE2093C881134886541751232B
ProductFeature,cmp55F86415733E9C376E8BF72E74C673E2
ProductFeature,cmp917305E99C8BF88E78A012B88CD76B29
ProductFeature,cmp89138671093AE42674943FE51E2259AE
ProductFeature,cmpFB3A7FB0DF16D0034B517C9FCFC58F90
ProductFeature,cmpF1A7E58CA09CDDDC4361FDCD5F1BC865
ProductFeature,cmp1097D3921588794D4BD2A98CDF930301
ProductFeature,cmp4B9F8BFAED1269F1AC3ADE2593487B41
ProductFeature,cmp0F60B50B8E106FFA64B892417C915754
ProductFeature,cmp87AC0E280044F94526126FBD15556732
ProductFeature,cmp8815DA5C75BFBACD8B51A404FD82ECBF
ProductFeature,cmp3A841CD36D6E5C93F8B7111268E96B47
ProductFeature,cmp2A63DF2D8D8B571DF21058C02D7EEB87
ProductFeature,cmp4D9F62AFDC932C34A812EE2AA80D1F7C
ProductFeature,cmpF483DD0E1529E50EB6ACECE333EBB545
ProductFeature,cmp9F60024EDD9DEB0E3DBC7DD60A1E3A44
ProductFeature,cmp8AF0ED9D632479532FA7BB6E95B64676
ProductFeature,cmpB2005C2FE1E0C023AF810502F5C0F0C5
ProductFeature,cmpA4D58F3D13AB1873A396D55E8C64A386
ProductFeature,cmp8F15F82FFA1816569665E48B7C1F250E
ProductFeature,cmpB99B0F4B0CCC3AA980015E449A2E1DD5
ProductFeature,cmpD1A2DACD97D63A0EBAE740D462E6A20D
ProductFeature,cmp6C9C96D673F48CAB3908CE6DCC632A00
ProductFeature,cmp7F4E10BD942378269AD5AD50F25CAFF7
ProductFeature,cmpB6DC53B9E7F0EA31401F4CB70CACAE43
ProductFeature,cmpD816A91D06ACA5691B26F83A5B103C56
ProductFeature,cmp3F37D6B6EF567E18EA59CDC3E7E1B353
ProductFeature,cmp4EFBE6F509E3E32A671684964F0155E4
ProductFeature,cmp196C9E20B12879B826617D06D8B84C07
ProductFeature,cmpA3AFEA8B0D4F46E30B8913BED3947626
ProductFeature,cmpC81DA00897D31C31F433252FDB493661
ProductFeature,cmpD8BD988CE320242F485E961000F65CC7
ProductFeature,cmp8DB613CC8D1BC2676EA50014FBFA1400
ProductFeature,cmp1D4EB095C8CAA0A9DDBD7F9AEA81D07C
ProductFeature,cmpCF6D6C44A060F653AA39357E643367EB
ProductFeature,cmpE164910055C1EE71202AFE7CF6EAEA7F
ProductFeature,cmpA663ACAF6DC6B39652C50323C96DAF01
ProductFeature,cmp44508DBF695D7D6966907394F0AA10A1
ProductFeature,cmp4209D172A23B9CF736292AA34AE2A585
ProductFeature,cmp26765B41DC3A971C72A7CB2DB6C132B4
ProductFeature,cmpD11C3DE6D1D81624D807E756B224B4B9
ProductFeature,cmpD2119CC7DB4DA0844EB04F6029FE4401
ProductFeature,cmp40E1829087917240BA15E512E11C2FD3
ProductFeature,cmpC7DFF5ABBAAC4E67B8F3D8732EDE0F98
ProductFeature,cmpCDC542B6A2ED08C4EDA3DF0A4ABE179E
ProductFeature,cmp68B0BD51590537DD87742B8084174313
ProductFeature,cmpDEED773E0B69152B2D92200AADBED9C4
ProductFeature,cmpC355E8F096C8A35E3721D32A0D83CEB9
ProductFeature,cmp87E58A9892CE17DFB4DDA728464E56DA
ProductFeature,cmpCD5D2B27264C52594E7B721CF603F26C
ProductFeature,cmp4E8F01779634FA8B9CE577B786E62EF2
ProductFeature,cmp4CD41AA199A49EE6F06A30B34F5C8849
ProductFeature,cmp7F94AE6BAA53D4401A81A142C769F80D
ProductFeature,cmp8016BC36CF7D980635E34C0B62D16911
ProductFeature,cmpEDDDFE89B9435299404FEE1D4989BBFA
ProductFeature,cmp9AAFFCACB3BDCB56E393B3C1336209CF
ProductFeature,cmpC48CA207FBEBD557C2BFC75370EE96D2
ProductFeature,cmp72952911AD94073659E41075C5E92921
ProductFeature,cmpE7BF3F057976498A13A6BF7E4DB3D8E9
ProductFeature,cmp68EE0C94E397BC53C0D2F7D67DE24920
ProductFeature,cmpBA91DB5BAFB6C8D4AA8BF1AE9F4CE34B
ProductFeature,cmp301CE7B1A5C78F521AAA742601B74127
ProductFeature,cmp97994AE2861958966ED9231B37E1F551
ProductFeature,cmpD27671F93360B6BBEE769BD90D6C76BE
ProductFeature,cmp01270EE14B1B3D8614E0BBCD9A54BBEB
ProductFeature,cmp3200D9943127EC9719B04FC603A31DAF
ProductFeature,cmp28725E6A60B8B82FFEA53B1DAE282ACC
ProductFeature,cmpCDE4336CE59FD33E359D5D7F3D62BF31
ProductFeature,cmpFBC279C9F43275D902D4A245B8CC50F4
ProductFeature,cmp569184D2709A7ED9CB7DA242E8D2CB1F
ProductFeature,cmpBEAC810252E7AF6505219163281C6398
ProductFeature,cmp4701FB8E7149A02F8E4920B918E1FC95
ProductFeature,cmp32156687301C8EFF2DC0789745667C08
ProductFeature,cmpF6B296E640A68306EBF6694F8DA9DF93
ProductFeature,cmp7DF537DFA14CBCDFA6F94B18EE005150
ProductFeature,cmpBC458F2CA1D4FBE6725FE38019D7A90F
ProductFeature,cmp90DA18FFD0B8DE7DCE87D40F250D788E
ProductFeature,cmp966D5AB0A60BB8F57C82EE3AB3013266
ProductFeature,cmp7131A8434859C89C14624F3236C164DD
ProductFeature,cmp55E60A05A95038C48A5474AEF02EEDAD
ProductFeature,cmp229DB38A5C6DB72D1D3BB2D7BDAA5695
ProductFeature,cmp5EEAEB646769056E9C4921425CF3E37A
ProductFeature,cmp3415B1F5713202067F02B723CB070491
ProductFeature,cmpA1F308BEC64226A64F51368241035890
ProductFeature,cmpB8D337D12016569F8C199DA03C33C178
ProductFeature,cmp105B5B586609C7CC38BD44143BCDE4E0
ProductFeature,cmp3AF93BE06CADCC1BFA0A5248A6BB34BB
ProductFeature,cmpBAA9162E605511521AB1ED771A29B2DA
ProductFeature,cmp627648D18811C487652AA7141B5EC50F
ProductFeature,cmpA57D4B24116BE8310FAD553238D55403
ProductFeature,cmpCEECCCF679F0360A0EFC2083A299ED82
ProductFeature,cmp48E369F44B9FE74874F084DA126A8073
ProductFeature,cmp1E574857C9012F0B6B3E10C6E918C6E9
ProductFeature,cmpA6BFA6D1995D3CE8A3AB431D13781D91
ProductFeature,cmp179A8033A0C75F4DD4FBD1B11B2AE725
ProductFeature,cmp8A90B780D4D8256A3233B92E63874172
ProductFeature,cmpD9C745553AF24491D16A998606157B5D
ProductFeature,cmpEBE42BD9A730F221FDAD940FE55A98BD
ProductFeature,cmp4992A0131919B849F8E03BD39900937D
ProductFeature,cmp71EEE12E558C7A20AEA6D763505B0B7E
ProductFeature,cmp598F47D2B24B2DBA8D21703DD89B4296
ProductFeature,cmp7A8D228ED8D5BA7205EC098B172DB028
ProductFeature,cmpE3E8FE4A0FBAB83D51B4FF5A7741039A
ProductFeature,cmp2C78152C6933A67B12FC210C5E137966
ProductFeature,cmpEAA0496DA38B7CBE583F1C74DB85608F
ProductFeature,cmp9D6A7527638D001F2A89A858AD607368
ProductFeature,cmp218464B4A51CE3E004E0D896975E2F69
ProductFeature,cmp04429D15DDCEF35F307CBEFFDD1D7E90
ProductFeature,cmp7E6D0BA3566D0704A1806A8C5C35F7DD
ProductFeature,cmpF3084E1AAD14F10098EEDDD874240489
ProductFeature,cmpE43C7B9E4EC8CC9B5B3EED77C2604541
ProductFeature,cmp140215710FC343DA3A14B219A61EEDF7
ProductFeature,cmpEE4D5088828950575C734A4B8C5EB116
ProductFeature,cmpF7F068EDCBA5BD29C2FF7696673CE8DD
ProductFeature,cmp155FA6DDBBC9C2256F1D58096318E759
ProductFeature,cmp9C30CB9682ED7EC862EFCDA72F646768
ProductFeature,cmpB5FDB91E384C0619809E9CBE76F16540
ProductFeature,cmpCAE1F255BF3F594CCF61FAF028F4B692
ProductFeature,cmp1E4BF8EDD17C6838DEB836C11834A9BB
ProductFeature,cmp7C8DA5930074A94A5F41B35768D86F61
ProductFeature,cmpCBCB7A5F1743BD518AD1901CB5B00081
ProductFeature,cmp4CD3A2A629F1532D7CEB28A86C5469E8
ProductFeature,cmp78E977A8163AAB30F961F2479A720691
ProductFeature,cmpA67508F5C354C394DD25846095823739
ProductFeature,cmp39F4D71FA63A5497A4DC366CDAFD5EDE
ProductFeature,cmp0B280AF364DA41AA6027D61AE172FEDA
ProductFeature,cmp6F6901783C90470ECFFBC729B6230FED
ProductFeature,cmpDE8B6DF0D517DFEDA37193B7D7B9B618
ProductFeature,cmpF5E07A56F2863D80A628D67CAC7663C4
ProductFeature,cmp2BB92B48127C94F8E244B790A0DA636D
ProductFeature,cmpE4B83AAB7F8B408B1967FFCEF0275B1C
ProductFeature,cmp9A16AC066DA557B7963A8353DD0EAA63
ProductFeature,cmp32232FE35528B2285887D5CE6F87F338
ProductFeature,cmp8154A9A5886DA9835F49489A17351090
ProductFeature,cmpFF6680F2154D1630C7F2773258BC3254
ProductFeature,cmp86EDFC964D3226E8E94D4AD7500C473B
ProductFeature,cmp654710FFF5FA4C0D5B145C348E7AF11B
ProductFeature,cmp3527445A0BDD3EE644358C94607AA254
ProductFeature,cmpD4C044DC4CECAFBE843B918F0116EDBF
ProductFeature,cmpB8CC1E9624F0369F4D71B08281DF5DDF
ProductFeature,cmp50DF4123C04AF28C5FE9B5B16A9D4F43
ProductFeature,cmpB40BA63EC01AA3FFED8E129A9DF11C33
ProductFeature,cmp492587F3DBDFB804F3F722FF0910023B
ProductFeature,cmp05ED727D90256A58DE656BC70935791D
ProductFeature,cmp5C1ED93D0CEB07B676B14EA6D2754BA7
ProductFeature,cmpFBC3C83ECC64A623FCC2863E8954F593
ProductFeature,cmpA995E7A38189E0028F25CE0115074F9E
ProductFeature,cmp34874DB06D192EC5E1132E721E6841CE
ProductFeature,cmpCBDF1CD896312F5036DDEE00A3CA3FF0
ProductFeature,cmp901642AE3603C1E2288A59EBEA7FBE1E
ProductFeature,cmp686B22D721B1629644FF89D171A88960
ProductFeature,cmp49C0C7E279FCC1B89C849790637CC151
ProductFeature,cmpEEE01B310156281306AF4C7B01230395
ProductFeature,cmp83DFF3057A85134BFC5639CFCE4C44DF
ProductFeature,cmp0340A28B2527F31632A3C1D028FE9FA1
ProductFeature,cmp97A12213E6A31CDA36A4DD96D60303A5
ProductFeature,cmp529F2D7D983CE530C6C4726306AA8257
ProductFeature,cmpFC2891BD2EA39AA10CF1A2AE03080E35
ProductFeature,cmp17165824177478309C2784CD522D957E
ProductFeature,cmp297A758A5446368FB3C2710540068C76
ProductFeature,cmpB66C16091AD27F6AACA1AA281F87EFAF
ProductFeature,cmp4BCC4B364CD859BFCE4029BE8594AB00
ProductFeature,cmp5DAF869521DEB5B1785DF306BFDAAA3C
ProductFeature,cmp60C19EF61AE2C6562CF204ACE4088D1F
ProductFeature,cmp46F4730B7E5A61B71D85ED9C78690B05
ProductFeature,cmpE4F95AFBA84DCF81E18E1D0421F286A2
ProductFeature,cmp76BD2E69420D5619F09EDAD29D2CE766
ProductFeature,cmpAEDEB494A8A2F60CB19AAA6946DBBA8B
ProductFeature,cmp4B1D8708C15353E1A0CD3AEA09C41BEF
ProductFeature,cmp5BFEBE9C0A437436E6E9F9CAFE06C07D
ProductFeature,cmp4B014BCA3C797B5AF2FB0C5AA538D311
ProductFeature,cmp6D5C7CBE0DA897B3EC238EFAD0FDD7C7
ProductFeature,cmp11BAB847D5DC84404B5F2F926028CC49
ProductFeature,cmpC51577A2AD2EC8A992520ACDF8AD64AE
ProductFeature,cmp54A436EDE4B332BD1907FECB9B95B703
ProductFeature,cmp222E3F531753859752E8861571CF1795
ProductFeature,cmpEC1AA9FA3A35B2588D76AD8329BD4F43
ProductFeature,cmp99099AE08B7196350DF7ADF158B7A0D3
ProductFeature,cmp0072379C5EC4A3D9108F47A04DB959E6
ProductFeature,cmpA560393677498B6CC0229D350AC8571A
ProductFeature,cmp34C3ECD0AE7D9E7C79F723BEB6D79178
ProductFeature,cmpE977DACB33FF7D4118C025628A6C7AA2
ProductFeature,cmp5EBC5F0431C8726B9B670AA39708DC37
ProductFeature,cmp40E600E9AF92BCD6471EB34915D7D7A8
ProductFeature,cmpEC0A53C6AB331D9054BA5A4C13FFBD57
ProductFeature,cmpCBFF2B1611AD4379A5AB32C055D8B49C
ProductFeature,cmp34F55A780AC20126FA6375531BA496C3
ProductFeature,cmp52A70274AECEFBF7477E192799358E38
ProductFeature,cmp6A23DF2FE0FB7BA39D63996749687AFE
ProductFeature,cmp8FD5FDB0649246AFD5A654AACCE88D0C
ProductFeature,cmpC575CD538E18D5FC690411B44FA994F2
ProductFeature,cmp9C7E34C2949CEC9A7488519FD68C57E8
ProductFeature,cmpC5200F7526B664F46D819C1E1710FE7F
ProductFeature,cmpF6FC2F7052B6E330DD434AEBC11D4C3D
ProductFeature,cmpD3DC1DC3A6A5619AF4478971850ACA74
ProductFeature,cmp618201B77F218866666988C506390DC0
ProductFeature,cmp512E64794B9EE3743DB33C0096D5CD72
ProductFeature,cmp97E24B9A0682F5C5510BFE6335E9E68C
ProductFeature,cmp9A3B83AC929618B721FD516C8AAEF61A
ProductFeature,cmpA5128CB532FDBA8F8E67A147FD84E195
ProductFeature,cmp9DB1B1AFE60F8F299AC65A5B2CF630A8
ProductFeature,cmp65240006D599195B63A7C75DF8700F49
ProductFeature,cmp40192F0F212B6602C34504B6A5F95ECB
ProductFeature,cmp8A6F54BADE85315CEF661FECA669E459
ProductFeature,cmp4C31A59CB09A98F34186F8B7406E4B7B
ProductFeature,cmp92EA2DF841CD171170EBE8878ADC92F6
ProductFeature,cmp84B7FFED9B07042862F40F9DC00AEC3C
ProductFeature,cmp9076046E6EC25A1AAD7D2FDB013F673F
ProductFeature,cmp961A0811F2BCD6E7ACF1BAFC4EF256C9
ProductFeature,cmp36B80CC22F3BEE470998093136E3CF38
ProductFeature,cmpCE22BFBE513A605001A3845F0552DCB6
ProductFeature,cmp14D5FE54EA6C7FBB2E861C675771DBEA
ProductFeature,cmp310F445D8F0AA9251D7630102B62401E
ProductFeature,cmpE7DB255DB2B729279F47AED3A5091DAC
ProductFeature,cmp3DF734D4451975F672F3E2102812F7A8
ProductFeature,cmpAFBEA4C9BF55FC1FF20D25FAD616527E
ProductFeature,cmp3EB61D55C1F7FE66B25E81DB2D2D84ED
ProductFeature,cmp21E358B672C2E202E5351964CA488A46
ProductFeature,cmp82C83A385FD77117BA239E5AE40BEAD1
ProductFeature,cmpFEC7C8E4C18BAEA460F18D51C4BE5552
ProductFeature,cmpD378EDF25021A47AE89C306875FAEBB4
ProductFeature,cmp7197F9478486D5732E06C3EEC65D8DA7
ProductFeature,cmpD76F9AAE76B8D60D09D9DA7692EA405B
ProductFeature,cmp0D4567F7131802F04EA5DC0195972CA6
ProductFeature,cmp3B1BDD3793FD0EEA226C04539FE644CB
ProductFeature,cmpF11E523D16D78C81E32736A0792A0556
ProductFeature,cmp8E30A1768B31F59F3F27566BBF811F20
ProductFeature,cmp26894FFC1690582F942F711795DB49C6
ProductFeature,cmp6C92C69E71281A82DF62D4A16DFBAB25
ProductFeature,cmp3DA21DDB9CB1F2E7327B30262C6E70FD
ProductFeature,cmp7803B3050AA77D117BCAA55E0C0E004E
ProductFeature,cmpCF3AEE00B1479A00C712C149FE2E8EB5
ProductFeature,cmpBC26E56941EED79C01AB0F70B974199C
ProductFeature,cmpE3A0EAB6CCF2B06CDB8AB5FB333F3FF8
ProductFeature,cmpD575E1790BD37B78938D8DD262A45C30
ProductFeature,cmpCF1E64D4B39BE077F850674DD81C5092
ProductFeature,cmpC4A9540A3134A57291B12EB863FB9FE5
ProductFeature,cmp7F0122A0768AF95D4AE44442138C9917
ProductFeature,cmp23090C311C25058C439BFE05787CB750
ProductFeature,cmp2BD6E6F14D8C5966EE4906F52B63D8DC
ProductFeature,cmp914DF341132C42A6E3FDD11DDDFFBB1E
ProductFeature,cmp7E6C4223196454BA0553D26EEB1C59BE
ProductFeature,cmp8902E65B791060F551A1FA0C7FBFDDBB
ProductFeature,cmpDD56999A87DB0C9916941DC7B71C5667
ProductFeature,cmp16E99883B2F4E7461BD70118627BE769
ProductFeature,cmp4B5A5201282D12408AE04F7E885D730A
ProductFeature,cmp1B02E6CE57F5F8C59E6B93358E7C51DF
ProductFeature,cmp5CA7B30AB3D6435226E47060564FDE4C
ProductFeature,cmp48D124EB0DC1CA8403893EC7797E0AF5
ProductFeature,cmp1D8F91996EED989FE73170E8E2D441B6
ProductFeature,cmpAAEDBF77E6C72998DFCEA0892A3040CF
ProductFeature,cmpEE56349D71DE52896C17DD3FADA6A534
ProductFeature,cmpF440991AEA8AA401A0CF206B0DB1CC49
ProductFeature,cmp6F70D54A667F81D9238508BC90547682
ProductFeature,cmpB80D42186D64F3EA4EAAC478F28605A9
ProductFeature,cmp9091FFADC1F9FAD46E7825E49EA5DF23
ProductFeature,cmpE5782458AF42AE83C68DDA121E4DDC9A
ProductFeature,cmpF247F57604E630443A855D950DCED62B
ProductFeature,cmp59F3C41ACF2CCDD5D7C8CB3E8B26B2F0
ProductFeature,cmp357065603695AF560D95F1BE7B64A8A1
ProductFeature,cmpD12AB8CF4A49A295700CE85F57145F14
ProductFeature,cmp6453AD1C51587C8C384EC3A3995DA524
ProductFeature,cmpA9CBC3F5DF29F66D1F6D5C97DEEB66AC
ProductFeature,cmpBB762CA6F4DA5C2DD8A47DE35BCD3871
ProductFeature,cmp3E68BDDDF7D1C7FAB7A32B28958A8881
ProductFeature,cmp53CC1C5BE7A6295B1E564939FBAA1861
ProductFeature,cmpAC2D0474019BBFCA7148A7E437989827
ProductFeature,cmp1D5951FABC15C8427A2DEDC0EC2EDFCA
ProductFeature,cmpEC385243BF6746CC2D9ABA43BCDDE2A7
ProductFeature,cmpD91A0FFACB11DA83EDEBF2B7DA6E8985
ProductFeature,cmp78E78938AB386C4EA3432A1CA3595F09
ProductFeature,cmp01F303C2CFC4A62545661DE31827F6B0
ProductFeature,cmp6B9C15C0EA9F2401FB567C76326AC800
ProductFeature,cmp0D5C267109A1D38ED28756037205F865
ProductFeature,cmp676096CAA3AAB44244395095FB5FFDD4
ProductFeature,cmpFE7D054C0836DFD30E5C608C2FBE6210
ProductFeature,cmp62F3D66151600BD9934091E2F8C38140
ProductFeature,cmpDA5277D232889AD9218BB16CAA2C69CB
ProductFeature,cmp550C9784FE3B24FF0B7A2C30E81AEAF7
ProductFeature,cmp4B0C4BBE544660C7490A937965771420
ProductFeature,cmp8CF527887CE12105BA126A9A3B547AC8
ProductFeature,cmp6FB6D95F1E57ABFAB6945C679EFC25C4
ProductFeature,cmpA73876D28CC30D4CDA409501D79C53FE
ProductFeature,cmpE7B66B7DF2BB29A78E4680866771B7A3
ProductFeature,cmp93AA36C52C01163DBDA11FA737AA7AA7
ProductFeature,cmpB45AB5742EB1090D0BA1CEFB85001655
ProductFeature,cmp4EFD79771266B60C1B6EFD8D5986AA88
ProductFeature,cmp4E93DE327110262B5E5376C4E0E5A0FF
ProductFeature,cmpC53CF724C350B698B18CAB298F4AD63C
ProductFeature,cmp8212FA097E9384A07CEDABD8043CFACD
ProductFeature,cmpADE3BED789C68FE3131A3552F4FF0CEB
ProductFeature,cmp18A4E2D0C19310D8F208301FA135A52B
ProductFeature,cmpEF7615AB73200E835C987CFFBC333A5D
ProductFeature,cmpBF2E19B2623FC24C784A47002D90A076
ProductFeature,cmp74C0644E516603273E292E4113C3108F
ProductFeature,cmp8D98FE69EB1DC1B4A4E72488688EC7D5
ProductFeature,cmp552A1639E908C322EFEABFB192A1A314
ProductFeature,cmpAA29EB96D0095F2CFBE9E929B2B129B6
ProductFeature,cmp790E3B65989279A80A3EB4DA464EC93D
ProductFeature,cmp32C4A69755010AA989F4830399A964C6
ProductFeature,cmpD367F6FA4B05FB79A8BC1D7D18DB7409
ProductFeature,cmpA2A0BCA63D591CB9CEB9C10C3D335605
ProductFeature,cmpAF50029DF3CF90F841F724FE706C3ECD
ProductFeature,cmpEF584B5F6A5C563046BED5E6D4588500
ProductFeature,cmp80D9A651138ADA9164E71FCF761628DF
ProductFeature,cmp665396346B30911625EE15C46611500F
ProductFeature,cmp65CAD9BACE07C1F0AD0CF2424665A187
ProductFeature,cmp8C6A33E71E8068BBD51E4F4D9679BC63
ProductFeature,cmpDD06C03893D2E0D9C6C8F85D4C3B9FC0
ProductFeature,cmpD6690277F29AAFD4E17D81760DA7A195
ProductFeature,cmp4A321B30AE4C287FF2E487F2F73B8CCB
ProductFeature,cmpEB0F42DE002BA66C887181BEA6BA3932
ProductFeature,cmp0690744B77C4750EA3DBCF06ED9FDC88
ProductFeature,cmp4BF900CFAB459E2F4AA83183A3FC62A9
ProductFeature,cmp98DB76C7546746EA34133ACB3ECDFC64
ProductFeature,cmp72D95EE607B97236580B12EA86145ACB
ProductFeature,cmpC8D409ACAFBD9D7CE9DCBB254CC98914
ProductFeature,cmp25E596F9F306A43341AFAECD764AF924
ProductFeature,cmpF29C0F3411FB2D37AE2DEF104E928C7C
ProductFeature,cmp41658AE91CE50946CE6D29F586B0B613
ProductFeature,cmpE21679B1B96B5D423894C0BE4C7F91E2
ProductFeature,cmpDDB11587DC69C3E7BE30061D2FA79317
ProductFeature,cmpB360ECC9809BA9F89A2669FF9D366AF6
ProductFeature,cmp6EFAB872066649CDDCD4CD0FC4DB3303
ProductFeature,cmpC5FA6D06660AD8918C2730CD572E23F2
ProductFeature,cmpC9736FFAF5D445636EC622CBF38C57FF
ProductFeature,cmp8AFE4CA7DEB79EB551FC7A7E7D3667B8
ProductFeature,cmpB8486F0CCBF0716E539AC1A5F4411235
ProductFeature,cmp7C2D74B5D6589A6B92A5084FF70E0D55
ProductFeature,cmp20932A665D43A13C30EAD484A5A87A48
ProductFeature,cmpCA368AAFF215641A3F5EDB990BE35499
ProductFeature,cmp197F3DA917A6B8565014757FE75143C8
ProductFeature,cmpF34C76C556B0CDEB80D04840925F2553
ProductFeature,cmp1A9C5558CF7647D18789C8AB5708A199
ProductFeature,cmp8131ACF59336961D7C2B6D96E4DA8E99
ProductFeature,cmpDE9E0C07CA6333DD27ED60726280ED6F
ProductFeature,cmpEEEC726FAA16F5173804BAF6DD254F22
ProductFeature,cmp1A4C2B9E85E5595E4D0DA93B5CAEA822
ProductFeature,cmp9E2D71E8B31392AF2747159A640EB925
ProductFeature,cmp5B30ED1E640A525C2F53A99BC5133CB9
ProductFeature,cmp81C471FB43FF9B5D49FBD470575D4CAA
ProductFeature,cmpEFECC382D556D59187FC38993A21E0F8
ProductFeature,cmp0C675B6AC5ACEC13270BCC6157233A7E
ProductFeature,cmp6B85E6658606D0A06B7E3C882114D30F
ProductFeature,cmp85418381A4F6C1D7212FCF80F3B9540B
ProductFeature,cmp301DBA245CC0820C503EC7B7BB09D511
ProductFeature,cmpAB462FF702FFECFD88A120CC562DED3E
ProductFeature,cmp67EF6CDF77D0118C78C9DF6D3B1A26A1
ProductFeature,cmp5364AA061C311188AC39D15E30E0ACB8
ProductFeature,cmp2377426A8229B2393A2B3A1DD3ACB176
ProductFeature,cmpE167467F730E425E7CE26C486DA0A4B9
ProductFeature,cmpB24FD87D9B1BC1157E225B1B8A49C584
ProductFeature,cmp66AB3E36CE8E1B0DF33F0C19038E4911
ProductFeature,cmp1D7C91D846248AE021A9E378984BCFE2
ProductFeature,cmpD092A6707765F3FDFE695041A7D88E58
ProductFeature,cmp8C965D6972CC94AFC653B31A34A42D7A
ProductFeature,cmp719BEAB1AE3BC9C49304566FDEEF9D11
ProductFeature,cmp6DD42DD6A03DF59FB331C9BFC9EEDE29
ProductFeature,cmp285E842296DD3C3E9747E10F0D07BF73
ProductFeature,cmp227E0AC9469DC4D4428E6E12212B6C79
ProductFeature,cmpCF8719FDA8D7E0D15C8591D37E3FE099
ProductFeature,cmp526D0629B36E3050DB47261AC1D3422F
ProductFeature,cmp405B26FD04D64E894F785F0DE4001CE8
ProductFeature,cmp256F33C7E1964C96F00BAC8D203D4F3A
ProductFeature,cmp05B909BEA93FAD7C1A63576A587A44F8
ProductFeature,cmp7F136C4735F2AEEB9FBA0F4C29271BA7
ProductFeature,cmpB7A6B4A7BBDA12FBDD1D2EBEFD724EB9
ProductFeature,cmp4E775E78B4983E661C2E23A578D6F3F1
ProductFeature,cmp7FCB3C7DC7523FBD51C2E13836018B77
ProductFeature,cmp7A5EF434601D9F04BDE3AB860C8B763D
ProductFeature,cmp3667C6AB4619A937BC5394015024C6AF
ProductFeature,cmp15DE6E9A1D5183117100DB219075E0E4
ProductFeature,cmp5E73B1F2A2877D6AF451D6CBF7395E98
ProductFeature,cmp0924FBB7807C2D7D07F5F36C535E3908
ProductFeature,cmp6460D9F5EF3450FF36957B23AC364DC9
ProductFeature,cmp939808EEB5B1A0B9578E6729AEC5BC42
ProductFeature,cmp2B8EE8B14EB1CDBF98F4510395EB4206
ProductFeature,cmpD7C82A2212583CB9139EEECD61C6CA50
ProductFeature,cmpBBF853EFAA963EE224891AC722145B4A
ProductFeature,cmp39F8D9DBBE2D26286F112643429AB758
ProductFeature,cmpABAFE931C433D7EF6E4B18050C23AA52
ProductFeature,cmp29FF7575EF13D785C50768163C2836D0
ProductFeature,cmp52036DAC1D840C0F0EE6603A24E92D5C
ProductFeature,cmpE098AEDF153BA43E422ACC75389D789B
ProductFeature,cmp265D71C8E3185DABF97246BBBDAB178C
ProductFeature,cmpB5BABB690F6C61A9954DFF155F1755AF
ProductFeature,cmpADCCEB2BF568A9EC6AFF547E1F003BDB
ProductFeature,cmpC1D5B9C069B5820AD8989BA07117EF13
ProductFeature,cmpAE9A4A1646FE75D2A7F33A465943BD01
ProductFeature,cmp6DB1DA95E3653EA60CDBE89CF9CBEB56
ProductFeature,cmp3E8B796000B2F7C5254F16BED2CFDCE3
ProductFeature,cmpE7DEB9C0B1EED683F546774DA596E048
ProductFeature,cmp2A8FD3C1513986446781325C48EC1B4C
ProductFeature,cmpCBFE8EB2C2F12BE276CB17570DBAFDBA
ProductFeature,cmpB86915A0D06E094A895B2978027F8E99
ProductFeature,cmp62A4F606D09AD11DC5243CFBA2E99FE3
ProductFeature,cmpBF1F13B9BED066FF01ADE2BCF36640FB
ProductFeature,cmpFD218911521ADCB6E39DE0D9B0895E8F
ProductFeature,cmp6B04462BD0F5C05608667D0B73594E49
ProductFeature,cmp674A76D508AFC65759CC5E0E6CFC4C79
ProductFeature,cmp513FE9230E93DFB9D896712F5B15CD0B
ProductFeature,cmpF4E2CCE07C63E5B5E1B98CAE1F616D41
ProductFeature,cmpA8195BE0CB54AF05E19D94E16F56A1F4
ProductFeature,cmpE53E0A272B6BC9FAFF3A10B44176D2F8
ProductFeature,cmpB8F497C39186D6654A852985B385D631
ProductFeature,cmp84326408AE6244109CD7EAFB649901F0
ProductFeature,cmp153E1C269455DE01676D7296BC39BA80
ProductFeature,cmp069588C390BC06A21D9AD15292F515B8
ProductFeature,cmp65BC78314E8534254941ED635E12B9CA
ProductFeature,cmpD42D09A58520E661E6D71D1F4BAF8750
ProductFeature,cmp14E77C2C2579FA06623B41E35A5297A7
ProductFeature,cmp9E83B40242235D565AAA34DCCEB9A215
ProductFeature,cmp2487D29E669C530913EE313548E94787
ProductFeature,cmp2E374BF32476D3342B3B3EE57FEAD962
ProductFeature,cmp88C81AC62198B802E74ECD614296B359
ProductFeature,cmpA24908E580470455BFAB8AFA32F7F886
ProductFeature,cmp8F1FBDE0711DDCC4B90C843E1E37F9A8
ProductFeature,cmp3A29BAE8054B2290AAD5148547E08BD4
ProductFeature,cmp5EA10E1A2AA39192B295E06D590C4A82
ProductFeature,cmp46BCA9622ABC6E0C0A760AAF6E1D42CD
ProductFeature,cmp39FEC122B799DFB2601A5EDDFFEC6724
ProductFeature,cmp3D804DB498DDA477104BAAC3B7523A39
ProductFeature,cmp6005B075B7C28E3F661DF05E6D6179AA
ProductFeature,cmpB01820E58A4C9F06AEB73D6D5D355BA3
ProductFeature,cmp9E474EE7647C81920B868CBB5191C400
ProductFeature,cmp72A571AC917AC757E5C8C29FC62B5922
ProductFeature,cmp47CBA7166D18E575BD5FA3E952791112
ProductFeature,cmpA76FB2122FAAB553D92316B59A221898
ProductFeature,cmp9ED4C8AD6CA33D37B005BFABEA107AFF
ProductFeature,cmp223A765AF63B0D4322D7D5FCE6B23FB2
ProductFeature,cmp2FD95E67892F99DD44482886B407F571
ProductFeature,cmp22023871DBF0F303BA1A6F4D3C3D614C
ProductFeature,cmp2F5BD3971E09F572FECA494EA493F2E4
ProductFeature,cmpF39A8D2396FAFB863002628335774896
ProductFeature,cmp7BD01BE6F52E5AC2B9D78A3A2AA5575F
ProductFeature,cmp6F74B75B69A5718E84BC55C3F7691BFF
ProductFeature,cmp61B7D72884C9D55D0D80F6202134B814
ProductFeature,cmpF0E6AB8A70C30FD97A68BED30D49B79B
ProductFeature,cmpEEE06C783D544634E8764096CAC4D98D
ProductFeature,cmpD58A65757BA439428AA87D488F32A059
ProductFeature,cmp42159235979E73F0D561B33EDC15AB3E
ProductFeature,cmpED119335ECD6645D4CFC7910A85DBCEF
ProductFeature,cmpA3F8BC7A4A86439966166CE9263DFDE7
ProductFeature,cmp25677F9C25122FF7F20AA80DCE9656C2
ProductFeature,cmp6ECEC9331626D867B6141266BE1E5451
ProductFeature,cmp75612AC6167196F11E1B701E1E176609
ProductFeature,cmp11CB8F45D3C1111A6D06E7F496AA84DE
ProductFeature,cmpB5F7C30FB2D7D5E0D039330CFD2E552F
ProductFeature,cmpD8BCF7A8657E5BA639BFDB6D8994C22F
ProductFeature,cmp763CCE5B6ECEE54D04D75E7AD48C5EB7
ProductFeature,cmp8BA40ED05FF8917844F26AE1AC9534FA
ProductFeature,cmpCF18EB132F81F07B451FFC2E6D52F5D7
ProductFeature,cmpDC3B3F585BA1EC662C5D2118B75F509F
ProductFeature,cmpAAD3A9DB68F414AA16310AB43E0A2D44
ProductFeature,cmp33010B9403816B70AF07EE089F243DE5
ProductFeature,cmpF04605E9734845E96432205B79E52463
ProductFeature,cmpFE09E90544DD24557BECAF40BAD96511
ProductFeature,cmpD5E79B6ECB9266C6F3F6956DC20D7CF8
ProductFeature,cmpD0A986BA641EBBA373A8E125295AF0D1
ProductFeature,cmp258EA6B28C64B07A20561C24CC55FE2F
ProductFeature,cmpE9E9B6B302C252DE6DE4F3238D3D5A81
ProductFeature,cmp1A5171C8E97A4878BE547D18FC46FB31
ProductFeature,cmpBE6526AD65F85D69D4CE7B80D2C5C7B3
ProductFeature,cmp153626B90D7BC4776303001488808C8F
ProductFeature,cmpF7C1CF0FA0B3417A905CF3E01A662E2A
ProductFeature,cmp17412A2FE9535978724A699057BB3B45
ProductFeature,cmp14A377AF83521F1DADF5141221CB29DB
ProductFeature,cmp20BCFAE842E362DC898BD7D31BA26D9F
ProductFeature,cmpB48FD749E4A360AE4EAAB18D69A37509
ProductFeature,cmpB44384BD0925D4DD6CC613287CB6B1F1
ProductFeature,cmpB3F68744193D97DC93EEF1BB1F9B0734
ProductFeature,cmp9C79B332531723DD9BC3BA8B50D402C0
ProductFeature,cmpE85D0AEF69F733BFA540ED46A15CC3F5
ProductFeature,cmpD8330511A80F7191C629B51C7B6730DC
ProductFeature,cmp4F4730C070CF6AAFCCC86B03F86BBA63
ProductFeature,cmp2872B31C662934BC6DD2AFF7F168EF9A
ProductFeature,cmpCABB6059B5BA3245700055BE4F832FE0
ProductFeature,cmpADDBD176C6FD350F96F72F2615345A31
ProductFeature,cmp695983AE1E4E86116357152A2C19D9E8
ProductFeature,cmpCBF76E9205E26333199442B1138C665C
ProductFeature,cmp1E9FCBCB8EF3B0B41A2D360B166CE40A
ProductFeature,cmpAEBCF5040B8906036EF181378F957D19
ProductFeature,cmp52C4D26738C9C10851C0CF2D3ED0B316
ProductFeature,cmpD243366380638F45F4D09E3ABD516D1F
ProductFeature,cmp8B866D710BF275B7B0E764EAB1C074FA
ProductFeature,cmp384F2BDCFF41B7A9DF9FC56484D6568C
ProductFeature,cmp657278128EE71FB7B30A1025F5A7EBC3
ProductFeature,cmp13AF271BAB4E58FA32D1CD777BEAAABE
ProductFeature,cmp9DF57F808D80E8F0BB7CE1BBAFD322AB
ProductFeature,cmpC0241E20D04D354F57843460745AC3CD
ProductFeature,cmp3A3EA9716EECBA8C7202761CCDFC01E9
ProductFeature,cmp94A7B2EF375263852E15C722DA3A2564
ProductFeature,cmpE018BA443D52E80C33D837F796653F3F
ProductFeature,cmpEA5E27F0BD55061D894980521E253224
ProductFeature,cmp50DD0E634FA7E28A7A89177A41D14BF5
ProductFeature,cmp61B53862CACE7D77BEBA8BE974AA590B
ProductFeature,cmp761F375E3FEC10665F6BA23D08E0DFB1
ProductFeature,cmpD023466B95FE011C8CE1FB91CB27A5AF
ProductFeature,cmp9C4EA05DA627BE2874528A53E8378296
ProductFeature,cmp502FEFD0DE6528FD3C470BEDEFC95726
ProductFeature,cmpAC0A68E9184E16D94F1BAACFD90FBFB2
ProductFeature,cmp7F407E4A6592D43D33D66717921761A7
ProductFeature,cmpD72B095D866AC0B70250146FB533DE1E
ProductFeature,cmpD05273CB1D66E103990F769E17B45AD8
ProductFeature,cmp493ECA4F3489C3BAFDE8679DB4E7E314
ProductFeature,cmp10DB331545D2E193EF02B0468DD5A5D0
ProductFeature,cmp162E1C405BFA1F876F6998587EA895C8
ProductFeature,cmpC52F9B3069CC213D6865C07481EC4E6B
ProductFeature,cmp8B4245DCB553FFCF104F6EEE2044F444
ProductFeature,cmp20069FEB1ACA1582B34179D9DE10AEF9
ProductFeature,cmpD890C1FB367F2115FFF2A132CB65AB9C
ProductFeature,cmp1E1139FB16ACFA421787DB4FC7C64627
ProductFeature,cmp746011F9498ABF01114B2D69C393D33A
ProductFeature,cmpF0157DC0BFDB98E0B0CF031F69346C09
ProductFeature,cmp92A3146B608E8859898D628F1198139F
ProductFeature,cmp08E82C0EEB84834BC4FE695D4812033B
ProductFeature,cmpF1AC314C67F3A93D7F1B5A4235386F8F
ProductFeature,cmp6AC64AA38D2E87F350206B2E94B6EC11
ProductFeature,cmp2F993FF6A308F218B67B9233EC3DB270
ProductFeature,cmp441F07CA9C4BFBD04A3A646E1A6F623F
ProductFeature,cmpE83A41D9363B1F2C64087560E1989A3E
ProductFeature,cmp68D4A3C4DF2A5721EF983055E74DCCE1
ProductFeature,cmpAB41F4199AFC7199D5116C4F5F89CCB3
ProductFeature,cmpD45B3D907E763019F3B50A453F391667
ProductFeature,cmp6117A1165F51BAF01201B8BDD2101D32
ProductFeature,cmp64278E88402ECC05B443A0611EC9C39A
ProductFeature,cmpE2D54D6B44F6E1B9A7641EAC1936C7C0
ProductFeature,cmp66CB3C0EC5BFFED67545465E60684277
ProductFeature,cmp3DEBDA9B4134C57FB98A4E121AEA7FAA
ProductFeature,cmpEBDA120CF51F6D811EC3E47A34117A31
ProductFeature,cmp52450B8D75D8484F89818C426088D8BA
ProductFeature,cmpBCB0D5EE169E69D7FE52A1C7FD3F477D
ProductFeature,cmp6D7C9E0DA88AF2D55946F1DDF134016F
ProductFeature,cmp80AEA889C87A9773451C82E30B368C07
ProductFeature,cmpC0F03B22652DE682F8076DD83EB7E048
ProductFeature,cmpA202DE50C708D013736CA5DB1502C6CD
ProductFeature,cmp28F2487861E64E46A70BAC2E7CE4748C
ProductFeature,cmpC403965128219546948692C4246009A9
ProductFeature,cmp5272F0FC9BFDC63DD015956600EADFC3
ProductFeature,cmp1C3342AD096CD7B2CFA20116000054BE
ProductFeature,cmp0603275A42558C9944BB1C4D09F6907A
ProductFeature,cmp5C4D502944A0BC0B941C56D45174E364
ProductFeature,cmp886156A72B95AE52F4633CA92478A4EA
ProductFeature,cmp5D7F0674DA91B282FC02C2645A0FA27C
ProductFeature,cmp8B264489B93AE09E3133E2F158B11037
ProductFeature,cmp30633E3730163079BBDB850281226885
ProductFeature,cmp4AA3DF87DE26830CDAB49C71478523E7
ProductFeature,cmpC479EE648A6BAC0042504F8083F68233
ProductFeature,cmp15B08531A4A04214005A463902017A5E
ProductFeature,cmp88CCC8C647B83F9D2CE32BD30B25D162
ProductFeature,cmp93EB7E2314DAF44CB7D0FB0EB734C237
ProductFeature,cmpA5F6611BEA443DB37D3EE46491F6C593
ProductFeature,cmpF4F6BAB3EE52C86AE0A85AC456AF0B6A
ProductFeature,cmpB0D9D6FF26FCA914CBEC5BA5ED47E4FE
ProductFeature,cmp359D155FC0667F045FA496B8239920C2
ProductFeature,cmpA0E9943C08722B6AA41E5EE09CEAE4F1
ProductFeature,cmp8C6713C24F7E99CBA32AE97088A78C31
ProductFeature,cmp2E687793EBF2A8C5660308ACE93006C3
ProductFeature,cmp2836B719062A2028A05F3FCFC705D63F
ProductFeature,cmpDF88FA72A350889B3E8FE9A3EBFC57B8
ProductFeature,cmpACE543BA9084380A97761E7DE17B174A
ProductFeature,cmpC526D15999C85B14591AA060E6772A7F
ProductFeature,cmpD52DDC789CD279BAD704A7E15912D97F
ProductFeature,cmp035E1EACD3D80A3D8182838D518A98DE
ProductFeature,cmp972B345472F3CCB0C75D90C36426D4CF
ProductFeature,cmp0450B7516286A04AB29978CDC15814E1
ProductFeature,cmp4264F55D1559EEC349114DB14143910E
ProductFeature,cmp35A69EB905A112F4A2D1CF33568DB906
ProductFeature,cmp922EA55E8DBD07C63D0F48803BAECFA1
ProductFeature,cmp0D96BE655D7603CE7770E59DA3E70A47
ProductFeature,cmp856B9D42F62DB09C521960AE56C3132E
ProductFeature,cmp7B782A1AD6F2001E7EE629DBEC82DCA9
ProductFeature,cmp3B69DF3E3EA6A03D6B08322A2462F36A
ProductFeature,cmp077EEC5E8E4D23F050160E7898998283
ProductFeature,cmpBB0436A4ABB700FC0109559AB523E0BF
ProductFeature,cmpB66804DEAEC8972F5C507BBB90954FE1
ProductFeature,cmp0B96E2B4A3D7BACA0B617DBC765D1D6B
ProductFeature,cmp6BAC30178D311964775A4CD58B877386
ProductFeature,cmp2000B2CE22F1A32FC47889F564F0DBBF
ProductFeature,cmpF64BD9E2D6020DCDD45FBD0186EAE3C0
ProductFeature,cmpB4EC4D588BCF65667786EB329C41F18D
ProductFeature,cmp7B27F1B5071187C0307E0AA900E0051E
ProductFeature,cmp54F9968508DBDFE5D839F01208317DB0
ProductFeature,cmpA92B7FAD53A893B9CA5878D14EC093AC
ProductFeature,cmpF24151E09848214D48405941C0C59215
ProductFeature,cmpB2F41AE2C97F4EFFA32C4D529A80B737
ProductFeature,cmp873E8D9672F7120387C6E2F151DA6C55
ProductFeature,cmpFE396B818BBC5DF184607CEDED545143
ProductFeature,cmp45AF66525309741807AD81A50EC5232E
ProductFeature,cmp38598CDCDB4651B676C62FBB05023429
ProductFeature,cmp8AC18686BE35218E1A05B39027250D67
ProductFeature,cmp9DB5C4F5070658B1C641DE92EC68EDA6
ProductFeature,cmp86747F9ED9DCDCC9D4A67F5632F1D6A2
ProductFeature,cmpA287E858DBCD09C901C97DA10817B957
ProductFeature,cmp5FAC74E10ACECEC3DA60A96543EE0444
ProductFeature,cmp1F3C6F9CD2596432E5F77202D4DFE773
ProductFeature,cmpD2B0920DD9D5976F61B11C49B1DA3A46
ProductFeature,cmp451639D6B076CF74BFEC021A03EFCD93
ProductFeature,cmp3E880A86E3B3CB22A879B2007E1DC18A
ProductFeature,cmpF2412D0FE7EE5B48D63B2993606DEF5B
ProductFeature,cmp97A7DE28C2FDC8F883E60DB58E065BA6
ProductFeature,cmp14D0E076F729D3426E9A46E416017C8B
ProductFeature,cmp9A23A9B889B52FFF64C29E49EC2443E7
ProductFeature,cmp44A06A08A5D691963368FC0CC027F819
ProductFeature,cmp8841713FC1FACA380E3F44284A774E71
ProductFeature,cmpC64998FDA420D000DF4D859A540CE8A2
ProductFeature,cmp2D7054B2E16C46D1ADF21C00F5992DE0
ProductFeature,cmpA320035E99880091653F6C9F2F0A3536
ProductFeature,cmpCC006D001533FA59689C3DDE7F3D0CD2
ProductFeature,cmp99D7AA1ECBE2C98139974D7D1C6094F5
ProductFeature,cmp0971BBE48E35E1CDA66F24B079B47614
ProductFeature,cmp0F07DB015FB80D59EE9C39CDAACAB07B
ProductFeature,cmpBEBB16905F94FAB51C6EA8BA463D233C
ProductFeature,cmp3407A1FDFFA16282261A3A8B16DC486C
ProductFeature,cmp0007255F7013F5EEBDC2A7DEF394BA3B
ProductFeature,cmpA341306C5FF123115A9A5DCABBCFFF54
ProductFeature,cmpE63F4510178B23985F57CBFAFC86D644
ProductFeature,cmp9FAC97B0EFBA4FEB407FC3B3298C5C2F
ProductFeature,cmp5D5F1E393D0EF757A123EC54E62127D0
ProductFeature,cmpD8D0873F3DFC34A8FCE35EEB4EDFAE09
ProductFeature,cmp7EDB8290B8028CEF42012CF5CE23F21C
ProductFeature,cmp1AF6CD4E520A79E8D716FC31CE2FFA1F
ProductFeature,cmp7E4FFDC25468CD03A252E91189DF619F
ProductFeature,cmp478914D500EA75043C3E61BFB6B3551C
ProductFeature,cmp884ADB931D52BBE91C4580EBDC699102
ProductFeature,cmpC79581B963512DF41C3E4E67ADE2A6F8
ProductFeature,cmp2AD98DC6DDFE0C7C05F373178BF8070D
ProductFeature,cmp8A81CDDF72BD050BE340AEEEEC623C5B
ProductFeature,cmp5AF5FA02C72EC7160222BC75FE290A61
ProductFeature,cmpD4740F7D6CEE314EFF1CE9BB0462D24D
ProductFeature,cmp6F18AD1ED3F42E7F658D7E0D0B262589
ProductFeature,cmp0F600A288B82EFD97DD8858730C7322D
ProductFeature,cmpC1E70522D46050BF1D2BDEF792D64E99
ProductFeature,cmpD28CB53F54907BF0B5F6B991F02BEC25
ProductFeature,cmpB6FB1B03D836BF170DB00E30892E291E
ProductFeature,cmp6D5089666DD70325468D271A5E689A36
ProductFeature,cmpD69C9D0F851C668599E6EC63B60EA4E4
ProductFeature,cmpA664BF12888D333F64C934B46303F72B
ProductFeature,cmpF124DE7DCF79A3E8477DC1224B68ABD4
ProductFeature,cmp6E0D7FEB1CCDE82AC5F36CC7CB3FD9EE
ProductFeature,cmpA64A1A1E3134531D1FA443D496222AEA
ProductFeature,cmp928CE4C174EB2BC08F9CC500AE9F0C56
ProductFeature,cmpB5CD96D993F1CC73DB8052FFA078C3A5
ProductFeature,cmpA7C9955758BF5FA9EAE1BFAB10194767
ProductFeature,cmp3BB293986B3D5095A3FC852001B343D7
ProductFeature,cmp583634F097A70735A13B4AE62C935059
ProductFeature,cmpC69754EDF6FC70CE8CD4EA230B9C40C8
ProductFeature,cmpC7A3D48ECD806127264036460412BBEE
ProductFeature,cmpF54DAC2EE4FE4A36725EDD932B48E886
ProductFeature,cmpADD019481661124274939D2E9DD38FCA
ProductFeature,cmp1BD04619A39FFAA6263EDC12E3D05D1C
ProductFeature,cmp922672487001D1D0822A39BECB1FCCB4
ProductFeature,cmp900ACDE6F66AAA19E96097F0333F1E30
ProductFeature,cmpD5E3A02CDBBFB131D9FF067126945AE7
ProductFeature,cmp84569DA928D63F1E3B6216A59014D0FA
ProductFeature,cmp53A48374B66FFA4D884B6B4D97D6486D
ProductFeature,cmp657400C717746C051CD349A987C7859D
ProductFeature,cmp710D228D2C4D7B74979332A67F00F204
ProductFeature,cmp9901AB0B4B479846604CAEA560AF5EE8
ProductFeature,cmpD0079BE3ACD126AC0B2296F8A8243BFC
ProductFeature,cmp8254AF68947BF8931708D1CF8EF99574
ProductFeature,cmpE84911318DFB3022566D7A63A0D625C5
ProductFeature,cmpE466F0CEF48B6F0FEE24DAFAC1A980EA
ProductFeature,cmp5FA04AB9B62B74778CF1243FBDE0665B
ProductFeature,cmp13D04D796FD89D14A7240A17A8F6DC21
ProductFeature,cmp219D63905FD05398F646F3B11CF264E4
ProductFeature,cmpAC91D2A35ED95849DE500FA679E0A241
ProductFeature,cmp099423435DEF61264D8250E8B2EABD59
ProductFeature,cmp913BFDB6DB68FB2B05276369CD70FBF6
ProductFeature,cmp11F7579647671A1DE7CE2E8B60160837
ProductFeature,cmpF589609887EADD8A27A025143195C333
ProductFeature,cmp0FD29BD0779DC61BB240FB6F3957E5C4
ProductFeature,cmp9941D5F9CD160A10196E34B92FDFDA84
ProductFeature,cmp49AD8A4177D35AA48D97FA740ECB0A8F
ProductFeature,cmp145E5B0784685752EAE8B8F41DE32528
ProductFeature,cmpC400E8942B3ABD4E56C434E837584A22
ProductFeature,cmp7C42157C8E698B1194D3899E96E2C180
ProductFeature,cmpAC9F7630931F108280E86AB50DEEB0A7
ProductFeature,cmp4CE4BFA2F06100C66CD6725FCA286983
ProductFeature,cmpCC76382543261BA8AA9165A896C4F2CF
ProductFeature,cmp575BB20691C26A74B462BC2098850137
ProductFeature,cmpFE560857693ACD4D84D0C3B698ECE583
ProductFeature,cmp507C9130AA6F6C0C195F2A55442FAE3A
ProductFeature,cmp10979B5D603F7BD7EE36F781D8A7CDB1
ProductFeature,cmp853203D98D5FCC492242912052327184
ProductFeature,cmp1C0A55533EC52B7285CFE60EB12EA229
ProductFeature,cmp8E22DECBF4E31A04F6E04E3F30C524E6
ProductFeature,cmpDB338E89E52AF74157481EE6078BF141
ProductFeature,cmpAAA466F1A5B3A547FF710840D370F2B6
ProductFeature,cmp37DF25157B26707B6557ECD9C7C07730
ProductFeature,cmpF03741C72DCDCBCDA80928D4F343F4C4
ProductFeature,cmp0213129CB463F577E1CF13C613665FB3
ProductFeature,cmpA5A54F441178DCCD37B79FFEB85B1260
ProductFeature,cmpC8C47867C5139767642C241E4A278FE3
ProductFeature,cmp709F4B6F4ACB514AA189280F39217AE0
ProductFeature,cmp6ED27DECEDC3FE75992419E5C3E03AE4
ProductFeature,cmp625D1C18CF95812663329076803DB509
ProductFeature,cmp1B69462891ED864A8D142D7F1CA6E2CB
ProductFeature,cmp454024047C7F4F9961C9A30C3CA184F1
ProductFeature,cmp052F426AF8E6D1C229365A0600EAE86E
ProductFeature,cmp1D10DBC9791F1924C894D414753B9AF4
ProductFeature,cmpDA8C5329D41A3448E8243F21E0B26EAB
ProductFeature,cmp2AF59338829676C6BADB2D30AEFED82D
ProductFeature,cmpAC4BFADA45D57F30F15BAE3E4DF4AE22
ProductFeature,cmpFB24049B57EB8994EF0D36AE92A2BD72
ProductFeature,cmp8AF6250C346B8586BF7BB92BBA514D56
ProductFeature,cmp79CF417F323C0A9DB536467AB6EE354E
ProductFeature,cmp00870DFDBE037C84E75D6AF07FE17330
ProductFeature,cmp61B41EE0D94FB19FBFF35B619CA4F348
ProductFeature,cmpD989EB70435988117FB6C6AD9C836649
ProductFeature,cmpE47288BD51FE9F656795FD9068E492DF
ProductFeature,cmp1EC94F40683DE3B0EA823349D404E092
ProductFeature,cmpE76F9FF915FC4C9003DA7768DCE65947
ProductFeature,cmp5C4B3C318C32DDA3E0BE2EB5452B4838
ProductFeature,cmp1BDD38366364260816A9C023F85F278D
ProductFeature,cmpD62C1919527B94045B0A384FC5518F07
ProductFeature,cmpCF2740451B7D1DCF4544D8D03A9B5094
ProductFeature,cmp53A5F93970DCDD4E1E5A92C65BB7CEE1
ProductFeature,cmp0C33E61D3EB80784D7826682779EA4C2
ProductFeature,cmp526E7C31552D8E9B8E4A141493A620E3
ProductFeature,cmpA845E9D8040ADAE69426ABD3A3CD5BF5
ProductFeature,cmpCE156506ABB34305705045F6C4564641
ProductFeature,cmp8CCDB1C6043984AD7E399D50DE9776A7
ProductFeature,cmp53D4506B6015FED0C4F030D8C6C45158
ProductFeature,cmp5BA4A5A28AEDD09A43EB0A8C7FCB9E33
ProductFeature,cmp64DB40A0F933AEEA9B11563C8EC19223
ProductFeature,cmp5B1939D0CD1E9A3A982A98A71A427697
ProductFeature,cmpAE49430338BC7D2D4B880DE907201AD6
ProductFeature,cmp730F02DBAC57DAC21FEDC21344FEEE23
ProductFeature,cmp522A52ED196D4746D3A11C47BA21A97D
ProductFeature,cmp65B9521461CE951C38C1CDBF35489324
ProductFeature,cmp29746F9787EF174F5B0EFA6876300FC2
ProductFeature,cmp2C1598133D336872850E96812A71FFD8
ProductFeature,cmp8035EAD5F6EA2F95B5215AD870D90BBB
ProductFeature,cmp0ABC3BC41648787359E1AD2159CAA07A
ProductFeature,cmpC5083F80C8F24856A16ADF52F033A5E0
ProductFeature,cmp19EE77F38380CE1DD706E9088ABBA060
ProductFeature,cmp2FFFD65DF3511110224BA540D7419EF1
ProductFeature,cmp9417CA87A6A5D143C70DA5B5ED447887
ProductFeature,cmp3089FFD604856836F10271A98E8C5031
ProductFeature,cmpF4E8190C90CF62FE1B6D0B62A0A6060D
ProductFeature,cmpE885837012EB583F9E423DFC46EAF912
ProductFeature,cmp6233CE706A488AB7A2588DF6A0DCBD43
ProductFeature,cmp231A7ADB7C75D6FE99F14979C3981A65
ProductFeature,cmpD95DB63A3556AA1CFF400AAB10BA5F31
ProductFeature,cmpCAD444E2BB1C984380294B1F660CCAA6
ProductFeature,cmp2080489CEA7634DCD118A3AB29B6D7A1
ProductFeature,cmp3B3A94A0E48A586813AC91019417BD71
ProductFeature,cmp8922CDC7DEF90258E67E64CFFA87F694
ProductFeature,cmpA7AE4A0820097FEFAF2574B71FD9DEF8
ProductFeature,cmp3AB364A1CC16D768FA79F513657EFC36
ProductFeature,cmpD9A72BFC2C815EF2DB066A2482F98A30
ProductFeature,cmpF181A403434DD98869DBE75D3CA51044
ProductFeature,cmp2A13D8B1EC3E4512539EA3D5778948A3
ProductFeature,cmp77BC5A6BEA7BAF26271CD41B8618A090
ProductFeature,cmpF31D41166C0FC7FE542210A87C358660
ProductFeature,cmp230B422F2B095D13F81690E90610FCDB
ProductFeature,cmp339AE2F8B92809D5542B4F04DBEA5613
ProductFeature,cmp45FBC1C89D4A0066B6C563A9AB6788FC
ProductFeature,cmp745F25C46B9A1128ED8EB311D2BDB642
ProductFeature,cmp8A59557620655AFD5132E33A0FFE3445
ProductFeature,cmp4DC80B27C22049121E53B80C536426E6
ProductFeature,cmp20F01D6CB210711593B3DC2E33D27590
ProductFeature,cmp18788E25957BE0826EF9371AF332C866
ProductFeature,cmpDA1358DA5FAE1C72EB28808392290872
ProductFeature,cmpE07FA55AA7D018473B6C9BDA1C46CF1A
ProductFeature,cmp0194C1D188263E04236E4B543EF769BC
ProductFeature,cmp81CB98B6A8FDFEDF8F0B705A06EFA369
ProductFeature,cmpB60ABD338A629D46816E7D414C56F33F
ProductFeature,cmp4E0D46600C6EC22CC5BB28685D4FDD06
ProductFeature,cmp97A13A0C15A7CA33EA112BB9108332CD
ProductFeature,cmp72A98F9519A8FFDB8763B316E4F548C8
ProductFeature,cmp5C5306C7E379FC708130D9872215AE52
ProductFeature,cmpC5ECF5A2BE0A79ECA15F1A4933EEC9DB
ProductFeature,cmp0A9CF6195E04EA50D69D37BE14D3A34D
ProductFeature,cmp887C2B664A1210B04C626C682AF2D9B5
ProductFeature,cmp492E8B394625774DFD504D3914490C6C
ProductFeature,cmpC05BC8E6DA8730AF2C0CC106107AD21A
ProductFeature,cmp308151EB8F19A23B41AE234E51C593AB
ProductFeature,cmpD48D4ADEE47B9C799E0C9AEFFEF890E3
ProductFeature,cmpE7418A4708DF96145FAA5ACC831BEF63
ProductFeature,cmp81B12D742D81CF0A32B8D0FF50313084
ProductFeature,cmpFDED06470BA8C8D39103A799F793F1BC
ProductFeature,cmp2747F32FCC927AAEDE06C6AB30A5AC77
ProductFeature,cmpAEDE62F8F4FE59E6CBA88A4786B4FE7C
ProductFeature,cmp2A011BBD18A1D6FC6D0852D820B1E9F5
ProductFeature,cmp9AF04775022A8D6B147C7F91AE818343
ProductFeature,cmp93B15DAD8203A8623F11B9F07BF53FB5
ProductFeature,cmp4EC9DDA0236D901AC38A09697D91D635
ProductFeature,cmp4FD82966E2D81F19AA1B9F7EC3DF4AA4
ProductFeature,cmpC0B838AA7F6A414877E19B2F105566C5
ProductFeature,cmpEB7EF79238000E4D804AA9D6781FBAF0
ProductFeature,cmp04DBDA5537664C89174EC785A30DC338
ProductFeature,cmp8BBF07E478F47B41939A21CD192D2D50
ProductFeature,cmpA0258F71D133584FD27ED2C155C61BE5
ProductFeature,cmpDB2E0E638167D9F1865A71DD3DA9CA4F
ProductFeature,cmpF863B0A68D1AAB20086FA5E0D532559B
ProductFeature,cmpB609DD37A390343802A85AA1BF93FD31
ProductFeature,cmp0EAD7F87DFC3CB99173357D636ADBA37
ProductFeature,cmpA5C6A46E957EE41089D4162193664F11
ProductFeature,cmp7AFCF62A3801132A9C7CC57705C76B2C
ProductFeature,cmp437F0BA216907F375B2155FAC4CA857C
ProductFeature,cmpB03821012CAD110A2ECE97251C90550E
ProductFeature,cmpDEDF19A475CF2E4901619D2636200A22
ProductFeature,cmp2FADA3B1CA69766335EE4DFF51660442
ProductFeature,cmpCCFC784CCACE07D7563BA5A424E60125
ProductFeature,cmpB3A9A0E5D59DC98D16D33F49106832F9
ProductFeature,cmp786022BC3F2E2E7682C596A5717BC261
ProductFeature,cmp8C89C9567A76341EAB85CE50DAB510BB
ProductFeature,cmpD184E3B37A349C82A5E184FDA6272E77
ProductFeature,cmp22080FD079D8E7F3D0C95D4E2A7B20CD
ProductFeature,cmp58221240076A15477A7B08DE7913629D
ProductFeature,cmpDBBD39955ED72CDE1D4F26CB1A2D2BAA
ProductFeature,cmpD38E600508C4817BE3FAB017A61F1C8B
ProductFeature,cmp13AFFD23023CE0CEFBC55FE498A17780
ProductFeature,cmp90DE8F08FEEF9D63B4E2DB3C029EF817
ProductFeature,cmp11F9B62D64F10468A00D41D84E8894E7
ProductFeature,cmp60454BA9AADABF78F617EB4894FFA956
ProductFeature,cmp55B96A944D798C8EED95AAEF35F888BD
ProductFeature,cmp00C4E68BACC58484842A3AD178D5EF42
ProductFeature,cmpBAE12497D497DF62C21C7D594D368B42
ProductFeature,cmp8BF6F41D7BDE77ADFD507A3928A97645
ProductFeature,cmpC960C9A34DE3266E38DAB88810666178
ProductFeature,cmp023E1DAECA4D197A36C59CE7B9FD3884
ProductFeature,cmpFE6D370787DB88C4807FBBF992B53AC0
ProductFeature,cmpDB3CB59B3071D300E3D474D1EF2FEC34
ProductFeature,cmp7A3F41CD68A7AE5E97BD2DEC0372B314
ProductFeature,cmp7E04C3B6606D78ABA7A796BBABE6E04C
ProductFeature,cmpF4153CEAC5BC8FA81D9B91DB75F06369
ProductFeature,cmpE5FC145900B653DA20C24B148A95377C
ProductFeature,cmp0EE99AFAB4AB95394CBB1AFE84FB4FC7
ProductFeature,cmp8CEBB713F22BB7BEC8F4C7D5B0135C0E
ProductFeature,cmp0F82C25101B553FF21368681A35F57AA
ProductFeature,cmpF21CFA6094BF66C4C55ECB1C1013091D
ProductFeature,cmp00D4A5E71D4090496D731B0702475DA2
ProductFeature,cmpEE3FEBD8FB975733150F2C9B05A7DDAB
ProductFeature,cmpAB9302CBB5F4EF0C11D3D2C19BA025D1
ProductFeature,cmp1C2623AC3509A291D369B205C48C1510
ProductFeature,cmp3CEFC36F68C2A8AEDA69E23AD5C47427
ProductFeature,cmp1E32E5C67D6B10C24C2BAE1931556A1E
ProductFeature,cmp50E48BC518B038632FCD9C5B5D62058D
ProductFeature,cmpFED89C06804C519019F9250C60B907D7
ProductFeature,cmpA57EB91BB3F4B473886B045D130FA20F
ProductFeature,cmp54DF786FBC4FB8EA62DA89ADBC289C3E
ProductFeature,cmp7FC7226ECD32D5081B4F0CED391AEA02
ProductFeature,cmp77EF271AA425B3F39E9B8F3AF601A260
ProductFeature,cmp364FF16DD7FA64C8F5846695C26ED779
ProductFeature,cmp97725713BC6AAA7E27C26CDE8596E63E
ProductFeature,cmp2D36E0F96A909ADA25AD4DC4418BD1AF
ProductFeature,cmp57F8F1D656996747C62FC9E206FB6E9F
ProductFeature,cmpF08AE2BE9DB0D66A7F66FC18C5B83599
ProductFeature,cmpCDD01C55BC62169591A11EDC050E23FA
ProductFeature,cmp789A391F2492328C0C9D7E36DB7F995A
ProductFeature,cmp04C3B66D4F60686A5CFCEEA383ADCDF3
ProductFeature,cmp2E3AEF76E7A88E99BC5BAFCA167729EB
ProductFeature,cmp80158CE80F117223F0EF221E2D2DA390
ProductFeature,cmp8B0ED656224318F2C0C832A348B261F1
ProductFeature,cmp9AABC5DD7CFBB290A164423C466FBA18
ProductFeature,cmp21AF37B3136C75C7662266D035FD4015
ProductFeature,cmpC3E798F725A4310ADAAC3125989ECB33
ProductFeature,cmp958E4A4B80EB77023AE653F38E95EDD7
ProductFeature,cmp7BC02D9BB8338E7F7AAC606E032AC499
ProductFeature,cmp07EAE36E704DF78A6735C0981C92A414
ProductFeature,cmp80F6F4CB1E378632C8D3E7996DFACB4A
ProductFeature,cmpD6AC0921C0E1B1CB62EB9D22CAF5C83A
ProductFeature,cmp54522E5D5E6D14028D408B794256ACA6
ProductFeature,cmp6817FA14AB407AE03D7B328AB3DFA59C
ProductFeature,cmpD21BB868EE05228523FB8FAA0A5BDA05
ProductFeature,cmpA376AF23D4288F82D1182CA440F47A94
ProductFeature,cmpE2732BD8DC55E7D0D387A8D1FDA67614
ProductFeature,cmp1F47EB5392FDCEB9781197C645B74C25
ProductFeature,cmpF4A191669BA42DCEF026B8966AEE3DAB
ProductFeature,cmp872981E0B3519C7043D7EAE8391168A7
ProductFeature,cmpE93E7C12F1B68514C88D7DFF2325B108
ProductFeature,cmp0BB511034AEBE0BE7E4E601EB3E427A8
ProductFeature,cmpAB9F4F8F8797A846BC832A0A07969283
ProductFeature,cmpB00F96BF233C5F354B37CF5C16CA5880
ProductFeature,cmpD141C2FF2F23DA6D6924D48CE82EBB5C
ProductFeature,cmp9C3922A062C65882F13354417EF6960D
ProductFeature,cmpA05BE086BCD1CC22D6814009C4D2AEDF
ProductFeature,cmpD0A963909A1EA7518005D27BB0DB7432
ProductFeature,cmpFF6D3EAB791AEB02FC1BAD5A2747188C
ProductFeature,cmp9C01344195B0B519777E4D676CB5FA9A
ProductFeature,cmp631EA15DF8F0D5BCD4EA51A3CCAF1ACB
ProductFeature,cmp65423A2E8A1D856FED551EEF5F2AE239
ProductFeature,cmpDF56843F8B0916E6EC7E5E36C513126B
ProductFeature,cmp98627786EB434784133C6A7D7C5C5E8C
ProductFeature,cmpFAFE74B39E0E2ED4709F7AB195044BCE
ProductFeature,cmp06A877334B93AE19A91397B3D860412D
ProductFeature,cmp0B6874021C0FA2FD768335C4623C8947
ProductFeature,cmpD5F2BDABFCA8098D29960246272394F8
ProductFeature,cmp745670A878C391C2CCC403E0C349A065
ProductFeature,cmp075A9304B69B62B31133DF4808229FA5
ProductFeature,cmp6C7B276C7FED66E1D6FC0CCA4C9FD83D
ProductFeature,cmp2287399BF57A8D3D6CC97566E4FD17AD
ProductFeature,cmp6CE39E6E7948E4BF4269F5C9D5418A71
ProductFeature,cmpCAAF16733D61EE63EE06FB827E6EADA0
ProductFeature,cmpF0435A1AEB39D2FB85519973DD79A1E8
ProductFeature,cmp47184BA63E806BCA203911CCD21EACB2
ProductFeature,cmp3DC83A9E23E3FC29F10AD3D58832AE4E
ProductFeature,cmp399A6CBFA05D0DC609F8C7D35BD3FD13
ProductFeature,cmp5B8916E7C6AB7FD1F0549FAB1432C878
ProductFeature,cmpC78FCAB155EFB4631C6A6754C7D07D86
ProductFeature,cmp281110EFECA805176B52A3480722DEF8
ProductFeature,cmp40A0C672596CA345E0D487B5A2FAD2CD
ProductFeature,cmp6C72F4A3648F5D8D304D93549C829653
ProductFeature,cmp212939A4D11F000C42F8E593969D5370
ProductFeature,cmpA9D299B18E824E466F81A545631093C2
ProductFeature,cmp721151D1ED6FA1ACB1D28F30DE925EC4
ProductFeature,cmp485D3A672B9911BF3649D48274915DBF
ProductFeature,cmp80387F0FEBD9C5C81EB4537A78A91A0C
ProductFeature,cmpEFF3F4A8D295EEB5B83CB7EFC49A2FD8
ProductFeature,cmp2DAAFC2EA06D70500B602603786CDD86
ProductFeature,cmp842E85A3FD0890254FD3ACDC6DD72F8F
ProductFeature,cmp36C35952EE0155BBE9E81ADAA9E113A0
ProductFeature,cmp2D5D8AC37F095C07B4F01529634C4779
ProductFeature,cmpFCE0E6C8BA094EA12F45A1836144C182
ProductFeature,cmpE62E8B1E683C95D75ED8630084F0B726
ProductFeature,cmpCD87273DDA74052E2E77E6F867A81A1E
ProductFeature,cmpE469DDA743B7662AF57D19ADA50E703A
ProductFeature,cmp5629A357A9FB85773E2F09980D4951EA
ProductFeature,cmp6344159FF680DFA998B40C98FCACCB34
ProductFeature,cmp2C336C480A25A27CC132D9D7E369F9E2
ProductFeature,cmpD84E0B70CD88A0A05E89AAECF9B6B91B
ProductFeature,cmp58DB93626D8251E4EFD1BE26B27F71AD
ProductFeature,cmpC2858607AAAB19CFBFFA4CBFA653FCFD
ProductFeature,cmpF61CA30484799B7DFC38EACC089943D3
ProductFeature,cmp8F3E601EA6FB3E15C46F5F260AD03331
ProductFeature,cmp6E450F2F6375E4D2FB1EF7C1A3E09110
ProductFeature,cmp48FA4CF34455BCAFEA769E9CB3699CD0
ProductFeature,cmp94E3F516FF481A5CEAF6C6E0BBEDFA68
ProductFeature,cmp8B19AA4000B78AB166F52657A6CFCFC3
ProductFeature,cmp04AAEC76510995E7E36C04CA0E7EFE18
ProductFeature,cmp3F59DA9DFF8B237FF5B9102BE61737C3
ProductFeature,cmp23DDEE7C52B12BFA5E54F17B671E4C00
ProductFeature,cmp344240DF5FF3F952C94068A6EE67A09E
ProductFeature,cmp85522101BBB67A346F18D556C0A5A73B
ProductFeature,cmp638E648B3CF90003378B60F9AF26A7EA
ProductFeature,cmp8198E04715157BE4E820096748A61101
ProductFeature,cmp908802C0EB9C8EF3B81B59F6ACD0867E
ProductFeature,cmp6DDA217BEE8A641620FC9AE89292EE0E
ProductFeature,cmp807B1E464BB7A9A67C5959EA4CF4A123
ProductFeature,cmp52457D281D812CDE66DADAFC0350BD99
ProductFeature,cmp84EFAF28ED34A0393FE24A5731F0B17A
ProductFeature,cmp6D01092212C543E10504E6845372BD10
ProductFeature,cmp5FA74542468B73A34DDAC3364F91844F
ProductFeature,cmp77DC3587972CF177AAD5737A02A9372A
ProductFeature,cmpD357B26C7DFE11A1BE860417C1C9E1FC
ProductFeature,cmpD238E23D467E8C7481D42DA9AC179D27
ProductFeature,cmpE41581FB937E159954C9AEB976A279BD
ProductFeature,cmp55D3C03F2C5E8EEA8506922DFC1ED80E
ProductFeature,cmp12145199B16CFEC5E69E6F051377F640
ProductFeature,cmpC316B9EE7A5DBDE2779A42AC4F60EBBA
ProductFeature,cmp6450908B0B3D553ED810E1480B74F0AB
ProductFeature,cmp9413E7DB2F602FE60D006A41966372BB
ProductFeature,cmpD0C8BE9CAAC5B983389F8787BD948784
ProductFeature,cmpBBD24B1BA7BBFC849A1944D3D0292323
ProductFeature,cmp11625F84A134FA9B76FC6789405DC17D
ProductFeature,cmpA2E9E761B9CCA3A1C7BA720B5DF03248
ProductFeature,cmpDF006DE5A9D27742107D0DB6175ABBC4
ProductFeature,cmpD1983A12DD450C1C8DCE825DF7F3D3EA
ProductFeature,cmpF755423BFE027735B39F0E54CAE061AD
ProductFeature,cmpFF1BB70ED37B8135C32F7469F9BC8268
ProductFeature,cmpBA824833ABE16543E326E3A139E75EF8
ProductFeature,cmp599B6DADA429948ADE833931C0FB015A
ProductFeature,cmp31E1660539867A5216B2AD80F72F6D55
ProductFeature,cmp7A11A489584D39AEA96315CFF7EEE990
ProductFeature,cmpB94683FADA2B291593DB3FB9275D8D18
ProductFeature,cmp618DE96E18EFA8518ABE85814B967FED
ProductFeature,cmp787C0D4B0DECE119AF3D9526DA384276
ProductFeature,cmp26FC49A0B471372B22FB88A81F352146
ProductFeature,cmp4F86223C4DC9C3678FAEC3BAB6F367B9
ProductFeature,cmp168F7BD7405F0436CFD4AB3780850782
ProductFeature,cmp3124B90F40C2D1DD72B4B8DB07A806F3
ProductFeature,cmpF1E30600F54F9AB1C8314C8179041C2A
ProductFeature,cmp6C4EF5509E2124608622EF573CCEBACD
ProductFeature,cmp7A0673D74C66F60041998D3512770BAB
ProductFeature,cmp971571E8D8CBA0931311F85A9B902B55
ProductFeature,cmpD6C96EAA5EA16CC59341D9AF21DE7CEB
ProductFeature,cmp5481A538F6911544171E0B3053402640
ProductFeature,cmp9162AF0C015BAE7FED9BCA554C9E31E7
ProductFeature,cmp1A38773466AAD65D609DF629A72F7926
ProductFeature,cmp6210F7B08522775855EBFABE186CD655
ProductFeature,cmpCB9E83002833A9BDF8A569427F76E033
ProductFeature,cmpD786D542A4BDB9B314BC3CE65455D41A
ProductFeature,cmp895223EB67B52E764C2E761BB637EF89
ProductFeature,cmp75DFA2300A855EE8D023324B505DC535
ProductFeature,cmpBA436C2BA9ABA94E50C2ECC2C418C41C
ProductFeature,cmp9D5022E194EA7D880C073FAA3A53E3EE
ProductFeature,cmp504543A237EE636870B8A01027B21A0F
ProductFeature,cmp43046B1EEB9EC121B39B8B752477F613
ProductFeature,cmpD548B5A58073320E23E294A8A417C119
ProductFeature,cmpE24263970137B30FE5FA9B889F61C788
ProductFeature,cmp7D3EFF3AE273540F561B56CAE7B9BB1E
ProductFeature,cmpE38FDD6212D29E8765FD6214E849DDF2
ProductFeature,cmp9C733EEE0602FAD1B3EB7DEDB585C72E
ProductFeature,cmp06E9AE512471C8890CB79A7DB0DA029D
ProductFeature,cmp114A962ED88BE69EA12F4A3F1746E015
ProductFeature,cmpD0D5BBA041E92D24385622981B434BD0
ProductFeature,cmp2982D94925FF468746AFD1F8B89E8531
ProductFeature,cmpC82E360EC65971EA676CBB4352CFD6B3
ProductFeature,cmp927E46FFA862F411A00DC9442D6EAAB7
ProductFeature,cmp83C612479681783CBAB382ECB75BD24E
ProductFeature,cmp59C7668BF91E0849157ECA3D0F8D3D08
ProductFeature,cmpD65EA8EF307B7F69DE063274A7ED409E
ProductFeature,cmpA413195D8EF6F2BBE506EC2BC7F117F4
ProductFeature,cmpEA8A96A772CB0488B26142D71DD721F3
ProductFeature,cmpC6D42E3E01F29E862662361974A85AB1
ProductFeature,cmpA77ADC34A687EF7264081144C8E3114E
ProductFeature,cmpCB0F6E0864573695F608A125C8C7AE98
ProductFeature,cmp5A0B490826F96EFAB6DB3142FD4D2812
ProductFeature,cmp4FD183F25DBDA59620877830F456C0B6
ProductFeature,cmp2E95224044FEBC0399985B163057AE02
ProductFeature,cmp03615ED751366DD180132FB56406CA34
ProductFeature,cmpAC43A2B0A367D63A6AEC8890A09E7AD1
ProductFeature,cmp7B686F014D6951D41A88214236F38956
ProductFeature,cmp6B581F400C24791416B3EC25293A5862
ProductFeature,cmp0AFEF62C6DB325FABBEAF5401E3B304F
ProductFeature,cmpEA74EB819150DE3C0370C2E8F1B4B7F8
ProductFeature,cmp4E4E73FAE2180D8953A3106D61C92CF9
ProductFeature,cmpCD5B819AF90CB3C0BA9B98E3144F9665
ProductFeature,cmp73FD10C0FE5F1DE62943D3E872E88104
ProductFeature,cmp63C3703463EADD4EAD006621D1EA5F27
ProductFeature,cmp213381445A66201E3AD7B6E6054690CF
ProductFeature,cmp16FB7171B3CF8C011B4EB6B580A468F4
ProductFeature,cmp88466491DB65E347C24FB2018536869B
ProductFeature,cmp1BDAA726D554F9BFC33A7DA28563E706
ProductFeature,cmp1CB8A06D5B0745E1377233B4F8A87EAB
ProductFeature,cmpDF135AD5076E350B1C4653EB60B02CFE
ProductFeature,cmp73658CB38E3828523F6C15C03B8486AF
ProductFeature,cmp39A134212762FD7C98EC740B78D327B1
ProductFeature,cmpFE8CCF2E92E4E20FBB407C10BC9D9AE8
ProductFeature,cmp75B85DC22FA650503EEF4F008CF2CCF1
ProductFeature,cmp359BCB3D8A7D2AE39845FC7C9175FC71
ProductFeature,cmp27F6FD25967BA4F1349B35D72301BA3F
ProductFeature,cmpF703642BCF7F86EF408D4AD21186A1C9
ProductFeature,cmp63A075783425C51F7412DEB7BA325397
ProductFeature,cmp0B561084CC7B789FCCA59B597C6A79F9
ProductFeature,cmp199F66DC18F05FED4D23F16AC4CD50ED
ProductFeature,cmpEC6AA8DA241D5A8275ACEDDCBC873BA9
ProductFeature,cmp59161B0019EF0A283FEFA1F1BC81B824
ProductFeature,cmp2995A586DC10702D33DB521BBA6D0ECC
ProductFeature,cmp9883F9E537FB477BAE70E847DC524808
ProductFeature,cmp323EB9E12560E124D9981D84D3A15375
ProductFeature,cmp4EAAF97DBCDEC70FB067CDAF1701FF27
ProductFeature,cmp1C1CBF69D2BC0FE019A233386B7DA2B0
ProductFeature,cmp7CAB1603FC103E42079B4A30216E391F
ProductFeature,cmp5AD6D5D4312A33E15FC010E0C7A94140
ProductFeature,cmp64147B7DAF1D3E6372B829CB5D47EF2A
ProductFeature,cmpD8BC6DA6E424B592C9AC73331564F0A4
ProductFeature,cmp7B5A5C9D5E484F4ED471AD37842B6E4F
ProductFeature,cmpC4576E347CC6A7B56237C1B77A6420A3
ProductFeature,cmp816E3F61CFBFA64F389BD8846562B3E9
ProductFeature,cmp889993FCC5EDE1A2761563BB2A322DBE
ProductFeature,cmp77D8B1651E9EE4F1853A6FDA9D1C45A2
ProductFeature,cmpC9C2C23F8B5DFEB5062CC1A1945784E2
ProductFeature,cmpD11A5C9110830835545487214299D4FB
ProductFeature,cmp44D2D5F594A7207DA9FFBA746D746E27
ProductFeature,cmpF78F41AD0A6274B5A1DE68E266BF3020
ProductFeature,cmp1FFE26CCA0D4DB06E302D8B03C6CA71D
ProductFeature,cmp4F372BFCE1E4268D934BF5CAF33B8954
ProductFeature,cmpBFD450AD11A4A7DEE20093882BE99E40
ProductFeature,cmpA5CFEA3157D4A4D0BB4BD142EA547BAF
ProductFeature,cmp976D9A02C14999D5A21E9254237FFE44
ProductFeature,cmpAB6657C2B07A2DD52A1471CECB005474
ProductFeature,cmpAA6DADACF55C3CE275753EAA5CB78767
ProductFeature,cmp22FA9A095C80D77E2FE6A79D47130E96
ProductFeature,cmp0C4B057C3A869A36D5964930010EADF4
ProductFeature,cmp9056726A63A45B4806AEF112DA159D06
ProductFeature,cmpC7F2DB11E7B4452FCB0065ED1F9C9113
ProductFeature,cmp7F5C1CC6DEC5E69AF71B012DFB5D6332
ProductFeature,cmp9FC69A58148F88C59DF66E059252DE24
ProductFeature,cmp8BB2E004842A09CD3E0DD55274BE9202
ProductFeature,cmp098C5ED0276D5DA4DED983F93CD0F5AB
ProductFeature,cmp88962EEE6C63EC775B7F297B93CF48EF
ProductFeature,cmp6CB273959D9F146CCC908F9FB2FED416
ProductFeature,cmp47203F93081899B78380D65A1E49806A
ProductFeature,cmp64D2A92BFA625C998822D237E4B7D2D6
ProductFeature,cmpE333227A6B7E225CB7CE89701B14C587
ProductFeature,cmpB320E56826E4EBA595EF8AB2BF69142F
ProductFeature,cmp648EEDA51D7AEDDD8653482D239DD302
ProductFeature,cmp3C9EEE83656272AACEDF13C3F6B3B45F
ProductFeature,cmpBE4BDB34A98F360A01844821ED43F71A
ProductFeature,cmp9F51FAB35F672627F9EA8936E5F9649B
ProductFeature,cmp2427F155EE9223F4D7E65B82C401E9ED
ProductFeature,cmp89DD097B28BF7AD6736E1A52E3FF54F6
ProductFeature,cmp72E936C8E474032CB4C3641BACB5E03F
ProductFeature,cmpCBB48098020088FC3952FC769305F187
ProductFeature,cmp86D8A04B65FC2B6F0CF2BCCE43E7CD38
ProductFeature,cmp7291D874949A409FCE3E4397A4D44273
ProductFeature,cmp82F1818C3F861E2A7A97F344D9309214
ProductFeature,cmp6D07B03B0463202742CFA6D146C66657
ProductFeature,cmp70B1115A0353DC7105B205572C0F0AD3
ProductFeature,cmp42DB243CE43AFA7F7BC16A238E7F4698
ProductFeature,cmp587BA9028AACB5B3ED577B3DC537317E
ProductFeature,cmp116C81C79995BE201DF2BE00D23FA418
ProductFeature,cmp3AB0CA50B3349E9EC16A2F1E8AA6050D
ProductFeature,cmp094224796494500EFCA03FF4C4A8CBA1
ProductFeature,cmpACE443B07F14B1C68AE43EFEE8846160
ProductFeature,cmpB759BB9654CFF37EE6D9606991B8E25E
ProductFeature,cmpBFB7BD3A79482970195A6932563D9C3D
ProductFeature,cmp3361AE8680DFB3AE3495D38D27A7E02F
ProductFeature,cmpFD2614837F99EDA8B5D9D50E45A88434
ProductFeature,cmpECE204D4B7EBCB9583294AB7F1190205
ProductFeature,cmp8ABED4CDB005B1F673342A240CAB9C25
ProductFeature,cmp3B3280C3139192E59C42160BFD8632B4
ProductFeature,cmp405EF993D9ABF026790FBCCB413BB0C2
ProductFeature,cmp62E22A0A097C9F38A727D05224939CC0
ProductFeature,cmpBA7A3484884DFA93FF30DA3A8D355AC8
ProductFeature,cmpED76D93A3CE2A4FD385A8EF21FAD5939
ProductFeature,cmpECB028F75585E71E71E58DE8AF16BE7F
ProductFeature,cmpA537967AAFC619064C2466B3BDD51C22
ProductFeature,cmpC426D9F0070EEB50490934374718484C
ProductFeature,cmp52A6CAC8FCE390AB312BD78E5E708A05
ProductFeature,cmp37550BC7ABF35EEDDA250C4ECA464366
ProductFeature,cmp2FF7373D96D73C773F4A9932E46BD6A8
ProductFeature,cmpDF96F1CC647575FA2C448938660BD759
ProductFeature,cmp70D7E90D55B7E0D168AAC3A99C159D92
ProductFeature,cmp7CD9D73CC3DF7EA2212C256F4933E501
ProductFeature,cmp6B6C0C9B2BDBEE39254CA8B34126CE1B
ProductFeature,cmpEEC546AA2B8BF074C3EC9027DD3BA853
ProductFeature,cmpDD8986AC53A2C0BCB309DAC393D12749
ProductFeature,cmp819444D3A8B61504280F6E533EC674B6
ProductFeature,cmpCDFF80742CF3D6FC0B2EB858D598963A
ProductFeature,cmp89068B98629C7D59C349C8B88017AAF0
ProductFeature,cmp6C63F6BA2AD460C5DD72765FA56BB9CF
ProductFeature,cmpDB9B837F0ECE5ADE0F89239B4D6DAB29
ProductFeature,cmp4977ADBBA0D900A5EF914546C3C0DD2D
ProductFeature,cmpAAF7BC6C7AA040E8C877D11AC3149695
ProductFeature,cmpD8EFE805D2A2CC6025B02E9C4B5FF1A0
ProductFeature,cmp2035EDCD30A9944A38EC79F56971E0F4
ProductFeature,cmp70B91DF0269A49E303CDEED9EBF6CBAA
ProductFeature,cmp2519C2BEFC71CA471A5AF21DB5997D7B
ProductFeature,cmp785C6FEEAD9EAEEA6B00314C0648AD14
ProductFeature,cmpAE4DF58C1F5E98C0855AEF15856FDE51
ProductFeature,cmp677034A9FF660735E6CDA733430B7D71
ProductFeature,cmp5113BDDB59CE26ECC891DF41B2A9D23A
ProductFeature,cmp0D2DD6C993557BDD8170127878892FD5
ProductFeature,cmp7307A32EF68B219D8471A426777D50E3
ProductFeature,cmp632FF78891D4BD3D687348D359A0D76D
ProductFeature,cmp6AC2EC41D88D6D86BFD475792228A565
ProductFeature,cmpEA1C4269A32105CECEDBF075B5A82359
ProductFeature,cmp6ADD5C90AEDE3B553EAC9607EB4FD7D3
ProductFeature,cmpC37F16DE8E3D40DC689E570BD311A7A0
ProductFeature,cmp06EF139B6439674875D484FC60BE81B6
ProductFeature,cmpF2DCE94C6DD1FF3EFF337D3712C648C1
ProductFeature,cmp0E6F3D75592A3A0ED7E3BB17025C1E4A
ProductFeature,cmp15BE40B7AA878E6E7B534683BA212662
ProductFeature,cmpAEC506A2E39702327D39E84DD98A104C
ProductFeature,cmp04A509910B530C3D4812348C51B96E0E
ProductFeature,cmp9ED9E6DE130EBB7A79C56B33FE22DF62
ProductFeature,cmp9C96E999A72DC802FCEAD68D58FC42F6
ProductFeature,cmpDF74DCF9E36ECD6A2C919FF4E9B2C129
ProductFeature,cmp96991182BA8B5EFF42400E5D2FCC7F38
ProductFeature,cmp8E7C2F4A9E03AE25AABBEE0DB73FAA6D
ProductFeature,cmp8DB50B2E6F13565E62071FD10C68B58C
ProductFeature,cmp306EBB000259E394B47060D1648F113C
ProductFeature,cmpF712ED05F3E25FBCCEAD02978C708A8E
ProductFeature,cmp67BE0619B5BDF30B8AADF74076C85921
ProductFeature,cmp7489607C04DFAD45FA936CE329FE23BC
ProductFeature,cmp32DBAC4B7040B050E511BF77E187C077
ProductFeature,cmpFA74D89B9E52267C0E69D1E72EB0BC0C
ProductFeature,cmp27909386C9287383D956269CFA2D96AA
ProductFeature,cmp2E3DBB6937D4E6C93233FEA4D4E1E4EC
ProductFeature,cmpFBCF2618A8B2BFF773C7288D8415BA56
ProductFeature,cmp6845E6F66306D49A253B740D00199973
ProductFeature,cmpF471C9805DBCD55E48D78DCC6D8D0AD6
ProductFeature,cmpF2A0CE9D660048D79AB66B2F7720CF85
ProductFeature,cmp9E6D444D6AEFB4A0FD0B30C029DC8F3D
ProductFeature,cmp02EC0AD3EBED07064A4CEE9064D7FC68
ProductFeature,cmpA4231BA8226820746D2C0E28AC57237A
ProductFeature,cmp4E191A26D719CB605397CB060B048A41
ProductFeature,cmpCFB6938E263E68E04E6C46026CADDCDD
ProductFeature,cmp998CE85B1DA48099701F36B82B16F62E
ProductFeature,cmp6D8651E68EDAC898D58A87584E7B2C2E
ProductFeature,cmp2CF167EF853C4739E5588BB6D5021A95
ProductFeature,cmp09BE28EAF9BDD6BBBB570B7ED2E38524
ProductFeature,cmpE82C07D22781D080B18BA0DEFDAD7CA0
ProductFeature,cmpA9734A6F2B8024242B86DA8D96C10C95
ProductFeature,cmpEB30B122A802D37CDD492C2384C87249
ProductFeature,cmpF3EF83F8DFADDCF5603EA78585A597AD
ProductFeature,cmp54BD76925E15DE66B9BBBC5C75A089B3
ProductFeature,cmp1EFBBEDBA4D10887EFCDB70E830C54C8
ProductFeature,cmpC61F80BB237369478DA423EEE0E548B8
ProductFeature,cmp293A9622FC17F1F6DC8E2891EBECCA3D
ProductFeature,cmpA0253D4CA5E767D1581F732CC4169C9F
ProductFeature,cmpF22F268F08B5FED80073051106557378
ProductFeature,cmp909673E9BB0FD12D0F10531A910FA4AE
ProductFeature,cmp0D819AE41DE9391D20BEAA7CB760DDD9
ProductFeature,cmpD96F941D89F5D10D3BB0C04A2627F2A9
ProductFeature,cmp0CF0B3C062A84EA0ADF83119833ED2AB
ProductFeature,cmpE5D53F2C7768AF5B600F70BE79D1BA0D
ProductFeature,cmpF2288790C7DC741A99E96A8EC88CD4F8
ProductFeature,cmpF983D92B0464969A5AF39D12E7411A04
ProductFeature,cmp38C6B6CBC3BCF4A9261FF869D41964AD
ProductFeature,cmp765B2E69DC3D4CF09BA3FDB51A91ACB7
ProductFeature,cmp173234FDB4858E9372C749A75D48391C
ProductFeature,cmp4F89544FFD6FE60DC1C93C6FB42BEA59
ProductFeature,cmp715E16CB150449543DCF11DFC1FEF85C
ProductFeature,cmpBAB19DE89C898D2DC706ACE00BD2D010
ProductFeature,cmp5B902F06FB630046BFE4897732855FAB
ProductFeature,cmp1B1DED510A6B906C1F44B774A75ABCB1
ProductFeature,cmp574A3595AD50413B992C426BD0D440DC
ProductFeature,cmp6291AE7FFF69562D5B1D31B35C17E74F
ProductFeature,cmpD04E6A997D8C3B95B2D7DA56F2E78F6C
ProductFeature,cmp9EFE80522C88F86217020D9C1E95B0DE
ProductFeature,cmp985126FCE7EF3100EBF3FF46A638B175
ProductFeature,cmp36AE2B4B2F0B70D1E3E03F7D95043729
ProductFeature,cmpE8FAD5BE765B7358C5494D64503ED919
ProductFeature,cmpC8587DACB3ACE54F2C0F5B85E9EF47A7
ProductFeature,cmp0941B4B8A7DA3CC1A6B8861EA0EE9F99
ProductFeature,cmp9324FD911CDDCF17257ACD866CBB8A9D
ProductFeature,cmp84C3A8E61966C3BB30EA31312D22F605
ProductFeature,cmpDBECC944B9EA8F5905485F7B6D553EC4
ProductFeature,cmpB86445463D164142AC2F4CA9E257776F
ProductFeature,cmpFE3F26CFA8392E5A2716DC13C521D466
ProductFeature,cmp44DFEF5159C981009EDCB8CCC4442693
ProductFeature,cmpEEBE112FAA9AF8DF6702AE0BAC9818A2
ProductFeature,cmpCAFFA8378D2BB175F1344300D3A01AD9
ProductFeature,cmp7E79E18E14C0A76A6C212D4CD0961DE1
ProductFeature,cmp08FF567FCF3D708CE62B71C82629633A
ProductFeature,cmp4E85FDE03197F7AA44AF7625DDDB7920
ProductFeature,cmp05BAB660795F507867142C98442B0899
ProductFeature,cmpF6A72BABA3D04AB5A15E007CCD936127
ProductFeature,cmp997C604BEE82A4F4A30B8F400388C29C
ProductFeature,cmpF96DAF861B5BB50585751399766BB695
ProductFeature,cmp925F48983F0307B822FE4268D4349D35
ProductFeature,cmpB16ACC9434E93AD75800A3309718B33E
ProductFeature,cmpDC9A87D0A819ED86FB0FA8CA7DE2C6B5
ProductFeature,cmpBC61D75F80159CA0E745D73554F54720
ProductFeature,cmpF3B024ACDED24361E0CF80732F50284A
ProductFeature,cmp81D358BEEA3AFC3DA8485FC407664E36
ProductFeature,cmp75F981FCCCD3BDC93DD904EFF3E7D13C
ProductFeature,cmpBDE4C7E9EB130F190020313A16FFDE84
ProductFeature,cmp315BFFA884A0B2CEE3896A29E2563D3A
ProductFeature,cmp8ECDD9C4669848F62AA50DDADFF9E068
ProductFeature,cmp2057382687DA3E43228E2EBE0EE51C3E
ProductFeature,cmp59A50EAA50E0B89DBB412E39DA6CDECC
ProductFeature,cmp0AD1E008DA6069D6066CDCA972804078
ProductFeature,cmpA98A160008D3D8310F60A97A418D2383
ProductFeature,cmpD73919B3C38CC7B75591AF6759A7596D
ProductFeature,cmpBE8176E069170D0107DB524EDCD2921E
ProductFeature,cmp044A4CCF53C52BA61E1C932EFA3F6DAF
ProductFeature,cmpA4B8432900942EEBF362CFA6275C0144
ProductFeature,cmp8D4BCA4B5E0DF48CEF466F129F1BF5ED
ProductFeature,cmpFC6B82044BAC89A04248E6E65F27385A
ProductFeature,cmp6E96D17D2D0B412E8EDFD6A5C5C8FCE9
ProductFeature,cmpF1B486CDE2A39F7CDDE88E0FBE20C1A6
ProductFeature,cmp8FDB4D389CEE035AEF1D21584F6C9C30
ProductFeature,cmpA003A99189FE28F559D4016C27711878
ProductFeature,cmp566C84D62AB933159FA9F2B486298DED
ProductFeature,cmp732A65587659598C6FC931BF2C1B3723
ProductFeature,cmpCEF1A038D8B14A42FBDA65F64E98AD57
ProductFeature,cmpC8D9560227C6C5C02958DF491965ACBD
ProductFeature,cmpDE38174C5AE40DA679FB3F249E15A86C
ProductFeature,cmp4239C3EC991FBF0F80D4AC53E4FC32B9
ProductFeature,cmpF26FDDC5C2E986F2B52E038FA7377614
ProductFeature,cmpC326FDB990876E316D2BE92CD24CAA28
ProductFeature,cmp974512E44D0A4C0BD25D407D6AD402A1
ProductFeature,cmpECAA35705859875B7EADEC406DBAE6CB
ProductFeature,cmp8081C2BA8C6068D8FF4296AD0CBEE271
ProductFeature,cmp799A6EB18524038AEA3EF9CFFD2C357F
ProductFeature,cmpCFFCEA38D7ED8617C98F4C5F5D97105E
ProductFeature,cmpA2314540A365AB46A45B833D9A71E829
ProductFeature,cmpA9C29A9BB42DD94552321B7B21AAE883
ProductFeature,cmp24B28C93B9AB7CBBF06A6600242CC075
ProductFeature,cmp2E7C6B6CA0C251201F0C0BB184555A86
ProductFeature,cmp870F97801299C5F92215F14974499327
ProductFeature,cmp894E5615F3E0DD705824C6451A2BDB08
ProductFeature,cmp09EA8A65C05471BFCB85E12A8D6A1EE7
ProductFeature,cmp1CDCCB35CFB8C36E3299BA1D1902F31A
ProductFeature,cmp90070051D26DB82E54245A14E7B1699A
ProductFeature,cmp4CA2D1C63760485928AB7E84C35737D6
ProductFeature,cmp30C7C6126B972E9A3AA0E9D088F3300E
ProductFeature,cmpCC464CBD17EF59FFC83172FEF54D7AD2
ProductFeature,cmp562E4882106BC171A9E49EB2A0F4BCE6
ProductFeature,cmp8F4712C6283EAE16C8F277A2478D52F4
ProductFeature,cmpB2EA80AA8BAE05DCC711320AD86FF365
ProductFeature,cmpE05626257E9DFD25C6C89A2477BCB204
ProductFeature,cmpEAB2E982A6D544ECCEB5DD1AD1219957
ProductFeature,cmpE13E0F90C19B10A54910258BE04C3272
ProductFeature,cmp4F0305B8338506ED20E083C2602A17D1
ProductFeature,cmpD8E7313825249E33E60A349850F8F910
ProductFeature,cmp5E6F1C22A79D94C18EC6513BA57C1A22
ProductFeature,cmp2B1A9955E6DF3570BF8AB853F0EBD871
ProductFeature,cmp6E8E451A0C2BE3D2D3897DE6269CF199
ProductFeature,cmp6A959479D04B4B65ADB6AAE9042CBFDC
ProductFeature,cmp2F476DFE79F8E4B242521971AC295C95
ProductFeature,cmp013B3CAA58D367DD50A42F5B93D51EA0
ProductFeature,cmp01ECACE69AE20DF7DF59BE2506B61A6D
ProductFeature,cmp4F076841B8B34747B945CB241BD057C0
ProductFeature,cmpE3EA5BAF22A10DAA18775CA1F65918B9
ProductFeature,cmpAE2E23ED78022EB5FCB4E7CBA45DE5CD
ProductFeature,cmp3CBF72C9B57EE9DBAA55A52E01C847FA
ProductFeature,cmp25622ECB6D371DBE13AC117342011587
ProductFeature,cmp501196E318EF0165ECCFA53B49DA6EFC
ProductFeature,cmpC79F5A88969C131AF25B530136462388
ProductFeature,cmp49D0C064A3E3573C1F5352F6433FDB89
ProductFeature,cmp85AB3D9BB40C2E22AEFC37225FDAC811
ProductFeature,cmp6F86D8F598175D13167A75E4AF93A32F
ProductFeature,cmp52045DE20B904B2F55A3EC3A04811F6B
ProductFeature,cmpCD143A83F1803F0102FCD46AC9376FA6
ProductFeature,cmpDA32FA484676DD9EF5800D4BB68B0E3F
ProductFeature,cmp9924AAB5BB6F1C71D28B7FEDF33D1129
ProductFeature,cmp2B7C47BEB5603BEED18CEFDE90BFB2A9
ProductFeature,cmp75CA3B1BA7B1D96DDE91943164876D0C
ProductFeature,cmp7DF5977EBF6FA9776F12F0A9150107F7
ProductFeature,cmpEB1B7B59D3F55380D72761354B45F7C9
ProductFeature,cmp517CEBF5E60D446375CD65B2BE3740BE
ProductFeature,cmpB225D4C572362A8180A00DA800440E5A
ProductFeature,cmpEC18AB70B5E340E5B73212B3B730E5BD
ProductFeature,cmp96B72DD2BFDAB79F15824DC86861D49A
ProductFeature,cmp43C7BC6E1B5DD05AC02333FB4D1E7855
ProductFeature,cmp9B65C34D17950BFE32662D687314B3D1
ProductFeature,cmp39FBCB80415DFA8083B6E6A1D9AF25F6
ProductFeature,cmpC6BD7AA211BA63D77A5D9D60ECEB8E51
ProductFeature,cmpA528E96DE30A6324EA4D7699DEE4F3A4
ProductFeature,cmp23D6A3881118508E6DBCE2E76AD7FFE1
ProductFeature,cmp8F9BC243C31234223E9E1394E7751420
ProductFeature,cmp6B046B8FFB69875496B0783F8EAE4603
ProductFeature,cmpE7C4C2A9DC8A5DB8656D79F097DEFF91
ProductFeature,cmp0EFE01C758F95A6FE84BE5DC795AF385
ProductFeature,cmpB382C875ADB922A0256EB5CA98293071
ProductFeature,cmpF27E8277327A7809C57F204420FC4915
ProductFeature,cmp2588BE618E2154A74F6FFC57E78433B8
ProductFeature,cmp41B1F1829180FBABFAC3BC75CE32659B
ProductFeature,cmp76763FBCE1C9F41AAB79650ECD3E7B95
ProductFeature,cmp3621DE82B35D35FDAA14F3731E547270
ProductFeature,cmp8CDA1F61BBA743E00ED8B6FB8DD15385
ProductFeature,cmp79906B9E152EFAC0CACF127B1888C7EE
ProductFeature,cmp2061E3A036F22D90C3F7C1B2861B265B
ProductFeature,cmp38CA315B290B75E23F1691F461D6BA96
ProductFeature,cmpBDAAA2E0D5A1DCC89F081DA1626FE8A3
ProductFeature,cmpF202625ECE546E5429BFF354A9B0ED10
ProductFeature,cmpBE4231F241D9E1639A2C24B7FFC9ACF5
ProductFeature,cmp362D060AC0D0C49B3D5C7C73E588C760
ProductFeature,cmp2A7944F8BA1D9A5C4882827A66DD638F
ProductFeature,cmp9629E293353B7818442E312FFCD069E6
ProductFeature,cmp61976D5611BEB6B5B38622A12C57FAB6
ProductFeature,cmp5C5AAE5C176F88034061BAF9E273ED1A
ProductFeature,cmpF6FE63445EFDDAE1AFDFE000E4C44BA3
ProductFeature,cmpD8862E82270C7DD7492419CF89AD49D7
ProductFeature,cmp8063B26BF12A958FEF73B1DC341E3FA9
ProductFeature,cmpE8569E755790424039B3B2BBD6A211B1
ProductFeature,cmp30376D9C8B7A4F2045691975A2C4D60D
ProductFeature,cmp83DC7B7313556B44A4CD1AC6C8CF31F6
ProductFeature,cmp615B506915FA0FF6CFC33A39C83ED1B3
ProductFeature,cmpCA9738CFFB3447B595869E5981D77445
ProductFeature,cmp3AEA16A1AC75290034E06B818AA8BE39
ProductFeature,cmp050B2E1178C16876B02E4154E6C40950
ProductFeature,cmp0B9DBB9617A855C8C5EDFEA22B8E5F6E
ProductFeature,cmp091FCAFEA0E7AE39E120B50ECA6B0439
ProductFeature,cmpF9F394D4A25BEE648C671AC93670AA81
ProductFeature,cmp55D7B80DCC4AB415323AEDC3E0611C03
ProductFeature,cmpDEF36CBB35F49E6647513DC38A23F626
ProductFeature,cmp12ACA1681ECEB59BEB7E844A8032B261
ProductFeature,cmpAD88B42FF4C7CB81D95FFF2703445BB0
ProductFeature,cmpE7297EE9F9E199E40591DD126685756D
ProductFeature,cmp14883C9875AF3CB0FD040A0C963C3ADA
ProductFeature,cmpB831768C7A63D1E0E1372C989E861111
ProductFeature,cmp92BDA095991C39AE56887B327EF04FD4
ProductFeature,cmp38ABF794BE70249A03A4D3B4F0AEC9F6
ProductFeature,cmp317BCD10AB9B15B50696E7C124847846
ProductFeature,cmp18A9F4CB8977797479D3420B4C60AC12
ProductFeature,cmpB6650E2075B3303E429508F1940F009E
ProductFeature,cmpFF97C3D3BD84910C0DA0ABBC1EFD477B
ProductFeature,cmp00FC6304F69C36DED25AC2BABD39BE50
ProductFeature,cmp882AB642887B65BEBB0AA9614B6AD7D1
ProductFeature,cmp0FAEDC5F9D9D599A70FF44D2767C8F69
ProductFeature,cmp92CA7130367D607E478D199CCDD118C5
ProductFeature,cmpD05D08E6BC7167A5C090914E20A1F7AB
ProductFeature,cmp080E73D68C8C7BF180F2BA33F55845E7
ProductFeature,cmp74BC86B3E17791010D79F434B0623FF2
ProductFeature,cmpC086DF4E0B3E884AABC384D3E1EA35F4
ProductFeature,cmp6F9BCBA0C540BF50D676B66560CDBE7C
ProductFeature,cmpC94FF4642C5B61C758324E1B9A91DFA2
ProductFeature,cmpC0DF443B8D9D16E6B949630B107D258C
ProductFeature,cmpC5F82A1E50A773A8D025B019F337F9B5
ProductFeature,cmp25C7CE35ABED3FFB68C9500B291FF135
ProductFeature,cmpEE97C251E37CBD83D8F9551FC972ED25
ProductFeature,cmp637717C80DD0ACDF7FAED9AB52A40450
ProductFeature,cmpF48CCEF2F53B703558ADEB698955FC4D
ProductFeature,cmp715F8565ED4CA811B4F60A394C3BEC11
ProductFeature,cmpB338E7D82A35E3CD50E647FCDF83509B
ProductFeature,cmpA92C848F0C9BD46A217DB3A7C139F73F
ProductFeature,cmp9843B197BD84C5220233B4103CCB06CC
ProductFeature,cmp80F3AE61A305D6C9A644154F139FFCBC
ProductFeature,cmp8A5AAF600167372F47F7E0A935079C30
ProductFeature,cmp0F5394D8375BB7583770504DDA74531F
ProductFeature,cmp32E440322388604A7D183849A842420B
ProductFeature,cmpA9BF742F8D9F1DD8928E517849B77FAF
ProductFeature,cmp62CAEC28474D58431B14C5FF3DAFAA18
ProductFeature,cmp7BEC8F94C077B7C34A7E0BEC29C3516D
ProductFeature,cmpCAF40F805B26D37FC633AD2D6DF89B13
ProductFeature,cmpF1DDCAEEBF6764CCEE0A85AADA4F5AC9
ProductFeature,cmpE442602BAE125A93A643551BF7D1A5E1
ProductFeature,cmp87985752EA8738CDE7A7F9EACCA75576
ProductFeature,cmp8355A8AD7B278719B184AF691FF0F868
ProductFeature,cmp44F237C2F522482B534FDA4A71F4295A
ProductFeature,cmp921130D80F493109FAB5E5CC19C0A832
ProductFeature,cmpA8680D35DE8ACA2E36D709161A27B759
ProductFeature,cmp6F68FD7677179DABA383BCD0CCE0CDA5
ProductFeature,cmp8266CB9B3F1E2FFA97CE91F0F9A55E45
ProductFeature,cmpB1D5F81A783DBF80C0F8537EC57F2A19
ProductFeature,cmp25E2F88C546E5E0825C718B89587841C
ProductFeature,cmpAE3B3C309F3D456D706F64433E05E764
ProductFeature,cmp81AC09B31605F37CB8C05108D3894A08
ProductFeature,cmp5F329A01A353E30D1283BF0C855CA2BF
ProductFeature,cmp0CF93368919F00DCE50C1EDEEC85D119
ProductFeature,cmp084F2ABB1DDDEB39662E406117D133BC
ProductFeature,cmp8E7B905412C7F30C29DDBEE89BB240CC
ProductFeature,cmp7955FA73DC4160247E2ED9644CA50F73
ProductFeature,cmp3908A17BA98C34195EE9E5D6E671E351
ProductFeature,cmpCE4011334D04498FD25EF76791681243
ProductFeature,cmp62992F57EFFF3DC06063EDEDAD27E346
ProductFeature,cmpB8E35F5BED23ED529FB82AC2EA1FA4FA
ProductFeature,cmpB62E8FEBA9192496F6B64C64DD3E4181
ProductFeature,cmp83F3377CAEC19C95E8FF8562DFF0A351
ProductFeature,cmp298A6C0DBF241D252F93B341624C9EDF
ProductFeature,cmpCE4E17C18E4F7327399112DDE0D2122F
ProductFeature,cmp8E0009BD4F59F4D95C43FC709A57FBFF
ProductFeature,cmpF7F8C87CED4E5931238D09E3D514ACD6
ProductFeature,cmp3FD32B11A8DB9AAB43C632663D0A7463
ProductFeature,cmp05911389BE0FC77750E23A7506ECDB1B
ProductFeature,cmpF175536AC9D38E0973B3406B3318ACB3
ProductFeature,cmp7961E533526DCBF2683D8A12A13F4D32
ProductFeature,cmp39EEF850441E34037582BD91DD0A45E0
ProductFeature,cmp7A0453399995770268DE4AE1459C9EFF
ProductFeature,cmpF2B22CF03D40C6270DC88BEC4229542B
ProductFeature,cmpE0126318B529F1085C2D91AFEE9C95D1
ProductFeature,cmpE3A9669095E9CB7192363EA1FBAA2020
ProductFeature,cmp795B2834EFE7841A9A9B70424B438456
ProductFeature,cmpE022AA9CB50204CEBC6D9398D9DF9EB0
ProductFeature,cmp5F50873D16A6C4BA66B641C54DEFA031
ProductFeature,cmpCD12268B2634F9A9CC00889C9C826A97
ProductFeature,cmpB92F4058D93E6ED158C509B4391755AF
ProductFeature,cmpC606E0F66544EC3469078384E4D2B1A0
ProductFeature,cmpCE01AE1EB61DC1FB6826E719F1EA2127
ProductFeature,cmp200E0BFFA7632D13AF47FC5AFF446CB1
ProductFeature,cmp30737069FC30C8CED4C37F1FE5DB9FF9
ProductFeature,cmpB8C702CD50B3BCD6A1B0A83F42CA3227
ProductFeature,cmp3E02C69B2CB5EC771C6CC0F4A0B83D05
ProductFeature,cmp6FBBFAA80BAC3E77E2A0820B9ED8FB74
ProductFeature,cmpF511A3887CF8D809B0D73CCACD4D9DE9
ProductFeature,cmpDD711A46A7B56F5EBFA0CC0563E55C8D
ProductFeature,cmp625756D5AC7130664209CD418DF51096
ProductFeature,cmp06C5395B68A1994790D13A9D4E8A27ED
ProductFeature,cmpEB16F11F5D1937C5C626E7CADD388716
ProductFeature,cmp824518ACAB915CE1AC0E1D7FCBDFC0E2
ProductFeature,cmp93EA29E56F4C344729766FDD0952F142
ProductFeature,cmpF75AB6CEBE9F01F01ED452B47DFB3A73
ProductFeature,cmp0A23E60A3ADCA1C494812112ECC39B74
ProductFeature,cmp53A3F9F80F3D6A35A96D39D53DDB6A79
ProductFeature,cmp5209C7C2DBCDBFC9AB1D4008481986B8
ProductFeature,cmp12D7D977C085DC26CC5D381646DE66E4
ProductFeature,cmp2D2F29A20CEA166F3C78378239685090
ProductFeature,cmp6D9A78D875D74BAA9EBD688D83F04D74
ProductFeature,cmpDCEE0BD4A051DDB0D28426E151FFBEF5
ProductFeature,cmpB64567C56BFBF74E2EC05EB914ACCE80
ProductFeature,cmp205D14AA231F50A9ACE25729B81CF10A
ProductFeature,cmp6F9C0CFD842ACB13CE28548148F8834B
ProductFeature,cmpA52A69DEDC2F5C75440ECD7858B380C5
ProductFeature,cmp17E1F7D45725A4F514C225140777976F
ProductFeature,cmp5331525AE892E185FA6B41708AF6C22D
ProductFeature,cmp759F17791D2B5476AC2787771BE8C550
ProductFeature,cmp6D523C7746FDBA98CC72295F812BA76F
ProductFeature,cmp042B43376C263AE7822E5EF3DC0CAA86
ProductFeature,cmp7E2A41C8908DF93066BB71F140750143
ProductFeature,cmp687D0297F1826C7CBFC8D020CE5CCB80
ProductFeature,cmp82C8267F283368CC4196FA6BBBF019CB
ProductFeature,cmpF69ABA6908909E42BC9DDBF158E0F0D8
ProductFeature,cmpB257B68A59C7CCA054E10EFD67F23C97
ProductFeature,cmpEFEDFD8157EB37895347DC257BC7A61C
ProductFeature,cmp74528325FB5A39E1F00F17CD191D22D8
ProductFeature,cmp695B710CA77CCCC70B254FFDFB74BE5C
ProductFeature,cmp70C98EF36D05024CD5B814E9C19BD315
ProductFeature,cmp0EB7BD628772B5D926A9CFAAFE0D492B
ProductFeature,cmp937A4EEE9FD9F2D022C9313D6EFB0B6C
ProductFeature,cmp37441F1368084F73813B47E56327E0F5
ProductFeature,cmp05A3EEDF3E8B9CBCE2D0DAE368E7EBCF
ProductFeature,cmp0506CD6A35FBBE5246B37DE61A716E9B
ProductFeature,cmp0EAC4D80DA38C2DB24DAF8F3482B2191
ProductFeature,cmpD627CED21B050C6AEA437B17A01F216D
ProductFeature,cmpF1EDA8D8A028E26BB1D1654490806305
ProductFeature,cmp66258103B9EE9CCADBAE136E6C8115DD
ProductFeature,cmp78E35989FB386D3D64A113B2AF596AA9
ProductFeature,cmpA52F419E43713FA5C4BC7CE6F3AA9C60
ProductFeature,cmp9E0AC86A88BBA45252F9606079C4A078
ProductFeature,cmp658E52B3CCD49791090D2F211E90BCB0
ProductFeature,cmp4E6448074D68B04081C789B1437ECF10
ProductFeature,cmp21FD357E533438CAE9DBAD1B52DC1D7B
ProductFeature,cmp03633B9787C1E88DD11B8FF53CC5E55B
ProductFeature,cmpA707532BD25D5DCDB7DA7E45DF1896D4
ProductFeature,cmp155364EF34729FA73FA53A358E794F7A
ProductFeature,cmpBF1943F82346506DB58947D680AE4BAD
ProductFeature,cmpE286B3A4429FC1DCD41C7E260DDBC3B9
ProductFeature,cmp157AF60C20C43A2BCF0DEBAF8AC3E4C3
ProductFeature,cmpB2C1B083DCB0E1DD27C29F0435436E5E
ProductFeature,cmp6C4E797437EA4286916BE9E88BE0DD16
ProductFeature,cmpCC73469FB1AAE8A9102C88F05AA3DD8C
ProductFeature,cmp733FD9519192967FF187126B0BD84894
ProductFeature,cmpAC07B5C79248EC134690336ED52E8559
ProductFeature,cmp2647ED01846CC8F46B515FF4BD1B931B
ProductFeature,cmp066595227C0F1B63B51D204588D6AD77
ProductFeature,cmp2A8DD9F6BEB5EFC8B7C5FA787F63BE73
ProductFeature,cmp46B82E3BBF68AEA4D98AB62533B0495F
ProductFeature,cmp9360DD3DA3FFA8AF22A4ABA1EE19D5B6
ProductFeature,cmp76FEF356A258204A1A33072F4EEBF0E5
ProductFeature,cmpCBD760A999AA1683B6C9DCEAD6C529CE
ProductFeature,cmp03EA2DA98C239E4F227D01C2627DAFAE
ProductFeature,cmp0439385BE07D63041647AD752D5EE187
ProductFeature,cmp09ED2267720F7A0CC08CBC8BA87A2DF4
ProductFeature,cmp1FA92E5697F72E1950ACE0B57028CD0D
ProductFeature,cmpE323849E8BA14BA85D29A44F600A57CA
ProductFeature,cmpB9D89FA704A2A8B045ADB301FE410058
ProductFeature,cmp83040FB8506B7F0CDA47670AEDE8920B
ProductFeature,cmp695FB5FB73BC53A9A8881B783F473AAC
ProductFeature,cmp0589FB57F1D8D43E12906F91F0627937
ProductFeature,cmpF7621D3092785886E4D7A00FFFA8C574
ProductFeature,cmp4647FC36A31B0FECF406BB07FF217BD0
ProductFeature,cmp33F196C8F6BD72EB22B5115986483E81
ProductFeature,cmpF2C85ADA208A8FDE6DC17105ABF21E0F
ProductFeature,cmp8ED79CA7ED13A3D799D92E22D4C4F352
ProductFeature,cmpE32B5566182C7629B2377216145A8104
ProductFeature,cmp1CA3EF8BDF1BF0F0EC22AB902FCBF17D
ProductFeature,cmpC062C14A8E64FC3F9A6A0217AAB33913
ProductFeature,cmpADC09B5CEDE06A952C963E1EE30B8967
ProductFeature,cmp4E79C932FE814A123C5392109FE26A7C
ProductFeature,cmp15509CB27A3A56ACFD7E500E8B9FAC86
ProductFeature,cmp4F4CEDC3169F3EB02C9C45534FA18FAB
ProductFeature,cmpD45810D2ADA81E394F6A3AEBA1E7F143
ProductFeature,cmp4D90706B977C823621B1F218CB2ED37D
ProductFeature,cmp64918A0554F2EB1063F8CDD610B9A22C
ProductFeature,cmpC9090DF4462B771552DB30C5D5D02EB2
ProductFeature,cmpDD456235B1AAA9A7625654E418C77C0F
ProductFeature,cmp91D5D680D9697100234540FA14326BF3
ProductFeature,cmpDC27396D8FAFA65C6A57E1FF6A9B1E4E
ProductFeature,cmpC681D02E9BC286F7026EE2D7119DA3C8
ProductFeature,cmpF7BF22F74869BFCD4C652B0C4967B3CB
ProductFeature,cmpFF6657439D109ABBFF51AB5ACAEC5925
ProductFeature,cmp130748369359F82CA064159F9ACF5D64
ProductFeature,cmp09FDDCFDA7265F6ACCC54481D4C7C2DC
ProductFeature,cmp49D977CBE53194C2DA0D845D5791E6B4
ProductFeature,cmp85C4A5B8E2CFBA90C7EFB7D6C4AC7769
ProductFeature,cmp3F97932371DD5400E2FC6F8F361A0FB0
ProductFeature,cmp1137EEC8BD521234092247FB3F3B2641
ProductFeature,cmp85A34FC10A14355EC487F191E810D124
ProductFeature,cmpF6831BDA762E191B7636888875BF0E58
ProductFeature,cmp0CF21CC5C4346DEFC341A6F4493A79E2
ProductFeature,cmpE6D36CF155F7079977F44D3A1733178C
ProductFeature,cmpA35ACEE37A587BF64C89C133D7941672
ProductFeature,cmpD8B3015B9890C1FE4D039549178FF7D7
ProductFeature,cmpD04B4341836747805C5D614F66CA392F
ProductFeature,cmp7118FA96583D005520BF557B1F599D44
ProductFeature,cmp6AA2BC3394160527141BA510B62C597D
ProductFeature,cmp5334A404A6E55840184D0B58CBFE7F59
ProductFeature,cmp807CD68049C447EB84127638CD912F93
ProductFeature,cmpB398C6D56ECCC1BB49D7110AAF9D4EA4
ProductFeature,cmp2FAC5308E86B2543E0E0F959813BDE67
ProductFeature,cmp4378AAEB1E8C1DAEA2EE6D2999DF8497
ProductFeature,cmp8162536875FF052567408FDE441B3CEC
ProductFeature,cmp6C35EE61A4D5FF5DABF4DE2073AFACD3
ProductFeature,cmp622E8716DF4399AFF93087CDF9273AC6
ProductFeature,cmp5167CF83E9E68F6BC4E721C4F82E234B
ProductFeature,cmp3369129034D1A56393559838EF05535E
ProductFeature,cmp8814D0CFBA752F2BB0AC5DCBF83CB5FD
ProductFeature,cmpC1DAF58CFD7A2435DB34D7E1B7CA0BE2
ProductFeature,cmp6FAD4E3015AC1B0F2B97557AB1A328FE
ProductFeature,cmpCFFAA74BD1CBC137ED1FA17EBD332174
ProductFeature,cmpA739A23495CEDAF9819B334EC347F39E
ProductFeature,cmpB0C0F3967618131D9F12670622154BAC
ProductFeature,cmpC079C4031A0FBD14039DA0485269BDB2
ProductFeature,cmp4109D6D56F6BC2EE835612426EE6F8F8
ProductFeature,cmp49B73E4E049B01BD696004EC5EC4B97C
ProductFeature,cmpBC6A93F153F66A3D90BAE64026409935
ProductFeature,cmp181B47E2E8D7B904872C3A9A650B1C63
ProductFeature,cmp11027BE1D66D3A17F5EA42090D29376F
ProductFeature,cmp24C476BCA7D88F9010F864A5341AE1BF
ProductFeature,cmpFF19DAA01686E81B37875028BBF7ED94
ProductFeature,cmp4EB5DA379071325CA194D58687D0C470
ProductFeature,cmpB67744DA1CD90674A27D4F2432780CE4
ProductFeature,cmp9AADCA5FD496983669593676928E4696
ProductFeature,cmp9FED66C5662444BA7C01BF3C30F4C47E
ProductFeature,cmp036B3E8B1623A20316C4F5148511BA3B
ProductFeature,cmp041EB0807B0FB0921C41479EC4DADD54
ProductFeature,cmp3F59E6862E326027494DB79265AFF477
ProductFeature,cmpC493190B908573865F1D7D4D0D4CD800
ProductFeature,cmpFE6D0368EE65E74CF6C9D1F3ADAF5A15
ProductFeature,cmp75A0330FAEC1B1EF40EAA3EF1E478E6E
ProductFeature,cmp7CFA16CFE89AFC545154326F6FF694FF
ProductFeature,cmp9D2CC306706AA61E1A9B69913D7D6682
ProductFeature,cmp1A4F91BA1C81858B52552B27040ED459
ProductFeature,cmp844B89650BD07EE610A2CBF458DBDCA3
ProductFeature,cmp4BB8E0F4017C4DD99508F7A401EE58FB
ProductFeature,cmpDE7EC4B2E38DB4493E6BADFCE4ED0488
ProductFeature,cmp1890612D889E991EE1A776772B33141D
ProductFeature,cmp5D996A4CEF4A234E69205D21BD991A31
ProductFeature,cmp4BD23BDC0ABBAA2BBCD2CC9F5F6289D2
ProductFeature,cmp45DA9BFF08820B593523409C6CE762DD
ProductFeature,cmp337B4827F9D3D7D3B41778264AC3AF64
ProductFeature,cmp9E4119BD253B42FBBE5EF1B8EDE41A84
ProductFeature,cmp31E5A8A6F03CBE714DBE8D29E61015D2
ProductFeature,cmpADF98DBBF29543C0D30A6437E57C4E6E
ProductFeature,cmp93D70248A6481113165519D8A73EFBE6
ProductFeature,cmpF650E1047699065ADD79C5593EDB1DFB
ProductFeature,cmpC98B779E0321444427620FC4B2F61F9E
ProductFeature,cmp9CEA77BE01FA3A0CD4F83CA237485DB6
ProductFeature,cmpB29E0636DAAE8742F6536F6C3AB4076C
ProductFeature,cmp0AD3CE17D96E01A95F8353FF442236F0
ProductFeature,cmp7BDBA47C0365093B702AD3105B26604A
ProductFeature,cmp2B0221D9734591F858AB7D4FE1A807A5
ProductFeature,cmpD4B72F48EA19CBAA5C67DD38D4252B21
ProductFeature,cmp2DFA33C3918A0BBB89892125EB6E0C13
ProductFeature,cmpD614783239402C9B040889D5DEC43666
ProductFeature,cmp39E2E948749ED33CE8757C0886562E81
ProductFeature,cmpEBA5F9208CA8392271C17B3BB6747128
ProductFeature,cmpB8196EC44A46B8971CC8E91A319FDB12
ProductFeature,cmp44D689C7FB1F48100A16AFDF86BD20F1
ProductFeature,cmp43A0749F970C644D350F5047B9A7FBF5
ProductFeature,cmp9B05C00F1F8CB62B311F82DAE4097140
ProductFeature,cmp2D431297994A8D4FD9D6920EC921DE52
ProductFeature,cmp54CBD8BA2DAED873254FCCE4AB9A88D8
ProductFeature,cmp885BD0C4358131F4CA0949A8F6851FAE
ProductFeature,cmpCDC67419A81FBB5B5EDB941D1E80539C
ProductFeature,cmp28C29D946AF29881C693A8C81B371BB8
ProductFeature,cmpC173C6F2EF46E17F9C56D7C2FCE80819
ProductFeature,cmpDD43DE4939455D9EACE90CB9086B8F91
ProductFeature,cmp90730DC49BC0CD26C72CE03E46474E0E
ProductFeature,cmp3443FABED907A9C4E61D66BC78EFF733
ProductFeature,cmpEE2FBC2F4D7647CAB7240DE1DE721EBD
ProductFeature,cmp2D22B97BE29B10F131CBC9AFA5494378
ProductFeature,cmp7B704C31B4EF22D6CA703E0458845275
ProductFeature,cmp26B74AC2F809CD7DA92460F6D6E92EE7
ProductFeature,cmp710E2CAD34CEB78EE598E5EDF0BDE3D8
ProductFeature,cmp5F97603331E80DC26869F70B457BF45A
ProductFeature,cmp732A560099324EBC1C24AF53781E0F18
ProductFeature,cmp649BCC160B909F1FDDCF8632BBC876E5
ProductFeature,cmp9D647B4733E066A268DB90C7BE799E97
ProductFeature,cmp104B6CC92F8EFA339D3CBA25605F7D66
ProductFeature,cmp0E798001697A27612985A2B756FC62E4
ProductFeature,cmpFC8CC017F86E826EFC2DAB3697E2F47C
ProductFeature,cmpA5F7137E77831A44DF7FFBE122EE4F29
ProductFeature,cmp702AF4E062E6549FC25D265A2C5FEE73
ProductFeature,cmpA5085B5ED63F95B546E0D11F2788DB60
ProductFeature,cmp67AB1F63227871EECB0D7569A653C284
ProductFeature,cmp92AE3E3610D004340E5C8D18FABEFBDB
ProductFeature,cmp09AE284D3746250C1A2248D0D43A231E
ProductFeature,cmp170EDB8958B0EFDF4EBEB087394C0904
ProductFeature,cmp60014764E6F4FB1A469BA2066FC95CFA
ProductFeature,cmp2281DADD2EACFEAE46349CDA3EE06A8F
ProductFeature,cmp7EAD5DB7B70687590BA8D0D67913ADD4
ProductFeature,cmp2F5848E8E8EFCC2AA466AE3AE2F58471
ProductFeature,cmp4EF1FD9349F454290A230E7AFDA95FD4
ProductFeature,cmpB19E7D4B8BB088B8CB3702C5217AB5B4
ProductFeature,cmp5E1030E933EC4F0215A73D29A1DEE645
ProductFeature,cmp092A9EA942817D48964092C11F5B617C
ProductFeature,cmpFA896AC154143D083C37577C3E34A436
ProductFeature,cmpA6506C050267B05B2C33CE1DE0AEEDF5
ProductFeature,cmp134F9931EFC3B36DCF1B55C430BD23C5
ProductFeature,cmpE2815311DDE801E564324C3566093457
ProductFeature,cmp3BCF3F83E3FD546EB6D0F435D47AA50A
ProductFeature,cmpAD40B806F4F2C2451FB0ED248807C1CE
ProductFeature,cmpFC017979B1635FC6FF972A1F921A09F6
ProductFeature,cmp14354CC685B0AAA7AC9734A7D36E69A9
ProductFeature,cmp806E4BABDCACD6A03F7CCC9B3987FD5F
ProductFeature,cmpC9797B694D1B63143E48991770337561
ProductFeature,cmpEE9364F1151589C98DBEBE95B80F56BE
ProductFeature,cmpBFEC3FBAFCB24D374187E437FC5E3225
ProductFeature,cmp683D06923A936A5F3188FBF5362402F4
ProductFeature,cmp2C614505E3E37EE733BB873A05DC5FE4
ProductFeature,cmp526FD48DC4DB9E80FED77E3AD92A2120
ProductFeature,cmp695DEEA3B7D53857930F38C6A1FAD600
ProductFeature,cmpCAADB2E713A1FAFD8A6DB084B8C5AFE6
ProductFeature,cmpAAA38C821A7AE1BCC646062135FC330C
ProductFeature,cmp858733A32E46955B26CC38973BA14C09
ProductFeature,cmp9525907161EE31B4B02F70703D11E0AE
ProductFeature,cmpB675D1F7F14E75181E48028BF9DD614C
ProductFeature,cmp83A860F9A7FAE679B5CF25AD7EAD25B4
ProductFeature,cmp55AEB32C964617130020BB2040BC8EBB
ProductFeature,cmp9FCD849046DE7B926F8965814603FAB6
ProductFeature,cmpC970B6F494621AA071DA8C6E0E43B8FE
ProductFeature,cmp194C47120790FDE715EB9E374D3D4D68
ProductFeature,cmpB6754C0D6DF38425617F0407A9EAD550
ProductFeature,cmp5573EF71E4AF88DEF125C1FD595AEB5E
ProductFeature,cmp185383AF92BD86E6857EFA72F442E306
ProductFeature,cmpD68BD4F3A5A73937DBF5836DAB334BD7
ProductFeature,cmpEF706332B8770EC6D249F3DF39B4D01C
ProductFeature,cmpC930B982B76C88E50BE2CA228276E434
ProductFeature,cmp9578F773F37F9D1600F80DB74186DEFD
ProductFeature,cmpE6E673A855D94806CE88E19DBF6033A5
ProductFeature,cmpE9BC2BB7FAB2C58CB86E7143EDC6A03A
ProductFeature,cmp56F1A76A3BB01D07000EB50EC2D2A133
ProductFeature,cmp69BA288334390780E51A9AAA3B64D048
ProductFeature,cmp3A73F6ECE4A2C819814E429EB8943256
ProductFeature,cmp882BEC00B0E5711E0B8EE0CB22CB1162
ProductFeature,cmp715EFAEC4E9C82DBB4508FADA3D71B48
ProductFeature,cmp83D11996D020CFD92F1D0AE99576C6EF
ProductFeature,cmp23C67BF29EC607A9757DEE3308F82205
ProductFeature,cmpEDA0436FF1FE33E568E3EA0171715DBF
ProductFeature,cmp112F96F9331F9A29F422B63BC392F0A2
ProductFeature,cmpEEAD01566573B90ABE3BED236F4C58EB
ProductFeature,cmp5AED248BB4E3A2A62F2582D545C08E49
ProductFeature,cmpD582B5EEFAF5E30D6FDA026585FF6DD9
ProductFeature,cmpA85153AF3CD5753D2021E9DC9D693DA8
ProductFeature,cmpC66E2194C0DAC5788A283F83ED657AC8
ProductFeature,cmp08759B0B39B10F4087DB98190F05AE6A
ProductFeature,cmpF87AE518FB7BA574D19EA4701DC3AD4A
ProductFeature,cmpF561FC3B2C33329C1FD6A5070A017840
ProductFeature,cmpD8D9850B3AE855CB8FAB1152D056CA77
ProductFeature,cmp896C761AC6EE8F6ACA0F8D952AC3652A
ProductFeature,cmp6DFDC395EFE942A04C8DDA6324AC2E6D
ProductFeature,cmp338961B857B1677E17EBFADBAEAADD50
ProductFeature,cmp600B2712E4529334C75F730BE87E7CBC
ProductFeature,cmp79C51DEE230EC1D08BD520997F394E62
ProductFeature,cmpC0868DFAC336A55488F08D6A8E38BCF8
ProductFeature,cmp632504259BDCAFC29BDF8280ED4F9A66
ProductFeature,cmp9B8DC45D3E190B0025699CF380ED63BD
ProductFeature,cmp70FCDFA8D02CF3A42738F094D7C5BF86
ProductFeature,cmpB96A4D0A1073486D11B22B7E9CC28BB4
ProductFeature,cmp26498D61A4F639318B854AAC83C4A94B
ProductFeature,cmp7A430447D6F7BBE186091C94A7145B8D
ProductFeature,cmpF444DAB396F4BB0372E15DAA801CABCD
ProductFeature,cmpE9048898243A708F8BCA9FF03BDDF015
ProductFeature,cmpAB0C2E9225A2B7436ED147123273C521
ProductFeature,cmpBF694B62CFDFC490991F1DAE7814B5D6
ProductFeature,cmpE1C4A9B6E8A4B4D82D33AFB98CE5CF34
ProductFeature,cmpAC0F0BD16164D00B930E28F61BBD6E51
ProductFeature,cmp66C58A601AA7A34BAA9F82B682C4F88B
ProductFeature,cmp995D81C53BE76FCDBD8CAC6EB5CB20C1
ProductFeature,cmpC973659B8184B13B93C171C27A3F0224
ProductFeature,cmp2C6A90DE3C2DAEEC972D65EE8C89247B
ProductFeature,cmp5E2A4D6EA952E3F75BA14AC2409B0A74
ProductFeature,cmp727D5B50F319C88762C59CF6B3E4F159
ProductFeature,cmpC63764C0EA9860865BC76C606F7E4D3D
ProductFeature,cmpAED3558DB86C3526CE67F2ADF4E7D59D
ProductFeature,cmp3A8579D97B6AB150D60962D3598D59FB
ProductFeature,cmp37D23B1C9AC923AFC0FF711D71DD2EE5
ProductFeature,cmp80C3D523BD5CAC505630192370DDBAB8
ProductFeature,cmpEC374E9EFEAE13EF49DF95AAFCA452BF
ProductFeature,cmpEFF0B0EB40B26912130D093D27A924E2
ProductFeature,cmp50CD7C0C8153B3B7C1C5C5F62F10CFAA
ProductFeature,cmp41585F6CFD8F1327888E83AE016B8770
ProductFeature,cmpB0DCD212084BCA557E9842059E9878A4
ProductFeature,cmp402FB1D76A0FA32526E352A62E292D5B
ProductFeature,cmpE7588CC0573F76E8C424993F02A9A567
ProductFeature,cmp491575AE457C95B4D81F97A079B5CBE3
ProductFeature,cmpC00BCE8329EADD50FF220CA734CAB768
ProductFeature,cmpFA45863977622E7E4EFE8D626C2B4538
ProductFeature,cmpD81E4357BB1297D028F379705AF66730
ProductFeature,cmpC43C264EE74D6E2D52C04FD9FAC80ED8
ProductFeature,cmp2937FDBD31C0FBFFA1F71D4B939A8AB1
ProductFeature,cmpF9803B223D409503141ECAE89DED9DE5
ProductFeature,cmpDC4B9383686C90411FE31A80D6895A36
ProductFeature,cmp46F6E09CAB3A061B981CF5590C14BE7B
ProductFeature,cmp2259BF1A8273CCB21962BE4ADACF9742
ProductFeature,cmp3F3F9F62CFFB65F7EA84A08BA58D8035
ProductFeature,cmp23950E824E2B875BD8FFA1BD8533C3F5
ProductFeature,cmpEE848895BF01CF87B44E98C681CBD295
ProductFeature,cmp64B0F654DD72C577BBB2CB8D24D57EE5
ProductFeature,cmp7B6517DFDA006C707814F06DC60A99CB
ProductFeature,cmp894ED5E19BB6F8D90E8BCEFE4EA00CC3
ProductFeature,cmp067A71205B6D7E13A6F3F3D5EFCA5A91
ProductFeature,cmpF5E516EC24F2CAFBFD5809891F13D2CE
ProductFeature,cmp5E2E044DBD7D7E7711D783A1735E83DB
ProductFeature,cmp2CC8EC48C293ED8BD26DAC49605432B4
ProductFeature,cmp6231B98133D1897CC545686B7936784C
ProductFeature,cmp55C60E0620D70E3DE7ED9A80559BE82E
ProductFeature,cmp0F314ADF2EE277571A83867FED7D8EA6
ProductFeature,cmp765E7CACDABECC4903FE8EA4456DF2B9
ProductFeature,cmpCBC2138FB2059FB29A08E249F427D8D2
ProductFeature,cmp3BA269618A23B72CF00BEB065C4863A4
ProductFeature,cmp78C6F042740A6C3FF3355EEFD200B7BB
ProductFeature,cmpC32FEC2B15B3ADF500F57D2413490CE0
ProductFeature,cmp6BF2453ADC4E2EEA605C4DB67A595B9C
ProductFeature,cmpDE5B919BC848D0453CAA1358D6AEB1DA
ProductFeature,cmp5B88B0B03C07A7ED2D985CD4C743EF6C
ProductFeature,cmp33625E2EC9ABBF8C30B7ABACA9C4F39C
ProductFeature,cmpFC7BB36984DB58A7FBAA0D6F867774A9
ProductFeature,cmp7FC451653BD798A56A72731F48FB1748
ProductFeature,cmp43CCD42724E8F5EC5A4ADD6E32464E0C
ProductFeature,cmpB54B1B4F41C9A039CFADB7DE6CCC8C2D
ProductFeature,cmpE126F1301DD6CF5E930C6BCAD910F5C8
ProductFeature,cmpB9F88C695C8D34E89D527D30903E7CD2
ProductFeature,cmp50FB012B78B2F5C7D1FE341D0F8E22A7
ProductFeature,cmp9E8E6367520EE9AA677A888A22496273
ProductFeature,cmp4642394C373CD99E9BE05245E18C6100
ProductFeature,cmp3A5D5A28264BEC4B273BB7222863E94D
ProductFeature,cmpFC14FC6409E38D7754D6D43A392BCF42
ProductFeature,cmp35C669DD266BE8AC632CADE421370F00
ProductFeature,cmp5F28A9471145051D31780B316A107EDF
ProductFeature,cmp98FA945DD09A23FA3292EC6230DF37CD
ProductFeature,cmpB3F87C83E8F642F0509DD78C2FDA981C
ProductFeature,cmpE186B2EBAABFADFB1A74DF18A2E3BBCA
ProductFeature,cmp0446EC813222783292CFBC05FA8D9408
ProductFeature,cmp4FB65DBA6D31A275DC00E92C3DFB8861
ProductFeature,cmp058C48883BB2F7A2B41B3EE671A398DF
ProductFeature,cmp5154346C1D56B0C4C71DE5CBFCCB263E
ProductFeature,cmpF1CBEF2D80CEC91731D118B0BF54C004
ProductFeature,cmp18C6DA5B32E3435A94B1BEE6E280F9F3
ProductFeature,cmp6327F796DE6E9F7035623D6B39B5EAE3
ProductFeature,cmpE785814B85A2C2B27C594C733041362D
ProductFeature,cmpA5302BE8663AAB4D7B29F49D93DBE342
ProductFeature,cmp5B43115B445DE8626B05D6765D9468F3
ProductFeature,cmpC601896D903A53EBA8037FE283B43BA5
ProductFeature,cmpC6BB2AF48B3C87D18D1F59CA966A3886
ProductFeature,cmp74F5185CE41E914E949BD496B7F71747
ProductFeature,cmp8441C1B8FE32E3FC1AEED0CDE19F758D
ProductFeature,cmp5860A95AB6A7499831EE126440A07E87
ProductFeature,cmp7AFA78FA61A760D7AE8869F974499061
ProductFeature,cmp73525711790577A57E5F68F87AE3CEEC
ProductFeature,cmp72C86115D26D7B8C63663906DAC534D9
ProductFeature,cmp2B71624730CDE76999B1141F8109B6C7
ProductFeature,cmpBEF5B2EFB26A8BC26B83113CEA91C68E
ProductFeature,cmp144E608333DD33B9F5ECA3F26BB81D5B
ProductFeature,cmpB94D0691E7388D1764DC4B197FD54403
ProductFeature,cmpDD91D643BD2232E0218ABB4B8E5591CF
ProductFeature,cmp5066F484D6DD7E9FE84AC72DC8756DCD
ProductFeature,cmpC6F5313E8CA0A777D544BF74E7F445AB
ProductFeature,cmpDD12FAB3280FC1A6341F1223782407B7
ProductFeature,cmpF44F9406E278FEB912447416B16C7797
ProductFeature,cmpB7001434C7069E0B206A1ED4778200DA
ProductFeature,cmp05647D9D7DF3FD0B1F629AA8479A0ED4
ProductFeature,cmp68E54386A35A8C121871D059BD26DA0B
ProductFeature,cmp91EAB2E20CC47C314F5878BC40C2B37C
ProductFeature,cmpDC4B93B2FA4996FA3406AA4C4871F4B1
ProductFeature,cmp60589FDAE3BF9EC9D48867D77332AC90
ProductFeature,cmp0B22D28CD14575E14FA4650D7B16F616
ProductFeature,cmpEAE13147832E537D7E3E5B43598AA83A
ProductFeature,cmp88C82A503A2C0835A0EA69446727499C
ProductFeature,cmpE7A2F9C1866020263FBD81318D7C14CF
ProductFeature,cmpBD9FDEEEB2C84EF325969193163B5C35
ProductFeature,cmp2D808E9D9E5B41DDA3D5C842FFE1B207
