File,Component_,FileName,FileSize,Version,Language,Attributes,Sequence
surfaceinstalleula.rtf,surfaceinstalleula.rtf,m7iipnaa.rtf|surfaceinstalleula.rtf,23265,,,1538,1802
fil11F7955CD12BC94AE47EA69335947FA6,cmpA0F75245F73DDC41EA13EE77C8171B6B,ReadMe.txt,9725,,,512,116
filAF7C02B5B4CC6A5C3888EA666AF680A7,cmp3E00120F991508E09B5B241C372FE0F2,_odp-ehr.cat|DetectionVerificationDrv.cat,16217,,,512,1213
filF5749D269BA8FAA64DC79C68B1050F03,cmpE3C6992127D4547AD3BD8E186C5C2D12,aom7c4f4.dll|DetectionVerificationDrv.dll,188960,,,512,1728
fil62EBF8B04F8581BA7E56F2B5BB8FF4F4,cmp7CB56CC670BD1554F5A94FFC0258C149,vsbp11zg.inf|DetectionVerificationDrv.inf,7636,,,512,684
filCAFDC572C0749EAD4240CAB3C8378F6B,cmpF511721137F5DF882FFCAB95430116AC,ywopwbjq.sys|IntcAudioBus.sys,305208,10.24.0.7927,1033,512,1422
fil6BCC246FBD6602EE99DF92E92D4B4C9C,cmp405926B0BC8D994DFE09878E9101EB04,IntcBTAu.sys,723504,10.24.0.7927,1033,512,740
filDA4E7E295CC70AE04F5AADBA22649156,cmp85D33A0038CDD4EC62FB1B2CA1C79963,IntcDMic.sys,664632,10.24.0.7927,1033,512,1540
fil51977142A3C551061261D16D5D7FCEF4,cmp83A5B84007EDA5939C76EAE1C0EF3572,IntcOED.sys,1308728,10.24.0.7927,1033,512,565
filD0F8E3F1F417117985080617BE0F2616,cmp952B0EE76E5D55EA561C67112488CFD4,IntcSDW.sys,820280,10.24.0.7927,1033,512,1466
filAC85F2D445C659D991FDFDAA2F73F541,cmp03F9B12E628A4A941CF4D1A16FFAD502,IntcSST.sys,727608,10.24.0.7927,1033,512,1193
filAA1C756B27A355BE7EAB4FE96E578A78,cmp554B460898E3FFC9D6C33A489FA6AD8A,pgkoodjn.dll|IntelSSTPreprocStreamer.dll,52529208,2.0.0.200,1033,512,1174
fil4F2033C15D34B6395C6215F48A564DEC,cmp168C8B83F00C371A81E1324F2CD4E7F1,d8ti8mk6.dll|IntelWovSDK.dll,878120,1.14.647.10,1033,512,551
fil668ACF98ED56FA7EA8A09A2B48754AC3,cmpA8C38FDBF853822CF3716CCFF44D7000,mw-znxaz.dll|MultiChannelWoV.dll,1705528,1.14.647.10,1033,512,704
fil8434E6C9A831EC93E64E32A4653795DE,cmp7B92E2C0865356B2F508DD61610BF815,_loxhhg5.dll|MultichannelWoVCfg.dll,498744,1.14.647.10,1033,512,892
fil02921832FD99E1F85170A39511754F7C,cmpDF77C122324482EF84A031A18526A9F3,tze6ssxh.dll|IntelAudioDll_x64.dll,381992,1.0.2283.0,1033,512,22
filA61935FA996AA516CBEB543317298170,cmpE9836C186CF47658B47658C8AEEB5CFF,7r0ffpqh.dll|IntelMultiPaSetupDll.dll,134696,1.0.2283.0,1045,512,1133
fil3D57B785716E2A4944000A7CA289DE62,cmp48AC70E2D4B26F4F924558D40EB67522,yxq2hxv4.dll|ControlModule.dll,977448,1.0.2283.0,1045,512,421
fil86F12236F7E4C7A41AE9AD678C560076,cmp0856B54FB8976AFF52E062BEA0162205,tbwaud3r.exe|IntelAudioService.exe,402488,1.0.2283.0,0,512,911
fil86EE6892EF813A61FF2BEF74B865647A,cmp2A2337EECF28A4C3EA9F31C6FBF1B1CE,cdabqxrg.con|IntelAudioService.exe.config,160,,,512,910
fil5053BDFA78FC70A56BE82157B8FBDC70,cmp6FC01605C10BB6EF77A32FD940409B78,b7-0_hi1.dll|IntelSSTPreprocStreamer.dll,52529192,2.0.0.200,1033,512,554
filD65F77914129750FFD5D591DF19582BA,cmpAF90639931E551DDE9C8B7F4D9344E78,tj2dvpyo.dll|NativeApiAdapter.dll,110136,,,512,1508
filD21C3C45EF108283739CCAFF329D2FBA,cmp65DD246611021B2B08284BDC21900F91,mlxms2uq.dll|RpcServer.dll,141880,,,512,1475
fil3D324692DAEF0531796F3EB98D6742AC,cmpC87999B294C69998034B777FA664DFDE,heo0ugql.dll|WppLoggerDll.dll,426536,,,512,420
fil7D45F3AD39C11664472A5CA1A9ECFF2C,cmpBE7412AE4535BB234C6C064AE8F4E97E,scez1n0a.tf|aecs_asr_str_def_1ch_in.tf,2840,,,512,850
fil4A2834E66A23C4F5C37BECCF8FC3F308,cmpDDE9D4ADE7AB1C5499E2CD54A97EB796,ctmlfmc1.tf|aecs_asr_str_def_2ch_in.tf,2840,,,512,514
filFEA26AE6F113388C70089337A6CB2D85,cmpEA96F20B69CBF8F518C7337F923FD65F,yyupsw_a.tf|aecs_asr_str_def_3ch_in.tf,2840,,,512,1792
fil62673E638368C6183E6F2672BB2C4F9B,cmpB6B425DC200EE608DB7EACE90584B08A,o-khvq4o.tf|aecs_asr_str_def_4ch_in.tf,2840,,,512,679
fil2CF862B0C434D1299847F68D86D8EF6D,cmp3A3822FCF4001091CCEA36389E3C244C,ozv-ck6m.tf|aecs_wov_str_def_1ch_in.tf,1400,,,512,313
filF24E39E0D17F5ED198F36867AE92059F,cmpD6D85BF3BCB9F578CAC078B1E462B585,2x3wlu6w.tf|aecs_wov_str_def_2ch_in.tf,1400,,,512,1703
filFEB7E9589E8F584132AFCCD39D90ACAF,cmpDC780022C912AFA5DCB3C460400F0385,0tbe7uf-.tf|aecs_wov_str_def_3ch_in.tf,1400,,,512,1794
fil57FF59E670DFA20229E7E809DD773921,cmp7A2A3DF720F85F8F16F0AC9088924308,2wwe7z1a.tf|aecs_wov_str_def_4ch_in.tf,1400,,,512,608
fil80C3957FCDDBCA2D69DC64AE6FF6B479,cmp99A6C9296180AEB623D558A70326C289,gz_dkusp.xml|DefaultConfigs.xml,1015,,,512,872
fil1499D28889F93E1186F37D69CB95E481,cmpFF343C2C1D544E9B932F762DECEC6DCE,fxljwjxx.bin|dsp_fw_release.bin,493844,,,512,134
fil8D5DB973B4221D56123B2A25B1FB9087,cmp49E3307FE82A25A9E372908258D4768D,ygn5mngj.bin|dsp_lib_dolby_release.bin,192660,,,512,959
filE59542E6A9EAAB0330530248D3722159,cmpF98ED31FABF0BCAFBD1FD40606744E9F,dlb-1jm5.bin|dsp_lib_intel_wov_release.bin,82044,,,512,1622
fil8B20570F335846ACEE2FD236305CDFA1,cmp5DDB80D8913112F11C7B6E43DDD0DFBE,aaafhrhh.oec|IntcOEDTopology.oec,50257,,,512,937
fil4A3FA29CF3FD462CE702A3284D708705,cmpA80085CB19EA2044EDB9D91032D13317,abthcltl.xml|IntcOEDTopology.xml,31250,,,512,516
fil08F380B4F6E85A6AF1CAF6FD752C3785,cmp2CD8163EEA8686534AF6134E8BF21BCD,tm7ewgzs.xml|model_metadata.xml,63494,,,512,60
fil694C6EAA6E19473246D74241DF66C9ED,cmpE5E43D6E7BFDFF18507D529DF3F7EC35,r4sxjizv.con|corcent_constraints.conf,38,,,512,727
filC214E8DBE80B36026FACE4A43F7D6F5E,cmp1315646386EA9BC15EB620D18B551ADB,g7pwirhr.amp|corcent_zh-CN_hq.amp,874768,,,512,1356
filD83044143F9AD733547AD7E4F3021593,cmpBD585569C179AD2B4850C7388E31B9B9,6kcbug7w.dsp|corcent_zh-CN_hq.dsp,173652,,,512,1523
fil83467B2EDAD921D557F283EFBBE196DD,cmpCEB5EC2AC0267B24BBC82F4F84AE2DE1,oq42otdz.nrm|corcent_zh-CN_hq.nrm,971790,,,512,887
fil259DA81083E97CB01F0D2637DC73460C,cmp73664963B8E32314731BB594AF94E9EA,k8bajqvh.phm|corcent_zh-CN_hq_hwkws.phm,96,,,512,262
fil3156BFC3531A9F0CEA5EF257D796F4CF,cmp0CA82FF3AAC95BEF931B6C9BD2C9CCA7,glhfs22f.th|corcent_zh-CN_hq_hwkws.th,4,,,512,344
filF1A01153E73844BB43E8DB014265B8D4,cmp178951055D3E53D59C960935B424244F,w72-9crm.phm|corcent_zh-CN_hq_tencent.phm,102,,,512,1697
filF9FBF427D01F12D9E3DBE9C8B0A96B16,cmpE7020B36FC20105E79D255CEE83EAFFA,sa1soxn6.th|corcent_zh-CN_hq_tencent.th,3,,,512,1764
filA8F811022A51EFBAD35984C88C86BCD8,cmp1934DBE15C3B8E91A3A562D9DF76B960,1lrfvs3q.con|corfuj_constraints.conf,38,,,512,1156
fil1CAA7F793ED3FCC272F42BA056731775,cmpBD838614AD9B325454A26528C4F068D0,zwumb9f8.amp|corfuj_ja-JP_hq.amp,901844,,,512,189
fil480ECCA28E3771A1BF799F09BEC76179,cmp8941880762FDCB44F69F9DFA76CE74FC,54z8pzlk.dsp|corfuj_ja-JP_hq.dsp,173332,,,512,503
fil37FE07410FFC4B64EEFE4344CA9B78BA,cmpEEBC81A5BF35A049A67AC30F7FB67335,rv97hwzx.nrm|corfuj_ja-JP_hq.nrm,971790,,,512,385
fil9E333937EF63846A8EDACAC9A063A122,cmp83C4BFD4E87248B66F2F80F6345873FD,n0ssndbt.phm|corfuj_ja-JP_hq_fuj.phm,90,,,512,1083
filB90757DD33BCC3B871833FE99F58DBC9,cmp0112B3006B9C05471EBB12E2A69DFD5A,o6v24qvx.th|corfuj_ja-JP_hq_fuj.th,3,,,512,1284
fil9E9D44A1F983FDAE35BB78EFE35FD1DC,cmp56AC536769F24B6AA24F71DAAED14DCB,ykwdcnfm.phm|corfuj_ja-JP_hq_hwkws.phm,108,,,512,1086
filF687ED86B46A4768DB76316E315FF18E,cmp3385618FF674E59252A16BF9B48B6BB2,74ikayky.th|corfuj_ja-JP_hq_hwkws.th,3,,,512,1735
filF9FE2BBA473AE63848ECDF2EBE2FD800,cmp288951C55F5D626133356A9DBC3D7EF9,f6qbgwwt.con|corleno_constraints.conf,38,,,512,1765
fil71BDA7105EA069E9A9F1A83256FA4FDE,cmpC49AF77B5D817D033A32F82B2BF1FBB8,8xb9rg_t.amp|corleno_zh-CN_hq.amp,874392,,,512,783
fil49859165BB3756C59F40162FFD4A4004,cmp222D6F0C4BA11DEAD7C47AC71D2AAE36,ppjbijai.dsp|corleno_zh-CN_hq.dsp,174680,,,512,511
fil00EA481C14C574ADB40A29D8CF3696D4,cmp7F61B6712FB0FC27DD4514086920378C,xgmiujlt.nrm|corleno_zh-CN_hq.nrm,971790,,,512,10
fil500A8A7B53730D4F4ED7E089B8E8EAF0,cmp2D0937528DFBF8E525879B11BE6CE342,gmkho19c.phm|corleno_zh-CN_hq_hwkws.phm,96,,,512,553
fil638644ACF0ED42ABBC74D570FED4F3D1,cmp3D216944AAFCEF2C738DB30CA8B0F285,ge9s8ejh.th|corleno_zh-CN_hq_hwkws.th,3,,,512,687
filBC20C6C5BFFE72F9BF2F2CADBA4847EC,cmp8E9D31D4EAA096BE3B30B2BD03420541,bh5ddxja.phm|corleno_zh-CN_hq_yoga.phm,114,,,512,1313
fil43EFF50D91E2A1C97C6FF8E2B2657B41,cmp53EB9E5968DCB9ECFF99D08D7B1CC825,igvqv6ri.th|corleno_zh-CN_hq_yoga.th,3,,,512,476
fil5E8BB85293EE476FF57FC66472EC7D17,cmpB8AE757F52B29AAA733CE7BF0D941266,nwzishxs.con|corleno2_constraints.conf,38,,,512,650
fil83220B41AD53F1AC4895D1DFE8519144,cmp2CBAA739A73351E8A44420D2B85A8782,hcveb72k.amp|corleno2_zh-CN_hq.amp,853240,,,512,886
filDAC5F0464F5D10A3211FB1EABEC5D051,cmp82AA23CD2C62E344784B5E3179A11E6F,wxbew5qt.dsp|corleno2_zh-CN_hq.dsp,176996,,,512,1541
filD9B2D75C6871124400F67A8FB3FF3BE4,cmp33842318B883544B5F7B7E4E9ED7E3C9,c3i0evry.nrm|corleno2_zh-CN_hq.nrm,971790,,,512,1535
fil2426353DAD86A01AEA071A4BECF23EAB,cmpAD55300ED6AE8A05697072080BC582AF,ew-zyjpt.phm|corleno2_zh-CN_hq_hwkws.phm,96,,,512,245
filA589C5B3DCB6D2A5975765E7A0D659AE,cmpBDE16EA5F1EA4A7672B224580A744650,gajlubbh.th|corleno2_zh-CN_hq_hwkws.th,3,,,512,1131
fil2CF62A340021BFFF739214FFDD851CA6,cmp09ECF40007781ED045A968FF6D504527,wpb6k1q4.phm|corleno2_zh-CN_hq_leno2.phm,102,,,512,312
filC1A4F5656A0B1A12EA15B8E83E38EAD9,cmpE608529EC9CF17FD74CE27FC023C1CBB,s6uvgvnr.th|corleno2_zh-CN_hq_leno2.th,3,,,512,1352
filED43504D0C90FD87916E17DF1318F9D2,cmp69A92193AFE5EB201759B51DE8416BD8,2ciqa9ru.con|corlexa_constraints.conf,38,,,512,1663
fil3479EC86B482671385CE3063D9029DDE,cmp66708EE24174D17FC4D8B69C6648CC39,dosw7div.amp|corlexa_de-DE_hq.amp,907276,,,512,365
fil32E08C8BB2D5D8A6674236311CFF5900,cmp284F9719E6C2ED4BBE283371FBE36C3B,mvahlt9d.dsp|corlexa_de-DE_hq.dsp,176188,,,512,353
filC994B46A4DDA25A0F48A257E0FD20C4D,cmpB4129996C494E84E5F0153FE6A79C463,obwnvchn.nrm|corlexa_de-DE_hq.nrm,971790,,,512,1409
fil281F0C2D24ECEB446955294C751F312A,cmpEF4C38350E6E27441B67389AC03DD233,2hp7r8h1.phm|corlexa_de-DE_hq_echo.phm,78,,,512,278
filD8DA2B11A99E75FC005FEF85C2E05412,cmp585ED5A7B518567222E2BAB0C171BCCD,iqkffwyy.th|corlexa_de-DE_hq_echo.th,1,,,512,1529
fil2E5DF9CAD03A376AB3CF88C4E6C4EFD8,cmpD4DEF4B169041C48F66D15E03BD252A7,_iwcci8d.phm|corlexa_de-DE_hq_hwkws.phm,96,,,512,327
fil3C125C1F39769CB767F2A616C710159C,cmp167F970DD8903C4A8D0419D75452C017,t0nrzgio.th|corlexa_de-DE_hq_hwkws.th,3,,,512,413
filA8933B7CD4C1BD9FB696EF5C55A9F7C1,cmp55008F8ACA57C4DA2FF81A8A62922683,mco4snwp.amp|corlexa_en-AU_hq.amp,883928,,,512,1151
filECF0B5C872618231AB67B00A2A90F9C6,cmp1F92E7A53B96F4ADD81A09879122EE86,rlbriqg0.dsp|corlexa_en-AU_hq.dsp,174628,,,512,1661
fil4D742A019D204C38B6533A73E97ED6E8,cmpBE5F9FAAC9B79A94001AE4BF9EAB97C1,kltjhwy0.nrm|corlexa_en-AU_hq.nrm,971790,,,512,536
fil5FB889C49FA1C5E008C3AC5B0BABE1BB,cmp46AD7AA5F466D95FF549D942181076F5,d8wfs1on.phm|corlexa_en-AU_hq_echo.phm,78,,,512,654
filF837F6730EE8310A01150B0083CD5720,cmp7C4F9534E8DCB8FE5F23F0F6D00E6DD6,qgtt4cuu.th|corlexa_en-AU_hq_echo.th,3,,,512,1742
filCA84814097A2D1EDE9AB1912283F3204,cmp2660BFB3007A8495162FB49CE4DE2F9C,mltc2wfa.phm|corlexa_en-AU_hq_hwkws.phm,96,,,512,1416
fil53D461B78D6956746BE290AB058CD078,cmpC4DE4CAAC221743E8E661D4AB06F343A,c-iqyxkt.th|corlexa_en-AU_hq_hwkws.th,3,,,512,582
fil064BE3E50548F1C5352EA4CF5DD19C81,cmp4D9717E7D3051131260C58DD22BBEFD5,cqteci6u.amp|corlexa_en-CA_hq.amp,907276,,,512,43
filCDA34069E57E36C37244159556753485,cmpB21866921AE60F85EA7F71C057528BE8,hydwj953.dsp|corlexa_en-CA_hq.dsp,176188,,,512,1444
filB8F02BFCA92812C95AC5BF2EA5D4794A,cmp9E760C69F0257276C0ACE2D8F7E344B4,sw_m63jg.nrm|corlexa_en-CA_hq.nrm,971790,,,512,1283
filBFAA62A05D6210BB94AE82917FBCC718,cmpD9D84DCFFF396DF48866D8E16BFE5A90,bfptofip.phm|corlexa_en-CA_hq_echo.phm,78,,,512,1339
fil23EA732E2D91C47EF293207D93FFCCA9,cmp5A2E96E2BC6450AA1736A4F906CBF517,8f4kojlp.th|corlexa_en-CA_hq_echo.th,4,,,512,241
filFE720D28C177D94BCC8FB0BD076B143C,cmpC59B2999347F19EF8A0287E56AE5F7DE,zsrbafj0.phm|corlexa_en-CA_hq_hwkws.phm,96,,,512,1790
filA76A40FF3F1742ADC125B18E307034DE,cmp222FE034830860FC708F1D41F99BF4F7,ivc6uj-2.th|corlexa_en-CA_hq_hwkws.th,4,,,512,1142
fil36326B0B195C554EE7310FE78079A521,cmp83D8FD9512712A118BEF53D17824577B,avvxgrvt.amp|corlexa_en-GB_hq.amp,907276,,,512,378
fil9BF16ACB0193C733E2EBF888721D4A60,cmpCFD149230743B3D6D1AFF4AC1DA94427,ro_5s2t3.dsp|corlexa_en-GB_hq.dsp,176188,,,512,1069
fil66EBDBE6491B38FF5EE0B5DBADA5D867,cmp3C0F3FEAA76CDF96B503E2ADF6F051A7,yhaegvgy.nrm|corlexa_en-GB_hq.nrm,971790,,,512,706
fil4591AA6BB351C7841F4AE9621D37C994,cmp5A449960BEC34ECB2C4822BA69808531,uo1b-7lh.phm|corlexa_en-GB_hq_echo.phm,78,,,512,481
filAC3A778E3DDDEDAB080C2DB93F4A1621,cmp55203439534CA50C20417FF44081E9CD,jaz8wlkl.th|corlexa_en-GB_hq_echo.th,3,,,512,1190
filDD73696D120FB4DDFA604BE9D42ADA78,cmp4CB91C3E3FA98F19544B7D89DAC2666D,dijdltxf.phm|corlexa_en-GB_hq_hwkws.phm,96,,,512,1565
fil802285A806189C2DBF5CC2585423BF84,cmpBD86C57BD6646F83E3BD8ADA8D69228D,1_pwkhe9.th|corlexa_en-GB_hq_hwkws.th,3,,,512,867
filEE2BD43837510223AFEB623C2489D17D,cmp121B5A123BD523F545D355835401E674,oxuyybd6.amp|corlexa_en-IN_hq.amp,907276,,,512,1670
filA98E60969AA001446F76D62EEB2998FE,cmp31FA08C1163A85288F212A0A4206BE58,bqdyecq3.dsp|corlexa_en-IN_hq.dsp,176188,,,512,1167
fil6A337EBA6865E410BB0945E92197F459,cmp5A81EF8CACB4EA162609F6F17725CF72,mdvnvqsh.nrm|corlexa_en-IN_hq.nrm,971790,,,512,733
filA89ACCF3CBACA787392A946CAF035AE1,cmpC6EA0EFD79B897C52F5440FEC2743713,f77gdv7g.phm|corlexa_en-IN_hq_echo.phm,78,,,512,1152
filD9433B19946ADF8E900C12DCE36F8D66,cmpA0BA894FD7C2689E64E9468F5B97EE03,ccdgjl20.th|corlexa_en-IN_hq_echo.th,3,,,512,1532
filD6AF1E4A241D8A7EFE9BDFD35AB80D96,cmp747B43CFD28C59EC8CB4E1096E86247F,f3kaz2iz.phm|corlexa_en-IN_hq_hwkws.phm,96,,,512,1512
fil02E2CB7F1753469AB84FD3F197B7C6E6,cmpDA0E011BF8E8F473E2F3F9E127990A13,inpcn-in.th|corlexa_en-IN_hq_hwkws.th,4,,,512,24
fil005649BC97976E016271DE4655C39C78,cmpD2A5605C5309115DCF4C11BFD703A982,92b6sjnj.amp|corlexa_en-US_hq.amp,907276,,,512,2
fil353BCEDC8962935BFB11132A6D65D9A4,cmpE596AA85000F9728F9C5501BC46460F0,hxiv0hlk.dsp|corlexa_en-US_hq.dsp,176188,,,512,373
fil31F52E00897570EB8C763014EB7A2BE6,cmp9195AE7CFAD24931C948AC7380AAFCE4,fuidhaq8.nrm|corlexa_en-US_hq.nrm,971790,,,512,348
fil02B03214E9C74FE2AD56E5B616732472,cmp88A4A2A12B84C5243ECD23DAAE359D9F,0flexegg.phm|corlexa_en-US_hq_echo.phm,78,,,512,23
filDBBA2B503CA6D9407DC93DCF6698884D,cmpE9BDFA22CC75C776FD999EB9F8F9CD9E,ajndmv6e.th|corlexa_en-US_hq_echo.th,4,,,512,1550
fil18BF942CD83FD42717FFADBDA75CAA61,cmp8791DB4CC510D92F306803F57924F1BE,tovdspzy.phm|corlexa_en-US_hq_hwkws.phm,96,,,512,160
filBBEB490811AFD52C60CF88E4A6A198CE,cmpAE002477199080D416E6D525A0F2538F,bc7ci8wb.th|corlexa_en-US_hq_hwkws.th,4,,,512,1309
filF05F41AEA216F08EB9DC04873E6863D4,cmp7BD5EF506D6AC8524241453A230C9D9C,6u2jc4rr.amp|corlexa_es-ES_hq.amp,935196,,,512,1688
fil910E9E90185C917F8A63F4C6C99E4649,cmp2A6FDC62DDB264B35756F283B0ED8EBB,fm_hrylg.dsp|corlexa_es-ES_hq.dsp,173848,,,512,982
fil96E939D2F7AF14F9C9E9DD40481243AC,cmpFB51EE6686230B51CA54D8AE79CB9CE2,b6zqrose.nrm|corlexa_es-ES_hq.nrm,971790,,,512,1029
fil2674CA5BFB24720E3BF9DBFBFB43DD91,cmp5B2CBF37630A3E565B8DDCB240431188,6jm8hicg.phm|corlexa_es-ES_hq_echo.phm,78,,,512,266
fil43BD2E4ED9F9621B58EEA4701A5A07A0,cmpEDABE4832AC2FD73047B7ACCF1EC2B65,zz6zs9bu.th|corlexa_es-ES_hq_echo.th,3,,,512,475
filE84AE9B1296145F2A596CFD70FBFB8C2,cmpE05D70307CDAC551DC1FA63DDF1AC066,qii7i6oc.phm|corlexa_es-ES_hq_hwkws.phm,102,,,512,1637
fil0E20270E6590CC30A40AD3D66A9864B9,cmp02CBFCF31F9ADA4DC3848146BDF352F6,7s2dqj2d.th|corlexa_es-ES_hq_hwkws.th,3,,,512,89
filD7BAA1EA1B08FAB530595B16A8E2EC70,cmp8EAFFA292F390E541314746F3C62118B,ymsmuolc.amp|corlexa_es-MX_hq.amp,935196,,,512,1520
filBF087ABBA719C9D219C0DF4A5786865D,cmpC2441D48B4EF76B66EFC7738478268AC,8sfyd68d.dsp|corlexa_es-MX_hq.dsp,173848,,,512,1334
filA6C1E03DCC76ABCAEE1055328D137037,cmp27F8CF5524C1065B49ADFE027FE14D9D,st28kkl-.nrm|corlexa_es-MX_hq.nrm,971790,,,512,1136
fil96C10FFA4B07B901A1EB0AFF19DA7AAC,cmpAB4314149F50B0A04F851C86E757736E,dfib24xf.phm|corlexa_es-MX_hq_echo.phm,78,,,512,1027
fil18B486CEEAA04C4B6A98D0DF9913AAD2,cmpED129968E31CB0BD6E531D2F0F5935B0,nlewkz2j.th|corlexa_es-MX_hq_echo.th,3,,,512,157
filB2CA9BD16D3CD777CDF4811318D49B00,cmp917324276EAB9DFC0C1039637319B616,89rdho-e.phm|corlexa_es-MX_hq_hwkws.phm,102,,,512,1239
filDDAEF3839B10611DCF4B481E753098E8,cmpE470E27D168D90B142A335EC9A9359D2,ca6sl5ud.th|corlexa_es-MX_hq_hwkws.th,3,,,512,1568
filD9D36A3748E40305501906D158FEFC2A,cmpA24DA3ECEB4F73184E74D980B7EBCF93,d--a9ltz.amp|corlexa_fr-CA_hq.amp,862168,,,512,1536
filDF1D4F383EA26417E28BA66A758BDDB4,cmpEDCB752846498B34FFEF57285CAD3E57,3kzsfuot.dsp|corlexa_fr-CA_hq.dsp,170556,,,512,1578
fil61C643759B6E420D0F7C70E8BF1D4B41,cmp0F27A2826C925790F84EFD757AD110C6,i41q2xt4.nrm|corlexa_fr-CA_hq.nrm,971790,,,512,673
fil269B9E9FA24EBFF145B09E168A09A887,cmpE6572C90D3B8634FDFCEA5A852D35866,a8shvjen.phm|corlexa_fr-CA_hq_echo.phm,78,,,512,267
fil2A6A293936C019452457A3A2C8A0D13E,cmpB1A17557CA634DF9E4026C8E5EC09B86,hgb5gv6v.th|corlexa_fr-CA_hq_echo.th,3,,,512,296
fil5C5C186FD1B5213B4450D9E288AB2B70,cmpA2A74619ECC80ACD231FF5A11216EFE1,3nfhve-m.phm|corlexa_fr-CA_hq_hwkws.phm,96,,,512,638
fil66F92E84CCB2C209BAB09DBDCD8E695A,cmp920C6358CB5CB1AA997CAD691F05DBFF,a3kotfwl.th|corlexa_fr-CA_hq_hwkws.th,3,,,512,707
filF62DD4321B7389CA4319CC993D601288,cmp86BC9DBAB73D6832DE2340A4CB1B72EA,25zeoulv.amp|corlexa_fr-FR_hq.amp,862168,,,512,1732
fil89872FA150EAA778394846202E5020A4,cmp54029201043E03CFA4A696A3BD8ED211,onpxzm0_.dsp|corlexa_fr-FR_hq.dsp,170556,,,512,930
filCA69D5FDA3737ED73E623DC0D933AD4C,cmp3C8F61E93F4761C4C53B4DD05269DA91,nc1crd7k.nrm|corlexa_fr-FR_hq.nrm,971790,,,512,1414
fil65FE9B5A957BFC5317E887FB83CE779A,cmpBF272122278F3F56D09016D05CC02D63,2mpdxus3.phm|corlexa_fr-FR_hq_echo.phm,78,,,512,702
fil928FC2C019627CBC106D6DD88EC5F039,cmp49BD48531666A0B9A9BF4B05D8450D77,rh6tlnza.th|corlexa_fr-FR_hq_echo.th,3,,,512,997
filCD4745DE0687A2F21F9C5C65AE19AB19,cmpC8F963488A6F8A5F552516375606CB6A,d64svihp.phm|corlexa_fr-FR_hq_hwkws.phm,96,,,512,1438
fil7884416D416DD834C62DABDED8443B0F,cmp85E1B51A47F602483263A1FB6B312B47,mp7cvmfy.th|corlexa_fr-FR_hq_hwkws.th,3,,,512,825
filB82FCB919F199C94B55686AF64D69B54,cmp796C67257157D01F3EC5D8A975249467,o8_qdffl.amp|corlexa_it-IT_hq.amp,879440,,,512,1276
fil27ACF39E808D20388566C48974B55DA4,cmpE638235A5711C09946F382825666A957,apnlcdb-.dsp|corlexa_it-IT_hq.dsp,172188,,,512,276
fil33365FF4ADC07B4D1FB9EB4B635898B9,cmp632D80B7530C54538B4D0E91448816E7,4hv0hxxv.nrm|corlexa_it-IT_hq.nrm,971790,,,512,357
fil8CD687BF8CD4C9D6E5EC072665136B74,cmpA832DE44D2237C8F27A901D760445778,ntujxxky.phm|corlexa_it-IT_hq_echo.phm,78,,,512,953
fil45F969571890833F7820F86AF747487A,cmp9C44403BE0B538EF399C26C3004ACC4F,egvnszra.th|corlexa_it-IT_hq_echo.th,1,,,512,486
fil1D036313519B1B2A81E201E34DCCA4DA,cmpA62CF0515E221CA27F0B176226C94D83,lazqqgyu.phm|corlexa_it-IT_hq_hwkws.phm,96,,,512,191
fil1C414E5051C7E7B0F1C61D7EA0822962,cmpA2A4440C195AC22E474BCE6EA302B01E,0i-9izo4.th|corlexa_it-IT_hq_hwkws.th,4,,,512,184
filE297DF4325968CD9FC4747FDC6501709,cmp4B5C70789E05C9269FBD6FA7B2B2E779,yt6qyp8p.amp|corlexa_ja-JP_hq.amp,894564,,,512,1601
filA59B3FD1DEFF5363F8B7A7111F9EAEC1,cmpE88BEF26C89DDC86D4DF2D01443C442E,aztfai3x.dsp|corlexa_ja-JP_hq.dsp,172408,,,512,1132
fil87D3EECBC2DC434BFC38FD57C05ACF8F,cmp10440A07BDACA3DCDE88D1915CB090AC,qyndf3m1.nrm|corlexa_ja-JP_hq.nrm,971790,,,512,917
fil1F70F2AC13316622AAB0B9E89BBF10C8,cmp4F5CF6CA57C9BC86E5C45BC4F278D8DE,7audzrzq.phm|corlexa_ja-JP_hq_echo.phm,78,,,512,207
fil24549EE5DDBC6678E73574DF81C823F8,cmpF8138FC8F1A862611F4C327FBD6AB0E3,2asifptd.th|corlexa_ja-JP_hq_echo.th,3,,,512,247
fil29D9415A0FFC528754EB3127DA05791D,cmp11E2DAE9A7D44EEAC96A5914EA42A1B4,o9bldyav.phm|corlexa_ja-JP_hq_hwkws.phm,108,,,512,292
fil473A13BFDD56EA93EE8E9D2F676DD6E5,cmp8918F61C78017BC1F6EDBA1283D6F82B,betuwiy8.th|corlexa_ja-JP_hq_hwkws.th,3,,,512,494
filDB66D4EA7EBDBABF467AAD7A7A126D55,cmp076F407B88039C89191918F4C33B97BA,59pitvky.con|echo_constraints.conf,38,,,512,1545
fil0F320506522D3EF8EFE2BFE5E78A3C67,cmpE6063076EEC409F4AAD0B8E20B3D8946,9ygbt-rj.bin|cohort_echo.bin,16773140,,,512,99
fil0E498A829C511A9D8555C71F1C96D9B2,cmp36804E4573A76A33C104DBF56B655661,8vuhl49l.th|cohort_echo.th,5,,,512,91
fil608B3C4B377002BD90692F943055F9BC,cmpD104C1D41246235C689CA0BB2219CD88,zjursf_x.amp|echo_de-AT_ex.amp,2984824,,,512,660
filD87661D9D01409C85B5B7DE1F1F67538,cmpE94EF13E846E878A096FE0EC14FEE3B3,cxlvou0d.ehs|echo_de-AT_ex.ehsc,2985216,,,512,1524
fil6FF3175C69A22E2BAE466D87A658BC60,cmpED415A0E12721B18C1DD98B1408439A5,wevatdf-.eth|echo_de-AT_ex.eth,3,,,512,770
filF34FC40BFD7952B5EC1676589E7145A5,cmp8828ED0FF399D813844648EBEA6C1A31,wieysjds.hsc|echo_de-AT_ex.hsc,2985216,,,512,1712
fil0E1720B7B16F39BB9BC874A1C25A9082,cmpE5F0EEFAC132D1F5B116A9B5C8084FF0,qx_s7aos.nrm|echo_de-AT_ex.nrm,971790,,,512,88
filB0022D15A59D0868D521E9D3ADC43DFA,cmp53EA28086868EA959B4D7178852BB822,nkldnjdy.phm|echo_de-AT_ex.phm,138,,,512,1217
filE3BF278ED710474D56542752871EE54D,cmpCE143DC548A79207CE54F0FD53FA3BDB,rme78axi.th|echo_de-AT_ex.th,1,,,512,1609
filFC3F6700DDE6A4CA9D8494E75CDE08A7,cmp2942792271B3E0AA493469671C2AA00D,8pb8ldjo.amp|echo_de-AT_hq.amp,883928,,,512,1777
fil4214591EE1C78458594445BEBA004BC2,cmp4E31B2823237D02429DCD1F7A2248C1E,afw46l_t.dsp|echo_de-AT_hq.dsp,169620,,,512,454
filDDF315BB01D5A4442F6B083509C5D77F,cmp90BFF00A149CBF317CBDD6C6006BE2AC,ipjrhnwy.nrm|echo_de-AT_hq.nrm,971790,,,512,1569
fil913A5AE148B80AD925BEF37463F7B5A6,cmp54CF13B98E9610514B2620A14C9F557F,oqgok2t3.phm|echo_de-AT_hq.phm,78,,,512,984
fil849751C38AD5DCB980800D65E09C9425,cmp2ECE60B45C2FDD9BDCA9D0A6D0605E35,cychx_uf.th|echo_de-AT_hq.th,3,,,512,896
fil34D330DD8F43A8D491172A7B9BB3DAFF,cmp76AA30D3F048E5035E3DEC0D1F3E5C6F,zyl27qit.amp|echo_de-DE_ex.amp,2984824,,,512,369
filDDA2AADCC8CA5F8E1883096ABE016664,cmp5D53B7A7214CA238FA8346BB161DE0B8,hanpau90.ehs|echo_de-DE_ex.ehsc,2985216,,,512,1567
fil2465034A869EF0DBB7109AE23EEBFA1C,cmpC56F5490BA7743B45EB82388D3BDEC77,-jdkt-x6.eth|echo_de-DE_ex.eth,3,,,512,248
filEC76577BF15A94821DF7F9D57A563822,cmp74BA437FA11D2A2C267C097BE590FA60,ojxf9g6v.hsc|echo_de-DE_ex.hsc,2985216,,,512,1658
fil6C2A8722E40AACE89C40E2FF7DAD94F4,cmp1F28A4C9C05FA377CB57930AEB0C259A,s0wbsdlg.nrm|echo_de-DE_ex.nrm,971790,,,512,745
filA2F082C7E1ADC837D9FA76C28A7119DE,cmp6430B9552BE306C7E354FB18C2E6DAD4,kaqddblv.phm|echo_de-DE_ex.phm,138,,,512,1109
filB49ACCEE2EF327212EDC35EB0D2F80E3,cmpB3543E57083E945516158CCCCE5DB03E,j2exm-ph.th|echo_de-DE_ex.th,1,,,512,1252
filD616F149B4D9CAD7832147810657FD01,cmp81C617453926173165F5E6975C84E29A,akiwvxbz.amp|echo_de-DE_hq.amp,883928,,,512,1505
filAECF8F78CAD9958712D2C8AA23AEEF96,cmpCE0761F85EFF9E9329AE9007918BB3BB,awcse4kg.dsp|echo_de-DE_hq.dsp,169620,,,512,1210
fil81A1EE1688C272407008D6C224060DD6,cmp71E5B19332C39CAE0180DE1D4C47F112,w8innehw.nrm|echo_de-DE_hq.nrm,971790,,,512,878
fil3E8F94E18A9DE89A0E4063581813E2B1,cmp14B5F5C6548858369BF6157653015E17,idwxqigx.phm|echo_de-DE_hq.phm,78,,,512,429
filD9EBB4A1DA7FD531C5D100AC6492F45E,cmpA59A0EF473D2B96A8B67CF4EB0F3872F,48ofrqg8.th|echo_de-DE_hq.th,3,,,512,1537
filCAEC7EBC7607F3A1540CDAB16477136A,cmp937A910E5C261E1FCA27FD74E427FFB1,qwhaiwbo.amp|echo_en-AU_ex.amp,2984824,,,512,1421
filB85FA4CEE20DC11E53581F192D10842C,cmp48E14B22334EC3A19E2A07015D375E1E,avi30v23.ehs|echo_en-AU_ex.ehsc,2985216,,,512,1278
fil80CF80407DE0D0446DEA246AB7B0AEC5,cmp102AA8CA16DF8F18F0553D6D50C2B53D,-swinosu.eth|echo_en-AU_ex.eth,3,,,512,873
fil851CDB239BA9D2B3E6E85A99BDE87A30,cmp995831BE05BD475E099918AC9F250DAC,lsvsdy-9.hsc|echo_en-AU_ex.hsc,2985216,,,512,901
filB1F3BEB466DBB1EC21B1AB912089AF7D,cmpE367301C9A54596349B8BF92E3916057,wmggaf1z.nrm|echo_en-AU_ex.nrm,971790,,,512,1233
fil513EE6C2EBE90736BE3E89737AE74146,cmp07D60E7C5DFE561441ED27A266DEA08C,swvhtgmz.phm|echo_en-AU_ex.phm,138,,,512,562
filF84B30192208E717E22DE181129846C7,cmpF5F5606EE57A122EDA3CC38BF11558E6,96ozs1sd.th|echo_en-AU_ex.th,3,,,512,1744
filCD516CAC91197EEA59BC2B6524350965,cmpAF9C4473881C606F58B052A21CDCE9B7,f_q8abok.amp|echo_en-AU_hq.amp,883928,,,512,1439
fil248CEA6DC7A08BC53A384B520F351711,cmpDE9E2E7BEFE68339C35F23FD5E086DE2,bidto583.dsp|echo_en-AU_hq.dsp,169620,,,512,249
fil2E29FBF408264924D70DBB9E78927BB5,cmpDDDFDC3E1D2CED58CEE2A32A7B1CC9C6,vmnqpysy.nrm|echo_en-AU_hq.nrm,971790,,,512,325
fil9507B89563804056E017C41445972038,cmp9875BB9A3613A3E2B5A7F7C279791F2A,znfwrdoy.phm|echo_en-AU_hq.phm,78,,,512,1008
filC3F0150654E915E43EB81F377A5B66AF,cmp102E69C00E4192D4B4A476328C870AA8,yhy5zmdy.th|echo_en-AU_hq.th,3,,,512,1369
fil5E64DF2537C89B71D5180ADB841DAF21,cmp3184A1CBD6B4330F87385F3E91BAC8FD,xz8als-k.amp|echo_en-CA_ex.amp,1004384,,,512,648
filCFA2A477217549232AD413DE349FA3CA,cmpD2172B566CD7D0870FEC75E8C7FA0334,yfxnab2g.ehs|echo_en-CA_ex.ehsc,1004716,,,512,1461
fil124A9F44C23014610F3DC341465FD6BF,cmpC50380ED4082F8A19EFEE6864985F2AE,qub9dz-u.eth|echo_en-CA_ex.eth,4,,,512,120
fil39042FA680A6AF03E325BE0263F05D37,cmpD53C0257D065A32109CD1033460B65F7,ev5axuha.hsc|echo_en-CA_ex.hsc,1004716,,,512,392
fil2DBBFF6780168429EDF0E85429E42DC5,cmp9BF1B3F3817011487707C219439470EA,ntt-lhmw.nrm|echo_en-CA_ex.nrm,971790,,,512,319
fil4092DA41237BFF767D0ACD66DFB158FB,cmp882C95CE08F554FEC894370CE17E087D,daac8bub.phm|echo_en-CA_ex.phm,78,,,512,441
filEF1B4BBB0F75758DC406E1BCEAC2FEE4,cmp5FF817569C450535FE102A05F0ADEAE0,nehocjfp.th|echo_en-CA_ex.th,4,,,512,1678
fil6BD4A434FD8DF9F52D862DB2FD5D6753,cmp7E5566B2CB421FBA2FA8A66D6DDDB9B6,zu0clyj3.amp|echo_en-CA_hq.amp,863096,,,512,741
fil09BB54ED3413830642A78BD7216459E3,cmp1A49318B59B8D463B8D6CBEA75F489DA,_ifo-w_w.dsp|echo_en-CA_hq.dsp,168156,,,512,67
fil5FFBF04364C5243E03AC98613C8982B4,cmp60DEBC3EECA50953E230567854AA0229,igirecte.nrm|echo_en-CA_hq.nrm,971790,,,512,657
fil0B8B4C06A0565AB8115C0070288AF434,cmp622310670F73845B3AA22D85423D1B3C,cyi8jgen.phm|echo_en-CA_hq.phm,178,,,512,79
fil7ACE84620A3899DFB9E1AC9E2A835A49,cmp3820303E21B82EA902E38F7E62A68875,vij2b68i.th|echo_en-CA_hq.th,3,,,512,836
fil2F15CE562D8EEDDE6E39E6DFF3435418,cmpAF078E443B9021EE5E7763A041093952,12jczorw.amp|echo_en-GB_ex.amp,3524784,,,512,332
fil41B73C66050B055CDACA38782F14AFF2,cmp59784A19498B663D9CCD2C6A460A511B,ie8cx9m1.ehs|echo_en-GB_ex.ehsc,3525116,,,512,450
fil7D5E0E069A9D70B7602119172A442B83,cmpEA4E655C89AF39C08E5B846BB326078D,qpwna-zp.eth|echo_en-GB_ex.eth,3,,,512,851
fil32410D23BE8AE21A66D2430905C44916,cmpB781E356221DF5AF0681796853642ED4,zbfggw0m.hsc|echo_en-GB_ex.hsc,3525116,,,512,350
filD23B8A5AE9C4B184D735560C176B036D,cmp4DBAB91EC55DC9913486878146CDECC6,l9esy9dv.nrm|echo_en-GB_ex.nrm,971790,,,512,1477
fil09C7F3A7F265AA0515DFECB51CEC3963,cmp87D97200B6BF851221DC350CBD141101,gxzdfqa6.phm|echo_en-GB_ex.phm,78,,,512,68
fil8406ADD154D68BFB6D5115B6FFAE85E5,cmp0367677D50F297A29C7FD424FB3BB42A,m9nbndf9.th|echo_en-GB_ex.th,3,,,512,891
fil0C55449A63A3B4764FC0BB88C04DC7FF,cmpCBB3A87460171319263C982517D8D9CF,0nkbcxev.amp|echo_en-GB_hq.amp,883928,,,512,83
fil2556AA4552261B27795DD4294BFBABFF,cmp9CE0E9CC196EC2E457D945C52226757C,hj7yd3c-.dsp|echo_en-GB_hq.dsp,169620,,,512,259
filF85F683F1568442B8232BF4385E772ED,cmp9824374E0053F2944FB27C72DB4ADA11,mers6ydo.nrm|echo_en-GB_hq.nrm,971790,,,512,1745
filF975150A1DBBFDE5C7A607E87CBB4260,cmp1061E017B0BCC8E2FECB2A9608687258,itfwngqu.phm|echo_en-GB_hq.phm,78,,,512,1758
fil6838A66422EEE5ECE5F8AD9EF8E39BF7,cmp80EBE47FD6F7EDB5B7984B7F7F63C242,hzh1z5zc.th|echo_en-GB_hq.th,3,,,512,718
fil8209A6260E4837475741A8FD34DCA5A6,cmpF6789BF1C156ABA952651A0174829E39,5nqphxwm.amp|echo_en-IE_ex.amp,2984824,,,512,881
filD74F09DC250745DB4EBFED737111D5D0,cmp34B74F9F1A38428EC866C499D197FC44,2mrqg81b.ehs|echo_en-IE_ex.ehsc,2985216,,,512,1515
fil0FE21AC28A7BEEA7D4E90BC72071D863,cmpD3083A3F6E9073A955F1D277A2A68AB7,badskuea.eth|echo_en-IE_ex.eth,3,,,512,104
filF56770C75161AB7D50C029C90FA6ED65,cmp4AD2180CDA2358E1710BF68DFB8026EE,xbsm-b6q.hsc|echo_en-IE_ex.hsc,2985216,,,512,1726
filC325FC4A8832296A46FCD7926FD3797D,cmpCDECF8642BB371633BD1C1E6D737C6F6,udq1jwho.nrm|echo_en-IE_ex.nrm,971790,,,512,1361
fil836257D51D5A7FC75A262E70BB339210,cmp397D0CA7AD0E6D36B4D0E16A8E0F19EB,w7waqktp.phm|echo_en-IE_ex.phm,138,,,512,888
filCD62DED28D8DFB788C27172C6DDA5F81,cmpCAF79D0F1B6EF96618DBA231A001BED4,tcpasudr.th|echo_en-IE_ex.th,4,,,512,1442
filD4B160A20FCBA411EB7AC226CDE9E5BD,cmpC34F4635CD8F0407F81995F5044E4265,m2awdfhi.amp|echo_en-IE_hq.amp,883928,,,512,1496
filBEA6EA287D70FD8391EB479A0D52F9DA,cmp15FC1B4D1A7728A9EDE2FF7E331AA0D3,regxnwwf.dsp|echo_en-IE_hq.dsp,169620,,,512,1333
fil1DA3CCC680C574E00FBB018DE5E9622A,cmp665C149D47B321C96E2844DE2F47EB0C,a92p7_4q.nrm|echo_en-IE_hq.nrm,971790,,,512,195
fil430FBC33AB8C9450B96BE96B3A89CAFD,cmp17AE6393C3AE9CBCCB8357A39A6FC52F,evy68uba.phm|echo_en-IE_hq.phm,78,,,512,464
filB339C98239305B33FFEF637AAF1C7B67,cmp02B1A27748B84F2ED8EC8698EAFE9DD6,row5fnmm.th|echo_en-IE_hq.th,3,,,512,1244
fil06C15B2189E7A41EDFEF83CD107DA6C0,cmpAEDAB3E4FF934C0B02FF02AC231367BE,ktqyq1ug.amp|echo_en-IN_ex.amp,2982000,,,512,47
fil3AD44C767BFDB2B98E8FFDD52C5AD46A,cmp49337BFCAA309C80DAA61924AD3FC7E5,wprnbdnb.ehs|echo_en-IN_ex.ehsc,2982332,,,512,406
filCCBB3BFA6F8F8875778CFFB34C7D2256,cmp454EE8AEE713119CD66A7AE80C19BE89,t-stl5nw.eth|echo_en-IN_ex.eth,3,,,512,1436
filBD55CD6E3C86B76F4190988411C6A550,cmp0AF3143C5CF5B11305098F6AB03C4E17,ncuzbsni.hsc|echo_en-IN_ex.hsc,2982332,,,512,1316
fil39AF4632E70C3A2C3D4BA01986EA2D93,cmp4389DFF96FA59A688777F66ED467AA66,mxyem_1d.nrm|echo_en-IN_ex.nrm,971790,,,512,397
fil7B56DCED96077EAF6AC6B4CB27A204EB,cmp3EFC6A9BD45F2F17D4554B4A763D4ADC,1om0wpck.phm|echo_en-IN_ex.phm,78,,,512,840
fil0B2785014B113AEBEF8AE4B276DCC4B3,cmpCE5266CCDE59A61E52AB017F682E8B14,ezztwr1r.th|echo_en-IN_ex.th,3,,,512,77
fil53344FE7CC0608191E244A96C37ED780,cmp25018E79C11D9E2430F1026925641887,-qpwigpl.amp|echo_en-IN_hq.amp,883928,,,512,575
fil8633170638255E9154DED7D8BC03CB8A,cmpA18EEEB10FF415833FF8528C85013DD5,cn4lpthj.dsp|echo_en-IN_hq.dsp,169620,,,512,905
fil404759D38DEE6771902B1DBCB0644177,cmp29B91174DA7DE8C05DD04A571682252E,m7majsan.nrm|echo_en-IN_hq.nrm,971790,,,512,439
fil2C2318D56915C9E955455924ECC41327,cmpC14DA5394841A209C4422A5AE054E639,_h0bmyno.phm|echo_en-IN_hq.phm,78,,,512,308
filA26C044025CA7AB65D2D32F78CED71C1,cmpC223EC4E5EB4CD3259C02451CFAAE9BA,fn7rma7q.th|echo_en-IN_hq.th,3,,,512,1108
fil706DB94809ABCDA945F39DF729990D60,cmpEDF724BC55AE5BD8793D711F4D210B3F,8kghxycl.amp|echo_en-NZ_ex.amp,2984824,,,512,772
fil731015574F6C5D152D67722252159CD7,cmp83E19094DE22D99A187D79AAF8623D84,neuvy5ux.ehs|echo_en-NZ_ex.ehsc,2985216,,,512,790
filAD340117E75F51A31780445287F51835,cmp9E20044E8F9EBAA85267597E4E8CEA4E,wyqxgruk.eth|echo_en-NZ_ex.eth,3,,,512,1201
filB5EAC0673C95F40009FD7C6767CB3B4F,cmp6E08B3190C6EA1513A05D6E68A9A0414,errsypfi.hsc|echo_en-NZ_ex.hsc,2985216,,,512,1259
fil9904F7DE4032624C18DE2151B342A6A4,cmp09FE9C5DF927D49CA3153B3719DFE0AA,mwcuuaxq.nrm|echo_en-NZ_ex.nrm,971790,,,512,1044
fil287CFF2B15338DF37682BE33403F24D2,cmpD14B5855E7DA88855B6880AB6CBF1078,xspyeu4d.phm|echo_en-NZ_ex.phm,138,,,512,280
filBB24E7E27C3BE13E468D6729FFF78C0A,cmpEC62CB52CED224025D5D59AECDBEB094,8oldauta.th|echo_en-NZ_ex.th,3,,,512,1300
filE7C9969F117F3932CDFCF55E801B717D,cmp50421B37E650F19618D915BF57164905,pidxmxuz.amp|echo_en-NZ_hq.amp,883928,,,512,1634
fil3F31F3298F10E365AE6A5D20FB1BAECA,cmp9A478B910BD4AFEBBD63CE38503B7459,igrihrq8.dsp|echo_en-NZ_hq.dsp,169620,,,512,431
fil1F708F5C56A2ECA6B30352D5F5FCE075,cmpE9235212EFD75CAAC46BB0920CF39EEC,nw7wchtw.nrm|echo_en-NZ_hq.nrm,971790,,,512,206
fil574210000B6368EB8343352617670B8B,cmpCBAD37D801994BF285A71773C4030DD0,s9vqyuaj.phm|echo_en-NZ_hq.phm,78,,,512,606
filB9CA53488017605AECD0DA46CCBA5B8A,cmp74D386B5459F5BCE2DA9AEF8ED1968CF,aducozrl.th|echo_en-NZ_hq.th,3,,,512,1292
filD7695330B76979581A9AFCF3E29C1891,cmp7BA016EEE2434C9C9D52DF839B27F044,v6z99atq.amp|echo_en-US_ex.amp,1004384,,,512,1517
fil31F3AD690759E87E816381CDFE70303F,cmpF0643723C757387566710B8E50D92C70,oilflavh.ehs|echo_en-US_ex.ehsc,1004716,,,512,347
filCDA8D1088745F05F92FC3A94F1D5E1DC,cmp8FBE6ACDA523D676C5B2DDD71088212C,jpmyryg5.eth|echo_en-US_ex.eth,3,,,512,1446
fil8CFA35BD5CF80EA262BF81DB31BA3715,cmpE19A78CB404677CA151697C37D8BEA54,toyrq1gr.hsc|echo_en-US_ex.hsc,1004716,,,512,955
filF7C3D7CC5C342E9D8F940DC284DB16DA,cmp758C348BB5E0144423AFB7A2A79174B4,rqtc5iyl.nrm|echo_en-US_ex.nrm,971790,,,512,1738
fil2EE1336679985808AB0C46903F2EBB34,cmp5EED1C0854A58C3D1BF797F2F8B98BD0,tqfehras.phm|echo_en-US_ex.phm,78,,,512,331
fil6799CF17E2DF2F0F88E18CBC9FD01EE6,cmp3E1224C6269E1B61609A17B2C97A7084,1cwdumwp.th|echo_en-US_ex.th,4,,,512,714
fil9EA902DC28F213FC85E028CA8999D991,cmpD1FAA56B23079F25B409288BEE40D43D,2olovjkw.amp|echo_en-US_hq.amp,863096,,,512,1087
filE0EAF2A512BC98B5BF70EB5DB20D2B54,cmp0968539546956F75A2F09C99E0B47A43,xo5eycvx.dsp|echo_en-US_hq.dsp,168156,,,512,1590
filFD1DAD33C4FFA30417656DB585DA8816,cmp6E56383C0EB61717358A87BA59275A61,ggbtw2er.nrm|echo_en-US_hq.nrm,971790,,,512,1781
filAD58EF4F50195B5365788EC746CABEE9,cmpF717B2DCC1A4C2FD06743204E30A37A2,yxyi9ayv.phm|echo_en-US_hq.phm,178,,,512,1202
fil20CFC9649552117490FD179708E2A143,cmp5DB1C01D25FF8D39508EC3340E1BAE97,nyoe1eka.th|echo_en-US_hq.th,3,,,512,216
filBE3B4E750948FCCE2FD9597059B5A34C,cmpBC5A28753D796AE1AC3CF04574D001FD,jazu1tjv.amp|echo_es-ES_ex.amp,3521136,,,512,1325
fil79E141CCC7326073B5134CA496C86B1F,cmp635A7901F04B2E6B29C22220B01D8A3E,2nqmx1ml.ehs|echo_es-ES_ex.ehsc,3521468,,,512,830
fil63E50A22B74BCF159CBB56577FFA5043,cmp237FAE3330B14EE5C042C0924A9E2AE3,ia0he-hn.eth|echo_es-ES_ex.eth,3,,,512,688
fil59F09CA0646C4084D98F10572648397C,cmp492C228D060898E626AF835987F13B3D,ypsrmiyy.hsc|echo_es-ES_ex.hsc,3521468,,,512,622
filA7C89F407024177182426D7916387E44,cmp9466AAA72C0439BCC044F246200B1836,ls972kou.nrm|echo_es-ES_ex.nrm,971790,,,512,1147
filBB365C4C4DB38A49F6DE1A09FCAB8565,cmp708BE7CE0DF68DA79C9C8E7156AEC2B0,dvsbtmud.phm|echo_es-ES_ex.phm,78,,,512,1301
filB7AA1A7EB8CA12EB4B0710015F77DF12,cmp141BDD48FED0B24F1BBC54E7D580CD63,xzurd8hj.th|echo_es-ES_ex.th,1,,,512,1274
fil5437AC32B2E7B62174C7B5E7D6CD6AFC,cmpAA9D0154382645B4FD03EC2028926407,khky9oo4.amp|echo_es-ES_hq.amp,935196,,,512,583
fil3CB4AA98B10006B96DB3A2244D1C9462,cmp4C9FFBF6B248E3B333F8C4034890B3BF,xc1bn-n_.dsp|echo_es-ES_hq.dsp,168252,,,512,418
fil7A8DFB983E0BC018E2A68EB9AD16337B,cmp2D469861BA3DC95A2D955AD64E769A57,edgxald9.nrm|echo_es-ES_hq.nrm,971790,,,512,833
fil19AC912AEE7B4597B66C5F5B1C6C713A,cmp753B36C27E1E321D3F6B874091ED6035,-dgxmfro.phm|echo_es-ES_hq.phm,78,,,512,166
fil6AE5868F3946950A63DCDF6F094685AA,cmp651E3FBD5F9F8F244A95C98B44EEDAC6,gzt0m53s.th|echo_es-ES_hq.th,3,,,512,738
fil653EC0994DF9B1748D8EF1282DB9D870,cmpAAD7308236B2DAE3CC25CCE3030BD5D5,tusrbxml.amp|echo_es-MX_ex.amp,3521136,,,512,695
fil80AA6F36B9AD19A69A6C1F6F1F4D0143,cmpD2D77A0FB909BA6DA5C11A9398F51678,-wl85mnt.ehs|echo_es-MX_ex.ehsc,3521468,,,512,870
fil95FF9C2F20C5BE1DB61049A7DE1C9091,cmpC28F65E00A305841962D791B4767DC96,twy5jaw2.eth|echo_es-MX_ex.eth,3,,,512,1017
fil242637FB64DCA523A500EF4C9AE70D31,cmp0C97C7C200AF19869DBB73133906B730,f039pdof.hsc|echo_es-MX_ex.hsc,3521468,,,512,246
fil96AD01BFD11AA45E8DBF19AEF0A155D1,cmp63F350319486EA087D2B61B9EC14F579,dlttwt-h.nrm|echo_es-MX_ex.nrm,971790,,,512,1024
fil278210DAEC153D4B48904CA5D7160C1B,cmpD6990D6CF90410E61047878BE2788E4D,io76yafm.phm|echo_es-MX_ex.phm,78,,,512,272
fil98881949ECAA22573938D98A4082771A,cmpF62CA41FC9F1894F3CAC5FFFBC6FEBC7,wi2xui64.th|echo_es-MX_ex.th,1,,,512,1040
fil67EE06673F9582B201D71FCA2CF662AA,cmpEBFD358CB0B3AB8876B1763E7E4E77AB,lvthkngx.amp|echo_es-MX_hq.amp,935196,,,512,716
filBE4D146C5F06E2A11C09AB7469472646,cmp78EF7346F2C2DC66750304FC8FAB8177,qkpwvyy9.dsp|echo_es-MX_hq.dsp,168252,,,512,1327
fil611323BCA25EF7E1FBAEE52CB3ABC6A5,cmp94A700D817EEDAD12B857B586DD7DE20,ru0oeftp.nrm|echo_es-MX_hq.nrm,971790,,,512,666
fil6EB6D8F95D292F0E71402A718BF8F819,cmp27FDF0DE51B6B6FDB6F6B31FFDF95D9F,f0unse_n.phm|echo_es-MX_hq.phm,78,,,512,763
fil9E8FE1C4D02FDCB9F85FABE79EFACB09,cmpF0ED7A0BE9243249E3C55299F50C94DE,ezwoji99.th|echo_es-MX_hq.th,3,,,512,1085
fil739BFCF302EA82F0D16B36598663A7BD,cmp7306D05BABA27DCBAF0839C96165717B,-cwth9gw.amp|echo_fr-CA_ex.amp,9804680,,,512,793
fil08D651C09D0BC81F95CF2EF2C86FC17C,cmp4F81136692EB0D2BDAC2EFD47D9B6FA1,tlczykyc.ehs|echo_fr-CA_ex.ehsc,9805012,,,512,57
filA3C9962347DA3102050BEE0BC793F9F7,cmp0D6ED25108CB92E90A06403A29DD071D,uqjvrlrt.eth|echo_fr-CA_ex.eth,4,,,512,1118
fil21868E79A5A9A22D9EFB249C386D71B2,cmp3732131D55F4B39A9DC579BA7A2F9FA4,boxcm10u.hsc|echo_fr-CA_ex.hsc,9805012,,,512,221
fil3DA331181F853E4EE5AB42CD857A14C5,cmp852CB4FF4CCFEB91C3586B9AB5A9EF57,pwdu2qby.nrm|echo_fr-CA_ex.nrm,971790,,,512,422
filD02EC18F449FAF87B50F046D0E82851E,cmpD083281C3F1657A6DD331BD852FB3251,4btbv8fj.phm|echo_fr-CA_ex.phm,78,,,512,1464
fil3DDF25FDC1CA3471E4F3E94954131E91,cmp5FC168408A781B830D66AC47BDF2C52D,ktyu2lfl.th|echo_fr-CA_ex.th,3,,,512,423
fil6C0397771AD8BF532FF247591ACD8878,cmpFBAE9D29F9EEDCB8E83CCB29C9D0C4F3,zwiwe9e6.amp|echo_fr-CA_hq.amp,862168,,,512,744
fil7B08527641B90DC2827BD8E2E3BBDE60,cmp0E09DEF269B9039BCABF736B60DE69E0,31gvfkba.dsp|echo_fr-CA_hq.dsp,165644,,,512,838
filBE68727D1AF4DEB01EACF7B35C0FCE9C,cmpC145C33F9D116B5D9FC73734D2FD8FFA,lutq2jer.nrm|echo_fr-CA_hq.nrm,971790,,,512,1328
fil4321911DEBB7702E2EE79F79FDC3A619,cmpE17702F99017EEF116041992404102BC,4p6sjlxn.phm|echo_fr-CA_hq.phm,78,,,512,466
fil20968A5E331ECAA56C6901F9E8FCEB38,cmp1DE87AB87C9515DAE4026DB460745725,6cnwpq3z.th|echo_fr-CA_hq.th,3,,,512,215
filC57EA3EDF5B006A2D130B6CBC9F54C91,cmpE27790987157C3267659D8D5156744B6,rzwp5kdx.amp|echo_fr-FR_ex.amp,9804680,,,512,1385
fil3210A0EE20947BD482D5847887842DF9,cmp08C1200FF3C9C16D47540C942309C7D5,v-rsrjxc.ehs|echo_fr-FR_ex.ehsc,9805012,,,512,349
fil4624C9932A1BAC61B61411F52C9BA9DF,cmp016EB47A2996901736939358FFC1ECBF,kprfgt0o.eth|echo_fr-FR_ex.eth,3,,,512,488
fil76CBC7B0A407624DBED35560883F36EF,cmpCF745904362BEF475F09B4B1970E1E0C,8vo5mnuk.hsc|echo_fr-FR_ex.hsc,9805012,,,512,811
fil0058C28971D98927FAAB710FD80F2D1B,cmp71746896A74A4AA0BEC2D32FE6D0D808,7yakbmps.nrm|echo_fr-FR_ex.nrm,971790,,,512,3
filBBA19DBB3D68CC2CCD8A077470845801,cmpB45BC4E7064C5B55741BD0116D60EFE0,v59zfpuo.phm|echo_fr-FR_ex.phm,78,,,512,1308
fil64205131DFBE69CBB424573B0B84493C,cmp77EDD737F2FF62CB3DAA36E1C0CA2289,qe-dof4p.th|echo_fr-FR_ex.th,4,,,512,690
fil86A5EBE5850A45D4D4BAC917A1560903,cmpC76F536F4C6181EEC5F5B21CF74E8490,jo7x1b7e.amp|echo_fr-FR_hq.amp,862168,,,512,908
fil295D9067A7D45627E6935482E26F4825,cmpF6C763F0FFE4BDF509B5621FE5C8EE31,0bzfozkc.dsp|echo_fr-FR_hq.dsp,165644,,,512,289
fil97355E3CE21B070ACBD07B642145A7DA,cmp212EAF9C2D572839C998162B926A6A28,r5l5czix.nrm|echo_fr-FR_hq.nrm,971790,,,512,1031
fil9754FF7814A041FD163758619F1FFBAD,cmpD50CCC243A7CE3450DFF47BC8AE9A868,gjpc0kai.phm|echo_fr-FR_hq.phm,78,,,512,1034
filEA0D1738198F4A49D9B0886FF8EF279D,cmpDE1BD65DE389603E6DFD5CB74303C3BA,9sas4rme.th|echo_fr-FR_hq.th,3,,,512,1645
fil74DF5DD453E1C7CD91472F71D787DAAB,cmp97CEBA10A1F78412DD5DF00178F1625C,uqu_2v_3.amp|echo_it-IT_ex.amp,3521136,,,512,802
filA1EB45D61BB474F47E25D8363DF01647,cmp5797FF4F5ACF7CC5A10D0A58DECCF716,emyc0q58.ehs|echo_it-IT_ex.ehsc,3521468,,,512,1102
fil7EBFBF619A77AFD2CC6F4252B20477B8,cmp5D8AFAC03D7CA5FE4317E9B3CD48F753,-70glbib.eth|echo_it-IT_ex.eth,4,,,512,857
fil83964DB1C0241017E3AF94E9D2CAFDE3,cmp3A13C70A293426C95B85B7BB50C9C1F6,ffzdi_yx.hsc|echo_it-IT_ex.hsc,3521468,,,512,889
filFF6F8051C2E713CBB10D6E7E34B7D1FC,cmp709D0C7F3934543A7CB443F9F17F93C7,rvuijuib.nrm|echo_it-IT_ex.nrm,971790,,,512,1798
fil3EE13FCC0A0295587F273234727EB9E1,cmpDBEBD96B43D9891D14FCF4751E6E1A5F,wqgyt9u4.phm|echo_it-IT_ex.phm,78,,,512,430
fil9752EF6BC9B0EB9B9C5FC00F26FA8885,cmpD2E4ACBDE3E677AB35611962B1F803BD,lejjvn8z.th|echo_it-IT_ex.th,3,,,512,1033
fil746413E4402A2537547F9215A0A639BB,cmpAC0BFFF35829319AC350DE11B1BBC6A0,l-vxyx6q.amp|echo_it-IT_hq.amp,879440,,,512,798
filAAD40976D712216F2FE7DEBC0EAA4BDD,cmpE476DDDCF201B8222A27EC0ABB4CF679,lamk9hwz.dsp|echo_it-IT_hq.dsp,167028,,,512,1178
filD5D73B9D31BE6E33D6A7EEDBA761B7C9,cmp642A0E401B5E0C50251979E6DE2384A3,rg7slcmg.nrm|echo_it-IT_hq.nrm,971790,,,512,1503
fil2C12761787385FFFF0BEE3E0955F0CEB,cmpC6E49E99A752A5CFEFC95CB37D71BD7C,ouzmemao.phm|echo_it-IT_hq.phm,78,,,512,306
fil9C4EF34DA46837980D9110583AC4D48A,cmp16007F3092F08BB713BA468D85523F3B,s_dvf4gz.th|echo_it-IT_hq.th,1,,,512,1070
fil426061DC706380B0DA0EC044359A181E,cmp514CBDE6DAE7BBB989566C7130BF2AF0,p4sehfml.amp|echo_ja-JP_ex.amp,9997252,,,512,458
filC529F7631C6197126E664F157BE5C913,cmp5B3E9933EBA033B0844384A717F9CAFD,tsfavt74.ehs|echo_ja-JP_ex.ehsc,9997584,,,512,1378
fil3061EA1600A9C9215880742C7B4426FC,cmpF672655BBC22B841F4F38F9557387F4C,qinxfmle.eth|echo_ja-JP_ex.eth,3,,,512,340
fil355E4E060D12EF59F32C668823F3EFEE,cmpBE6D10B2D193E6CA83A4D1C6A6A6775A,xloa0c5b.hsc|echo_ja-JP_ex.hsc,9997584,,,512,375
fil4AAC8F50D7FC69A35223F59ED6824467,cmp7A70760D6901865FCFFA941FB9E8D6BE,kvbt4qt_.nrm|echo_ja-JP_ex.nrm,971790,,,512,521
fil5E166F47D2D016FD16B8A878D295108F,cmp8D14E4CC1D772F1633A5F521A02AE1F1,tygy6una.phm|echo_ja-JP_ex.phm,78,,,512,646
fil091033A430F44F2E5ADFA0ACA0C26A4D,cmp54646C50F34014DBD41D1AFE1B0768C2,cda8xsmu.th|echo_ja-JP_ex.th,3,,,512,62
filB2D5A9A6F3B65D2AA561361B56FD2EE6,cmp4478D1B7AD65CAD18712E25321E3BF0D,eqw6u05k.amp|echo_ja-JP_hq.amp,894564,,,512,1240
fil47EE7765B8D3EF2814C99B67F43BD3D0,cmpAAC490154C0B98061F86ECE58A7F1E72,a2a1_21a.dsp|echo_ja-JP_hq.dsp,166444,,,512,502
fil6D506191B5EB9F70702CA01E6060A60F,cmpC26E23756F9648C41D834FC901C8475E,ygpu98cr.nrm|echo_ja-JP_hq.nrm,971790,,,512,753
filA921EE1C3D3D959534D22E1A90B063F9,cmpA7FA963FC50C740D32860743A96B9E30,m1dzbph9.phm|echo_ja-JP_hq.phm,78,,,512,1158
filA960612B728153C527C61105E037E590,cmpDBEF4CF0510508A593DA4C282257D64B,pj7dkv26.th|echo_ja-JP_hq.th,3,,,512,1163
filAA196D19595C732093F9CCC7A4A5BE35,cmp1E7BDB9ACB1A307AD869805A8B0BF027,03zl8bls.con|fuj_constraints.conf,38,,,512,1172
filB70F4B49CD2C9D0906784E8B8BBF59D8,cmpB996AA5CB9E9EE3131ABAD62269E948F,pimvg4xp.alc|fuj_ja-JP_ex.alco,16,,,512,1267
fil0AFE9C5C4678A5E1224569796A2D72A6,cmp24BA02FE0924C0F039C498E29C50FBF1,joujuxlw.amp|fuj_ja-JP_ex.amp,1665508,,,512,72
filE2FA9A02A39D3DB39D346811D2EF89AF,cmpE4BBF4D3CD89984D011FE99B6E7BA732,rvvrdpwp.ehs|fuj_ja-JP_ex.ehsc,1665852,,,512,1605
fil70765F08AC315E8DE6DA24E58CC207E6,cmp02D19FA0EC1CD59430E0FD75B8742AE9,fmo47nxi.eth|fuj_ja-JP_ex.eth,3,,,512,773
filDF17935BAF07E2957DF0B98CA2F89432,cmpDF5DF7CC5674178237C74F0034732ADD,0ogpiwu5.hsc|fuj_ja-JP_ex.hsc,1665852,,,512,1577
fil3B4FA05476D50B65E687466CF7F0B328,cmp9ABAFA52D4C72C90AA2C7A0C3FFA2B87,u7xmsynv.nrm|fuj_ja-JP_ex.nrm,971790,,,512,409
filE3E2A26C5CA457D87C4AFBDFB3C8C0B8,cmpB64A8B5D0F233B457EA34034B798DE70,jcgxgopo.phm|fuj_ja-JP_ex.phm,90,,,512,1611
fil64E433AFD6C74978D3B4F88E44970885,cmpC69509D3EFCAAE1E911AC83A4648D72E,rjufz6jb.th|fuj_ja-JP_ex.th,1,,,512,692
fil448BA875AD33BAC3378BCF1E12A5581F,cmpA1CD97B13481A7A00DB906CDEB5AD957,urqobl60.amp|fuj_ja-JP_hq.amp,901844,,,512,478
filE71EB8985097D39625FFE7EBAE292870,cmpD7C06880A82EFC324D32603EE6BE12BF,hwngqx8t.dsp|fuj_ja-JP_hq.dsp,167628,,,512,1629
fil6C5309EC1A187897707A09104386F7B4,cmpFA752435D9EA1B412D91CF484C865A70,wi3rxbcb.nrm|fuj_ja-JP_hq.nrm,971790,,,512,746
fil01AC6E1B462AFDCBFDFF31DF60D3B5D9,cmp91320882245BC6FBA13450F40B445590,cys835k6.phm|fuj_ja-JP_hq.phm,90,,,512,15
filB0FE94DB342A4F3AAF90959A13BAE770,cmp957354F80737AEDBFF387251EAF05AD1,hlg-sa0z.th|fuj_ja-JP_hq.th,3,,,512,1222
fil29091B91B90E8419194AFA17DE004DB9,cmpAF90CF50E65D545AF2627B99E6FFDA2E,ypbrn-dd.con|heyclova_constraints.conf,38,,,512,286
filF868A67B0E6E90DA5B902B2858F71935,cmp1532E4A03E628522D484993AAF4A6FC8,6roxj66e.amp|heyclova_ko-KR_ex.amp,1461912,,,512,1746
fil99CE3EF9FE657AC5E653991D06862CF4,cmp96B0519E7D66C50D45EF33F0EA606320,acojedjb.ehs|heyclova_ko-KR_ex.ehsc,1462256,,,512,1048
fil409446E98EB6BCB28DD62C05CD6F8895,cmp8FEFDE8C68BDE34BDCB23CAED3F4F26A,4pk1unys.eth|heyclova_ko-KR_ex.eth,3,,,512,442
fil39C429250662A460B36CB072F62DC68A,cmpB059F67756DDA0913AFA6970BD82C549,lmcv90u2.hsc|heyclova_ko-KR_ex.hsc,1462256,,,512,400
fil861F78BB3091FB2918C9976C022FA2FF,cmp8EA2764BBCAA2091A37FE1576125B0D5,l-vhw0e-.nrm|heyclova_ko-KR_ex.nrm,971790,,,512,904
fil6BD70F936FF395FB4C9E6C6DFEA8C3BF,cmpA65B54CCC7EC8C9D1F931B15EAABBB1A,n_3y71-4.phm|heyclova_ko-KR_ex.phm,90,,,512,742
filA14D6EA4DB3217CE4FCBA7D8863CDBE8,cmp90F807F72A5411F0E693E2EC16A28381,6yceypdg.th|heyclova_ko-KR_ex.th,3,,,512,1099
fil8BFD206DA4255F6206A8B58222065A5D,cmp6FAEDB14825AB3F8DF3A018A6B6AB2F2,jll6yerm.amp|heyclova_ko-KR_hq.amp,988376,,,512,946
filADA10626E510B4F540386AC63482806F,cmp3C5E29055AEE2D3A8AA2C852BB61D785,zzrjuwqe.dsp|heyclova_ko-KR_hq.dsp,174824,,,512,1205
filBB9BAC144DF72F247A26F789A7E09D97,cmp1C2EC6A3842337D91E0E7E77DC84EE45,5ruq6cjt.nrm|heyclova_ko-KR_hq.nrm,971790,,,512,1307
filEBF8A114ECA40F0FD5C33FC973D9AE95,cmp3739F34E79C8E719DEF009A4CEB78EAE,svgmp52g.phm|heyclova_ko-KR_hq.phm,84,,,512,1655
filFF3946473361CF3509482D5559427004,cmpFD2D13504A3BBB937DF7A73B703ED3E7,vpbjtllu.th|heyclova_ko-KR_hq.th,3,,,512,1796
filE58726EDB7D95729D55441E42378DAD1,cmp14C562E813A5B6BDE17FD4DA3C26199E,tj2nf3oh.con|hilg_constraints.conf,38,,,512,1621
filEC1C41BC955229704C9CA2BF7D545F34,cmpC4CADDD22F36D6ACD55EBC1EA10B7523,htfux1rm.amp|hilg_ko-KR_ex.amp,1461912,,,512,1657
filA8894FE8A58C14879B19ED42242E4B54,cmp489C38DAF4A620ED16C9E56B912ABB30,7n7jpojw.ehs|hilg_ko-KR_ex.ehsc,1462250,,,512,1150
fil1151CFA1E59688EBF2B969EAC484F293,cmpEF2E209E820A453A6F7C1B730D855D6A,nb--kwlr.eth|hilg_ko-KR_ex.eth,1,,,512,112
filC25924DABCCD31D9A086D32BA8DF7C1D,cmp0E7344DF8A8374ABAE8D9653F7A6E54E,bbt9bi_p.hsc|hilg_ko-KR_ex.hsc,1462250,,,512,1357
fil30309481748BFFD0E176E53D47B60FBE,cmp10FAD45687EDECB2C6819CE3B9F90FAC,cipxiu-v.nrm|hilg_ko-KR_ex.nrm,971790,,,512,339
fil6C75DCE2040CB3F06A86AD0EED0DF247,cmp949DCAE27F6E32E82DCE8FCEBAA11358,6pdfxd2v.phm|hilg_ko-KR_ex.phm,84,,,512,747
fil60CB90E84F8B13F6F7EC7265E8F9384D,cmpCD41E50CDDEE5808B1E04BC96F60F84F,gomi3cgw.th|hilg_ko-KR_ex.th,4,,,512,664
fil3CAD345960B070A2EF53FEE81A383E30,cmp89F6DF30B7848C860940BE0781671D15,2gk_90dh.amp|hilg_ko-KR_hq.amp,912624,,,512,417
filE0D3B5BB97B0DF3B2F543B479162B1F6,cmpF908C0CACDD9C44BB43D4CEBF2B95BF1,oehyewcd.dsp|hilg_ko-KR_hq.dsp,174188,,,512,1588
fil173D0782D5F916E835C20059312AE0E6,cmp12E9727455403D1E17C049EE91D11EEC,qyltu-fx.nrm|hilg_ko-KR_hq.nrm,971790,,,512,150
fil1ECA64436A6C797E122D167C3258BDFF,cmp64427997014A9346B086DFA0F87CFEC7,jxqacumm.phm|hilg_ko-KR_hq.phm,84,,,512,202
filE07AFB8DF699EEC538F3DA1951375F30,cmpEE832BC3B6A1B5541D147B59A25F6124,iuopzzzz.th|hilg_ko-KR_hq.th,4,,,512,1587
filC55049E6F721FE85C896871BEE397F56,cmp9EFEBFDB29D7585E42F0B47DBF02DCE9,540uormm.con|cortana_constraints.conf,38,,,512,1380
fil9D65EF39E7F371B62DBA0D1F0BBF0816,cmpEE97E609D147D8738DC64B142B103FCC,nkb9s95r.con|IntelHwKws.config,8638,,,512,1075
fil9C55DA7AD89C6BA97A337595862AD63A,cmp1C124DBC525EFE0E89F0B4EC4999B352,9s469seb.dll|IntelHwKws.dll,844856,1.0.0.333,1033,512,1072
fil41EF16A1527CE35D34CBE8C195FB1DBD,cmp8A52CC9245DEF4B9F07B2396FD7E6961,o5khcy70.txt|ReleaseNotes.txt,2409,,,512,453
fil3814FCB95094588EAEB09DDADCF6014C,cmp0CF13B0BEF269B713401673D1A4B9A86,4wspa7-n.amp|cortana_de-DE_ex.amp,9671268,,,512,386
fil4506A3C6FC45A2F3708229236A2B6AFC,cmp71E61E731CE60EDA6B13E041FB8E2F93,mn32qalx.ehs|cortana_de-DE_ex.ehsc,9671618,,,512,479
filDBB36A5DB7852920AE1068A086A5323E,cmpC920AF672E26EF2EEE5BB0F2897C0C03,snjnotcb.eth|cortana_de-DE_ex.eth,4,,,512,1548
filCB0C5B027E47B9D44AACC2630774EEFD,cmp0FC9D90DFB41DBED9C66E8F75D22CCB5,hdopiqsq.hsc|cortana_de-DE_ex.hsc,9671618,,,512,1423
fil94870B16F8356327C611AF9F17C184CD,cmp27179C0424CB60196D11717FF64783E0,wyxi8icl.nrm|cortana_de-DE_ex.nrm,971790,,,512,1007
filBD7E2E8A361C7E68008D80E1782CD067,cmpE3C1DF4DC0E2DD7EA5D62E864DDB34F8,-vhi1u-e.phm|cortana_de-DE_ex.phm,96,,,512,1318
filEEB0128326EE681B65128166BDBE06E6,cmp585B5B9413B6D336D367F5001734E175,43w2l-jn.th|cortana_de-DE_ex.th,3,,,512,1675
filD8D8C7F25FEF164C431FF29327955151,cmpB1560BFB0A5B39A733D2411A4F9EC0DC,6h88yxhq.amp|cortana_de-DE_hq.amp,883928,,,512,1528
fil0EC00B86C7E376FB2913A592AC41DA48,cmpB8222A43F8103F158BB7148D7109CACA,k0ecw1mc.dsp|cortana_de-DE_hq.dsp,170904,,,512,95
fil71985C0354EBFF50590E6868516FC77F,cmp51BBA9150E698CE50C46B34721744C6D,eiad9zci.nrm|cortana_de-DE_hq.nrm,971790,,,512,781
filC17EF0569491EB7DD2D1AF004C299CA9,cmp2F504AD65E022B01AEE28CBFEF6BADCD,rx7bwgyv.phm|cortana_de-DE_hq.phm,96,,,512,1350
filDF262EE933641A8F4CD0F484CB9F20A5,cmp68C2C45F33169CB82B7F4036D5063D3C,s8aipmi5.th|cortana_de-DE_hq.th,3,,,512,1579
fil6F3EAB34FCD5357ABD077D98B21B0E81,cmp9DF2D4EDD5768023983530AF00CFDD5D,sxstxx4f.amp|cortana_en-AU_ex.amp,9671268,,,512,766
fil329A0A48784153CC8EC9BA4397B07917,cmpEB6A7E9FDF48D3CB00AC139F89AA947A,74lisftf.ehs|cortana_en-AU_ex.ehsc,9671618,,,512,352
filD2FCD284C8A70EABCC1B93A095198CA1,cmp261622B08158DE3BA4AB447D5BD3362D,nem5etkn.eth|cortana_en-AU_ex.eth,3,,,512,1480
filA755D5E5C666E554E51498C898FCAEAF,cmpB655DA8863A201AE0586085C62127986,9jtfxrjh.hsc|cortana_en-AU_ex.hsc,9671618,,,512,1141
filA64C51F0E63950631B3BB7FF11B2C5CD,cmpDFD33E1B0876BF26D477DA7671FF6258,ivaou3os.nrm|cortana_en-AU_ex.nrm,971790,,,512,1135
fil2F73E48D2974E79697F3892CF32A3AD4,cmpAAB03A618A92B864D7790FF4742EE7BA,9kbx5kbw.phm|cortana_en-AU_ex.phm,96,,,512,334
fil9BE80C7DADBEBCFD884A1B06BDD38E71,cmp958287A028D5007003F0D4F688C27923,c1cmz5mx.th|cortana_en-AU_ex.th,4,,,512,1068
fil5711E5BD6A03BABA87331666FD63FFDD,cmpA7CF5170587DFF3920D7EFD8F0B5A020,sxb1zfoc.amp|cortana_en-AU_hq.amp,907276,,,512,605
fil60BCD67FE6C97E3083F521EB5C077F41,cmp58473A628CEBE194996E0D5A3765E09E,qri3z5_r.dsp|cortana_en-AU_hq.dsp,172500,,,512,663
fil3C9CBA8CE455C2F2C8FF1B2E759EA0EB,cmp8B31F68D305A0846A2468856C1322EBF,4jwuip6s.nrm|cortana_en-AU_hq.nrm,971790,,,512,416
filDCA70132B8B930D06D19A2ABAA00F0D9,cmp4BFB8403377D630EF822DE410577D32C,dngbbxf7.phm|cortana_en-AU_hq.phm,96,,,512,1558
fil716037B8ABAB20D5482A4BDC1C05854F,cmpBC7A4A02799597C4363C7E47EDB13567,x_zry-jx.th|cortana_en-AU_hq.th,4,,,512,779
fil1FEF5DF27D55ED1D0761D35274022F32,cmpAC3D0E648AC1CF488F4EF33AFBAF98A6,qgqqdva_.amp|cortana_en-CA_ex.amp,9671268,,,512,213
fil6703EDAE67A6A4B0A9940D6DEF0C2EC8,cmp295F491D40353AE877F9177D3E1DAB0F,y1qzl0fd.ehs|cortana_en-CA_ex.ehsc,9671618,,,512,709
fil1EF2604593468C5C182D96898187D21A,cmpEFC9A5590E076FDCD99967C2C6882495,tx34553y.eth|cortana_en-CA_ex.eth,3,,,512,204
filC783F70D3552CECE58E275456FF2F608,cmpBBB310A7CA0FAF18E535ADF69FCC5F75,3ysgebfi.hsc|cortana_en-CA_ex.hsc,9671618,,,512,1401
filD4C1ACF307AC11CCA0189807B6B70A6B,cmp2121B6413E779ED5C8E9DF2D519BE875,12ojrijk.nrm|cortana_en-CA_ex.nrm,971790,,,512,1498
fil053167A1A9A675C2B055E9FCFA2EA798,cmp81BCBF5678499451C0153F6AD64C97B4,iviivyqa.phm|cortana_en-CA_ex.phm,96,,,512,37
filA6F99DECF0EFD91C5EA32E8197EF4999,cmp898A2A0CB24C7AEF31318CA3BA1040D9,o4sa68e3.th|cortana_en-CA_ex.th,3,,,512,1139
filD976B1998AF0C8DA5030075BB9DF29D5,cmp6C26B527187EFA6B0DE6DEAF42DBC1E4,3eyuft5k.amp|cortana_en-CA_hq.amp,907276,,,512,1533
fil9AB17087B8F7485B79825056626EF167,cmp72F1735F39ACD5C68A06A906158F078A,ubmhgh8z.dsp|cortana_en-CA_hq.dsp,172500,,,512,1056
fil52D9BF27C81568F126620D73DA0737D0,cmp461191B779CDD8AA9D7973434AAEAF67,ixe3p3ur.nrm|cortana_en-CA_hq.nrm,971790,,,512,573
filD40E8099253064A8DBF0FEE1C16F9056,cmpDCAA7F4430DF607357C2824C2B1D0D6A,5vwpmgye.phm|cortana_en-CA_hq.phm,96,,,512,1489
fil41D3A54CBE4F08D7F7D008486C1A7C29,cmp63897CE621759C66916803232617E9F2,l-k2olpm.th|cortana_en-CA_hq.th,4,,,512,451
fil77A4EB2A52802058DE92FAB935B2BF6B,cmpA90265AD1BCA77147705BB407E221404,-m5wnkf4.amp|cortana_en-GB_ex.amp,9671268,,,512,817
fil6E28BEF6CE336C35DD3957AD0B1F7D5F,cmpACBF478DC7359A4372250C3D660128B8,synhkjbj.ehs|cortana_en-GB_ex.ehsc,9671618,,,512,757
fil627078FEA590DF6567190CB8ABBDC9A3,cmp42E48A0965543E40C96B072D6DFA6121,stdnevsj.eth|cortana_en-GB_ex.eth,4,,,512,681
filE5F39FB25C761344660D16B707D6FBAE,cmpC1832787C8C57B42E804B498A6E1C90D,l634rl02.hsc|cortana_en-GB_ex.hsc,9671618,,,512,1625
filA22120B0B7F1552F6154C218B651DFE8,cmp72FD3322FD1F4CFD60E266882BA627F6,ka6k9v5x.nrm|cortana_en-GB_ex.nrm,971790,,,512,1106
filFA6A42BDBA7451EDB309D2384539ED6A,cmpC5959203A4C1969BCC83CF3271DFA17F,4oarixes.phm|cortana_en-GB_ex.phm,96,,,512,1766
fil844541AB12B5083C07F8DA1C8556F2D7,cmp858CB751D639BA08C9E73A28E2B31CC0,501mlnmg.th|cortana_en-GB_ex.th,3,,,512,894
filD9221EC2A2DB82661F8BCA87F3AE87DD,cmp84BF5D0B81A93936A96541BF92597B3C,3wmkns0p.amp|cortana_en-GB_hq.amp,883928,,,512,1531
fil6A9FE55A5FBC13664A2EED86FF0509F1,cmp7C7FBF1222C8C643914AE7C0124EE291,v1wysiru.dsp|cortana_en-GB_hq.dsp,170904,,,512,736
filA9E9F6320EF9F7C5AD910D036FBF286E,cmp3D954F5A1BDAD70A0857369361D47E1F,tsy7roys.nrm|cortana_en-GB_hq.nrm,971790,,,512,1170
fil954D53C29B305432B4E5A18CF1041410,cmpA5F91B59F5445441DDF4CBC16DDF2DE1,tihq7m-y.phm|cortana_en-GB_hq.phm,96,,,512,1013
fil42A1123C5C57102D8E06E850288B558E,cmp10BA673633E41FACE09B4D2EAFC2FA32,4kjeizom.th|cortana_en-GB_hq.th,3,,,512,460
filCE2E96E0FA2B0319AF6E3598A21B5C10,cmp127121FA78D6D33F76C966916E15E0CB,zuasbc7w.amp|cortana_en-IN_ex.amp,9671268,,,512,1448
fil56EC1CE0101AB012F70D3E53C7958A2C,cmp8E5109A9A9E1634DE18FDF56BF6FD17B,-yooagta.ehs|cortana_en-IN_ex.ehsc,9671618,,,512,601
filB1A4CD1DFC95BABAA60D1EEDED6ADF34,cmpEB0D059763370D10421B74F39D9CD09D,ehbjfws6.eth|cortana_en-IN_ex.eth,4,,,512,1230
filCA69D05A40ED79BC3D2B5B80D3414818,cmp5A0315D6D4B7B2BECC291AD22BEF4250,07pg3gz6.hsc|cortana_en-IN_ex.hsc,9671618,,,512,1413
fil154919786E0851155C1FE199A16DE7FE,cmp88A56D85E1C76D25AAFF18927EB271B9,vis7gqsu.nrm|cortana_en-IN_ex.nrm,971790,,,512,136
fil5C3754039D6E0F35373D51FCDF52EB53,cmpBDE486F4E873BA756C6098A0DC1794A0,1fay3p-e.phm|cortana_en-IN_ex.phm,96,,,512,637
filAECB46B6BEC42A878CF47D26C4CAE667,cmp03709369F4A84E43DA8E3B009CB6FEF7,xi1f0buf.th|cortana_en-IN_ex.th,3,,,512,1209
fil7C54748EB31AF5FCCD5C2EB5D7D8E9B2,cmp3B2AEC1D4788F20E1D038E0E2D4B39E6,6vfczdqz.amp|cortana_en-IN_hq.amp,907276,,,512,845
fil2E0CEFE0FE4A02AC2C76092B2537D4FA,cmp6435BD56751DB26BDC215626DB937F90,udzgasow.dsp|cortana_en-IN_hq.dsp,172500,,,512,323
filB3BE2A5742955EE8462C314261DB24CD,cmpDBB117FB20436F5E856A25BE9E9F5805,mj1nhhdz.nrm|cortana_en-IN_hq.nrm,971790,,,512,1246
fil88737DB359E078B609314A8E9969C42F,cmp83E02CB47AD15533CFB07609638017B9,_tncuzbw.phm|cortana_en-IN_hq.phm,96,,,512,923
filD8BF3185554AE976E86F1E87C15D929E,cmp6BD21174874E1C13387A141699C9BD2C,5ncqzaoe.th|cortana_en-IN_hq.th,4,,,512,1526
filB9BF3925FE81C7355CE322C7BB23B50D,cmp088EC660E3D0DC094F708116307A2C90,bjtljpiw.amp|cortana_en-US_ex.amp,9671268,,,512,1291
fil55501DB3A3AE13EA6D2AB865CFB899A3,cmp92BC038294C30250BDB4CB9AC7A02A38,-7fts0gq.ehs|cortana_en-US_ex.ehsc,9671618,,,512,589
filF886AEE2ABC40D66511CA02DF81E51CB,cmp66AD94483424748044FC89E717DBE869,sgkxtgol.eth|cortana_en-US_ex.eth,3,,,512,1749
fil03E1A109ACD08B1866823951AE80CF83,cmp52E5A3D700B5A426DD7C6D829D050C83,6qwtdl1f.hsc|cortana_en-US_ex.hsc,9671618,,,512,28
filB0A2E6627069D0DD1E26097BF33C599A,cmp51CA6C9429AAE13DAEF9FD175EBDD38E,fu47a7ue.nrm|cortana_en-US_ex.nrm,971790,,,512,1219
fil3E4F4F8EB6FA3C7C5AAA7221760D7367,cmp5402BD12054BA1409597AE17FB5708FA,rxcwbnjk.phm|cortana_en-US_ex.phm,96,,,512,426
filD3390E530CB443D223DCC32C7DD8BBAF,cmpCCA8C007856C0104A9B5D43A54C6EE90,qgwwaz9u.th|cortana_en-US_ex.th,3,,,512,1482
filCD5599631CC88427685DDBBF616F53E7,cmp7D2CB3D7FEC5571ACBF6D8A6E9E8E1EC,aj3pcv-u.amp|cortana_en-US_hq.amp,907276,,,512,1440
fil51E8E1BE6BE8FBEBD05F6CDB0A54D297,cmp0E282F83D1483173FD9CBB5934A48B5C,jiavly3t.dsp|cortana_en-US_hq.dsp,172500,,,512,568
fil18FACEE18C94591EF353F4C954ABAE62,cmp7763CC7B87D70959CC9500C3DF999A10,o4lgklj6.nrm|cortana_en-US_hq.nrm,971790,,,512,161
filC8D5F673DA2CE1A8FB130A6ED2FC4F6E,cmp5D639FC12DE63D55B4C579D461B9A3DA,l0giwehj.phm|cortana_en-US_hq.phm,96,,,512,1406
fil7E650FBC942FBDC7D9F46CA97383741D,cmp1F68F39A7647EB1BE950AACADC026C4E,kjfzksau.th|cortana_en-US_hq.th,4,,,512,856
fil1C743C679939B6662B7E46C98D982639,cmpAB0588620D59C05F0EC1E0660620BB3E,rl-hogc1.amp|cortana_es-ES_ex.amp,935196,,,512,187
fil1C59034AF118087BF67F2A24D3E6057C,cmp0BA5F2A4B7F7EDC49741A3CF8F824AD5,1_kxpz0f.ehs|cortana_es-ES_ex.ehsc,935552,,,512,185
fil09F980FB762EB6437FB1CF5E51D5DEA1,cmp1F27A3604DEE49A41DB2675B92D65174,e5da-5wy.eth|cortana_es-ES_ex.eth,3,,,512,70
filE4C59225B1F1AF96054970988ED452A7,cmp7939D05631BD958F9DFD2E2C8D12202D,kyqevws-.hsc|cortana_es-ES_ex.hsc,935552,,,512,1615
fil1A09FD294C53C3FB5B73227A9396A8C0,cmp23C478DFEE9FECAEE7FC8A0B481C6573,v3dkhz-b.nrm|cortana_es-ES_ex.nrm,971790,,,512,169
fil0E49ADE4E23D59B1E6D14E63AEDC4D5A,cmp9BABB9C9F75E6A7E32DA923F537DB088,99w10ano.phm|cortana_es-ES_ex.phm,102,,,512,92
fil33DF9F5062085A140310482A8DA6446E,cmpF656EBE17D6D8DFFEC9300E53913FC72,yvtjzfko.th|cortana_es-ES_ex.th,4,,,512,362
fil251A84C57AD9D1B49150D04EF77A5013,cmp6478909E4DF54626B90B8CFBD7C89736,fxapho30.amp|cortana_es-ES_hq.amp,935196,,,512,257
filA9474A24490E5DA37764F7B868174513,cmp65A595C37B898F5D2606A66D57B247E2,tto1lmwe.dsp|cortana_es-ES_hq.dsp,170480,,,512,1162
fil88500822C1EB8699C20E9EE235998F1F,cmp01495E25B17FA69B6BB2AEBA0227794A,ji4cvk4y.nrm|cortana_es-ES_hq.nrm,971790,,,512,921
fil22136B7DACD5A06ACE57C71D481DA325,cmpB845551E78C4E2ECD753FD3B8C525507,2q8ggygt.phm|cortana_es-ES_hq.phm,102,,,512,228
fil89F2193A4403098333E3023EB04CC31E,cmpADF58C83082F2D4756B70CD3DBC5088E,3ll_hvfx.th|cortana_es-ES_hq.th,3,,,512,933
fil85845130BE66381ABB4ACEC5E466812F,cmp6F15A254A6BCAFB7D9BC266CC24C2401,zs_by6uc.amp|cortana_es-MX_ex.amp,935196,,,512,902
fil45D19DF870EF497AC0FB6B5BB5EF4EC4,cmpE5ED87EE2C703CA6400FBF08B7A16F4E,huq3hovz.ehs|cortana_es-MX_ex.ehsc,935552,,,512,484
fil95F38653A84F7C8450735B3A17BC43FC,cmp4FDC03696BE26390673E4E60F35A3FDC,wabfnx1b.eth|cortana_es-MX_ex.eth,4,,,512,1016
fil922DBF1BE871E0AE0648AE6D04FDE77C,cmpA6CCD121D33EDCCCE8C0819C695A052C,qielfhje.hsc|cortana_es-MX_ex.hsc,935552,,,512,994
fil34E328A8AAE9EE1E4B0A2E7F93637DC9,cmp7FCBE206E003E6269FD1213F35AEEE49,xhg9g2k4.nrm|cortana_es-MX_ex.nrm,971790,,,512,371
fil67D684611ADD6B713DE509FEF563E62D,cmp339A68FD0F71A4304C3351950F2D7A75,3ulkplkb.phm|cortana_es-MX_ex.phm,102,,,512,715
fil54DE1F5FE64E745B45AC10AC1C69AD28,cmp7D0F1F8C87078D675C6EEBF5314A4443,ifrcewfh.th|cortana_es-MX_ex.th,4,,,512,586
filE01AF66D62B2F9BB8D9269944EF37AF5,cmp900EABF481C0A96B81EC5CA0E3D188A2,8b8_knjj.amp|cortana_es-MX_hq.amp,935196,,,512,1586
fil8C7D3AF8B5D74F8F5176B82BE792D400,cmp5B353FD60FF8A04EC57A723DBFA91E8C,cu6fglam.dsp|cortana_es-MX_hq.dsp,170480,,,512,951
fil78007D11C0358B6B29598E51874D4EA3,cmp816BCDF78F819DDA62635F0431477F66,xrnttvdj.nrm|cortana_es-MX_hq.nrm,971790,,,512,820
filF90DAA248EEE967FF785807418F7ADE7,cmpFFFBEBC54FA050BC3935EC5E60845BAE,1xk0kqcn.phm|cortana_es-MX_hq.phm,102,,,512,1754
fil92B5E5BD6C9EB6D0BBF225CA0DFB235A,cmp7F54C94F8CF30442391B679A8F1A7D26,lqzl5_jt.th|cortana_es-MX_hq.th,3,,,512,998
fil879FE06226F7E452DE80A4E87742D39A,cmpEDED4167996FADC609E8E4E26D015DBD,_ncqjdrj.amp|cortana_fr-CA_ex.amp,862168,,,512,914
filDB135AEF10E148F6456CFAC041597842,cmpC7A9016AB24DDD18B4991A96AB7B24C6,lpzanewk.ehs|cortana_fr-CA_ex.ehsc,862518,,,512,1543
fil11B82F528CB1C439C76E337DB6A1ACB9,cmp323FF6577C6412BE5A8E1E80F0DC809E,nbpr636s.eth|cortana_fr-CA_ex.eth,3,,,512,114
fil4F6D5EEB23C57EF183C4C471AAF8BDA1,cmpABE3D83FA210C25D829A94961880EEBD,7qedxvr5.hsc|cortana_fr-CA_ex.hsc,862518,,,512,552
fil24B04B7321AAA81539E78969BAA6920A,cmpCDA77658551496DBA0160EE5C26C8843,prllig_l.nrm|cortana_fr-CA_ex.nrm,971790,,,512,253
filBF1899480CF33E76CEE8A82451E4AFBC,cmpECC5640E7B411028F8CA861784D5F674,jhs6qqtp.phm|cortana_fr-CA_ex.phm,96,,,512,1336
fil8DA5F28235796D15B354E8D2888103DC,cmpE426A01EEFB9777341D1F0E17639B5FE,fkl0ncu5.th|cortana_fr-CA_ex.th,3,,,512,960
fil477AB60DA26394B610BC5D66CF62A5A9,cmp93DA10118D9FBE1824BC1DBA0CB251AD,gjobqahp.amp|cortana_fr-CA_hq.amp,862168,,,512,495
fil2C00323847EE246D16E5632A6EB328CE,cmp8CC36FCC25484B8114526AB881E69472,20dzbkxc.dsp|cortana_fr-CA_hq.dsp,167308,,,512,304
fil67927E782CBBC5C6ED564BF794E3A84E,cmp6D3BCE7542FDB213E70752B1385F5942,nhaexa0j.nrm|cortana_fr-CA_hq.nrm,971790,,,512,712
fil8444F1DBCF0377A57D46B45A7CA7A029,cmpCCBDB42362AA2516C8C1A8458B9CBBC8,tvrhse8b.phm|cortana_fr-CA_hq.phm,96,,,512,893
fil7471AE288B08CF9E6D61561F1CEC9DB4,cmpDB064E3B2DEB210CFA350924B74F954B,pzmmnrzd.th|cortana_fr-CA_hq.th,3,,,512,799
filE72201FBB1652EEAE601BB2E2C0A6267,cmp0BCCF79E2F0DFBCD9C02C1164F657028,hedf9wb2.amp|cortana_fr-FR_ex.amp,862168,,,512,1630
filD7D50D36F499A9831BC7A85ACDDF3ECB,cmpC9C68770367142AC94A2613A42376F25,o8zhdq4x.ehs|cortana_fr-FR_ex.ehsc,862518,,,512,1521
filAAEA3AA1BD054B3BE5C74E0934FECE85,cmp497E4C46358E8B199251A3AD618C8003,kdglbq8j.eth|cortana_fr-FR_ex.eth,4,,,512,1179
fil9D931090164D732F6A441FC01A620D98,cmpDE83CC23AADD1D8EFCA680AF81DF7B75,rencsisg.hsc|cortana_fr-FR_ex.hsc,862518,,,512,1079
fil7847FBE4A0F6D2A7833B66A2B7D2ED43,cmpCEBD08FE414CE3919CCB6DE3BBB08A64,b0xp0wfw.nrm|cortana_fr-FR_ex.nrm,971790,,,512,823
fil5635D5A0221891297B7A1C5B9C3E8FCE,cmp46FB75A8CAF9A2A4071DCC558888FF7A,f95e1-0q.phm|cortana_fr-FR_ex.phm,96,,,512,596
filFE1A89AD38341A6419361D2687FE5006,cmp7D5AA3BBADF04FEC60D7F265AF304FBF,pw_tztuy.th|cortana_fr-FR_ex.th,4,,,512,1786
filD26D1FAC209D5631651D640709A15AB3,cmpE0C9385D176921AA6946F0CE53053D31,j62pq0cw.amp|cortana_fr-FR_hq.amp,862168,,,512,1478
fil93E55E7A167288E83B8C3F3A262CF0AE,cmp1C570E98C42374237B7294E7BAD515CF,uzgyij5p.dsp|cortana_fr-FR_hq.dsp,167308,,,512,1003
filB2B143D7A084C67BDAFE2D4E93949B09,cmpBF9BEAB0E5172652E081007EEEB4807C,euaqylmo.nrm|cortana_fr-FR_hq.nrm,971790,,,512,1237
filAC6DECAE77986F44465790EFF480ED96,cmp9341B087C81F9031A9AC422B91E14254,fd_wb8mr.phm|cortana_fr-FR_hq.phm,96,,,512,1192
filF9CCEC4732558B38968604AE491C70B8,cmp2EBD3C6AD3511AD0C07F828358C36B1E,1-o94rpx.th|cortana_fr-FR_hq.th,3,,,512,1762
fil72D8A7F2AAC12AA695D97B8243D9E95A,cmp3C66093790C84726A742D57C44882B76,5k-lnpkp.amp|cortana_it-IT_ex.amp,879440,,,512,788
fil17EDE833136B90070BF8D59BEAFE4ABE,cmp5C5190ED60947DFAD5AD90EABA440768,anxqgx6q.ehs|cortana_it-IT_ex.ehsc,879790,,,512,152
filE77C29FE8A8393C11C770C7DDBAE17C1,cmpE810CDCCA5255610F24041805665FFF6,hg-dntj8.eth|cortana_it-IT_ex.eth,4,,,512,1631
filBB71BE2D68C656AFCA5A80379B2BE9E9,cmp6F228FD1DB9569FBB6968B105A70FAE8,-dediyvb.hsc|cortana_it-IT_ex.hsc,879790,,,512,1303
filF238A7D3C279A6C2A9601ECAA12E718D,cmp1236A7CE41AB3C8D5C2D58E6400968C8,emb8v7ib.nrm|cortana_it-IT_ex.nrm,971790,,,512,1701
fil88646763567FA94A4343FA312EA3A1E3,cmp318841EDE8E4044C357A0ACEE00F0976,khc2i9nj.phm|cortana_it-IT_ex.phm,96,,,512,922
fil8ADB6E6E77C4E4E6674AC3715200C6F9,cmp70DF8C3B639C0C81E746B09A80CC0DD8,a9edfowv.th|cortana_it-IT_ex.th,3,,,512,936
filECFAD702EEEBC099F7C03F42553433FC,cmp339F5076E29BF89B6DBF42DC6C10EC3D,qqplagxv.amp|cortana_it-IT_hq.amp,879440,,,512,1662
fil23D3ECF6667C9276B57EC20996C92230,cmpE9CB754530EF6463E87B51AFC2F2D182,71hzasax.dsp|cortana_it-IT_hq.dsp,169372,,,512,240
fil8D2874EA089D8D6DA57AC8AC4DD735F0,cmp33C74F5EC8CFA1CA4194EB04BE8C9B40,7b8y9f3g.nrm|cortana_it-IT_hq.nrm,971790,,,512,956
fil8B37A8CA02742F124BDF566C7D92B4AF,cmp27B96A0699F42B49AE55F55BB13A170E,zpgzwbfc.phm|cortana_it-IT_hq.phm,96,,,512,939
filFFBE755BDDE1535208D5E4789328C729,cmp8C1454CC600E38E80C6EE4F16D7BB392,_j3xpsaa.th|cortana_it-IT_hq.th,4,,,512,1799
filDCCDE786D66FB78709775407E798659B,cmp2D812BD9219E1E7718AF0443D6A9C738,v9ae313m.amp|cortana_ja-JP_ex.amp,894564,,,512,1560
fil30149E7089B0E10BC2B2087D06930AC6,cmpEE025F2C149524AFE9DD00024173A962,zbq1w7e_.ehs|cortana_ja-JP_ex.ehsc,894926,,,512,337
filDD96FCBECEEC7AA16DB28DB93FE2E2DE,cmpB69A25E85A0F050BC70AE7470285B746,rpompfaj.eth|cortana_ja-JP_ex.eth,4,,,512,1566
filF1063CD6DE7C6C5EDB135846CD21D497,cmpA0FFFFBAD926DD5BE4C97DEB23E08AFC,lba0a9h-.hsc|cortana_ja-JP_ex.hsc,894926,,,512,1694
fil5C2E67B5155A4101AB3E63AA6BDEF2F7,cmp7CF1D6F1EFB19D2149937D7A49B6E970,bh3vfflt.nrm|cortana_ja-JP_ex.nrm,971790,,,512,634
filA726C16D9BD0F289F5E74851AEFDEB51,cmp7E304A6296B4C87F6235DA5B06D97332,lvr7e2br.phm|cortana_ja-JP_ex.phm,108,,,512,1140
filB48FC052F50ADA08125ED452144E452A,cmpA1B530184F2A5EA19102DFA2364A21BF,to_w9vqi.th|cortana_ja-JP_ex.th,3,,,512,1250
fil9778FC2B6D5B9CDD64CE94629929790D,cmp4A70F6CC6E1EAA7361D3B34C421BF585,ilv6hxmm.amp|cortana_ja-JP_hq.amp,894564,,,512,1036
fil2793FF3A71A08E4C27EDE2B94D806FE5,cmpE2A16EFE3134CB105AF2D0A9093018CE,wmulpqwf.dsp|cortana_ja-JP_hq.dsp,169276,,,512,274
filFE209D91825CAE42FC940F783ACAE5D1,cmp85CAEFACDA536A6F3E4BB0CD10A51A6B,60jlacxm.nrm|cortana_ja-JP_hq.nrm,971790,,,512,1787
fil617EC61A93E5E6001AA116DE8BF1C20C,cmp77B64CF0F8DFC3B1DF6F3080FAB498EF,0elkjdr4.phm|cortana_ja-JP_hq.phm,108,,,512,670
fil47864DF01B5281944FB6E5A4BE83DD6C,cmp6554D35614ECFA921CF91488030E5262,i6jlzlox.th|cortana_ja-JP_hq.th,3,,,512,496
fil07BB64030EC6F58BB4F6135457E50258,cmpB46505945C40792AACB53EC64CCB4DA9,yhjavknc.amp|cortana_pt-BR_ex.amp,879440,,,512,49
filD763F74EF27E0036B2F4B3522A27E909,cmpB0493C6C287BE7930BD9DEFF965F9885,smof4g7k.ehs|cortana_pt-BR_ex.ehsc,879790,,,512,1516
fil894C1FD42D3AD83045B815DE708CFD46,cmp47DB675F5C0F2B386E1B77708F8C3A7C,k-bxvf4m.eth|cortana_pt-BR_ex.eth,3,,,512,929
fil2A33E5B5949424B2F9DF2E1A3D02485B,cmp558AE34D7B3BD50F8FA30D56A12A8EDE,vbnyr7ce.hsc|cortana_pt-BR_ex.hsc,879790,,,512,295
filB74456314A6C8EAB42CDF31026823562,cmpEAEC7C9D984C97B39CF6A30399BCD8C2,lknboffo.nrm|cortana_pt-BR_ex.nrm,971790,,,512,1270
fil264D2C2A364D4FE8C55ACE0414BE0703,cmpC06B6702E2FD52338608A643939174F7,507s25cj.phm|cortana_pt-BR_ex.phm,96,,,512,264
fil3668F2EBFC102E36F3217F94AEB565CD,cmpF0E7AF160C5B84C28D2C8EF8C9999EA6,vw8id7qp.th|cortana_pt-BR_ex.th,3,,,512,379
filA979545994BAA9E67F1EDF0F0807EBFC,cmpEFB6D00664E02FB5A3B68A071A32FF09,a9jk9lbr.amp|cortana_pt-BR_hq.amp,879440,,,512,1166
fil636B24530862A78A3A7339D181178A73,cmpE4D726CA3930713C88FD295CCD2BBD8F,c7kp0-g8.dsp|cortana_pt-BR_hq.dsp,169372,,,512,685
filA30D732AB2C45ADE1AB46C471C1C5C1C,cmp4A223141DEAC9B8790A987C1E2F4E494,kosruj7i.nrm|cortana_pt-BR_hq.nrm,971790,,,512,1110
fil8A5618C94B49D2399EE1C43276880F1A,cmp74CC694A65BECCC47B8A2774882D6560,cv1pvzaa.phm|cortana_pt-BR_hq.phm,96,,,512,935
fil898B541BABDF0490A68CA4A7E67A35B5,cmpB0A8179A91825C79C28105A6BFE69CEB,0zzsfnya.th|cortana_pt-BR_hq.th,3,,,512,931
filA38F83686BFC91BDE49D8E95FEF835FE,cmp278B86DD84A1D8E4021C8DBC6C24D04D,pgbnznfz.amp|cortana_zh-CN_ex.amp,874392,,,512,1116
fil302BE88B0D183080AC38ED91BCE71C9C,cmpE69D96CEDD2C9CE40E62AD05FEE8E1B0,lxnw6i4k.ehs|cortana_zh-CN_ex.ehsc,874742,,,512,338
filB49450338478D1ACA2F64E2FC8FA0152,cmpF723079DA6B53BCBE34A65CF498EDFDB,f62bzsy_.eth|cortana_zh-CN_ex.eth,3,,,512,1251
filA522C0918CC4569D211643A519A74CE5,cmp6EC526D1307A1438B0CB4A80B9A7DDE2,l4so_ves.hsc|cortana_zh-CN_ex.hsc,874742,,,512,1127
fil65E326DCA563A787647AEAED4383EC33,cmp41934D6B92E0C5DE8CC3958E6CC21044,s5k44h3y.nrm|cortana_zh-CN_ex.nrm,971790,,,512,701
fil801CFB4B813272FCAEDB0967BC01F127,cmpC845FB8874D77BB166228C9B1DC3FBD7,nyf59xel.phm|cortana_zh-CN_ex.phm,96,,,512,866
fil432834D3787DD6CCE81DB6AC2F1EA4AC,cmp4ECA5150379D416A23C15C87FBE6CB66,o4kmtu8z.th|cortana_zh-CN_ex.th,3,,,512,467
filEFF6581D2A92FB22A36D12C1A26E7EA1,cmpAEFC93B739FC1F98DF0E65442436AEEA,azc2b9qs.amp|cortana_zh-CN_hq.amp,874392,,,512,1685
fil9A14DD0D4398B694EAD95F10EE950D22,cmpC244B0759758084C0C4361CC12329680,8jq-u1da.dsp|cortana_zh-CN_hq.dsp,169760,,,512,1051
fil64E05D88F427AAF54BDC7CA42CDC0507,cmp853484B14281B5071519EFFF6A40590F,4y9tax70.nrm|cortana_zh-CN_hq.nrm,971790,,,512,691
fil96FA7E622AA5F78787E09F01FF9091CD,cmp74BE2395CBFD1EB6B216F75F949B43E9,2i-yzn_k.phm|cortana_zh-CN_hq.phm,96,,,512,1030
fil47CBBA5EFE5EDA2186FE7858CA01F929,cmp339E4EB6F545CE9F58E37DDABEDD25D7,6lc6wwe_.th|cortana_zh-CN_hq.th,3,,,512,499
fil455B0599E93F08C42AD96DE24974E96A,cmpD8CB95453097BF6A86C1A5D5185CC018,y_c0epfd.con|leno2_constraints.conf,38,,,512,480
fil4BC9EF6B765F479CF9CBFC11789215FC,cmp8B97E2A05865EDF2F5D0A827DF9E256E,get7r5oj.alc|leno2_zh-CN_ex.alco,16,,,512,528
fil7083BE6810B4E3405C56B123F610B10A,cmpC8449FBFC5C411F314E445681F52F1CD,l66efufd.amp|leno2_zh-CN_ex.amp,1588932,,,512,775
fil23A680A2872A3AFCBE599F55C036453C,cmp62E1D928798553B818FD7EDCCD7C1E97,5snivz5x.ehs|leno2_zh-CN_ex.ehsc,1589288,,,512,238
fil5AD27DD5F5F73BB4C955955D8F86224C,cmpD8A3618F1687709F2F41D4F145BF770C,kagryvrk.eth|leno2_zh-CN_ex.eth,4,,,512,627
filA89FD896F0991226583E8AE2539692E1,cmp2C4DEDF7260D4F386F51A0B690342F84,ab8z3ib3.hsc|leno2_zh-CN_ex.hsc,1589288,,,512,1153
fil3E85B7FC569171655C99014D829408D1,cmp1C4146BEFBC5CE329BA873DC3325DF10,u08opm8w.nrm|leno2_zh-CN_ex.nrm,971790,,,512,428
filF82BF8B5B4A99DD01C7F877E2F144873,cmpDAE01814CFE1A856E2082879A53492FE,vgl_zewh.phm|leno2_zh-CN_ex.phm,102,,,512,1741
fil9212DE47816F92093B332568EAF709F0,cmp15E8E93C125B78F97318C0C18F32C22F,ebywlj0y.th|leno2_zh-CN_ex.th,3,,,512,993
filEE851A2381725B73F7D7F413F3856B6C,cmp2A67A16746E2DA8D00A4F179BB4EDD47,oho3fvju.amp|leno2_zh-CN_hq.amp,853240,,,512,1673
filCCAA874EC43469C81A46DAF1F6C08A03,cmp3C9FBCC7D856CD0820ECCB0CF6CD2BCC,ysmcvo0w.dsp|leno2_zh-CN_hq.dsp,172100,,,512,1435
filB30D1C0E98ACA5F0F80B696F3399C151,cmp380B7CBCE688270E261B21214E2D47BC,qplihbum.nrm|leno2_zh-CN_hq.nrm,971790,,,512,1242
filF9E9E85B53A6694DA3987C536E1CA23D,cmp5EE6154D2C976D7FE81C5B85382263A5,wisozodf.phm|leno2_zh-CN_hq.phm,102,,,512,1763
fil431BA8BEF7AAE5ABFA7B319A2CBFEEEF,cmpF40B8EE0BF6696313E8852D9EF12DF74,gcrzm5mt.th|leno2_zh-CN_hq.th,3,,,512,465
fil8475FFB8101AF373148C8CA6FD513F3B,cmp0C06AE44836F4FB379587A169DE3145E,n2oknle3.dll|IntelWovSDK.dll,878120,1.14.647.10,1033,512,895
filDDF7CE7110E35BBC7FE033FF214071CB,cmp05BCD7E764A4F0BD857469C39F84D241,xft0erjv.dll|MultiChannelWoV.dll,1705512,1.14.647.10,1033,512,1570
filF1C6069E9046DD9E5E85B992CA1BC5F6,cmp01E3A546A4CA7B061CBA530F19A670F3,jx-tirjm.dll|MultichannelWoVCfg.dll,498736,1.14.647.10,1033,512,1698
fil45C1F0698B7C1EA3609CF234A413013C,cmpC5DDF1E5E690390A7C08C3EACDCC1E22,ubm.bin,54292,,,512,483
fil7FA0E83F772257C4B9B6890C0EC8C2E3,cmp8180E66D041344B5F2F004615C00B751,eyd7yrr9.con|tencent_constraints.conf,38,,,512,863
filD31CA85507840D9BB4AA9441CACD3F2F,cmp9451765128F7095BBF47792CA15B86CD,tq1wn938.amp|tencent_zh-CN_ex.amp,2999064,,,512,1481
filCA9ADDB56C97152FDFDCBDA4A99C7DF6,cmp5FED423FA0DCD9831A8D23B60C8ECD5A,lhbtzlxq.ehs|tencent_zh-CN_ex.ehsc,2999420,,,512,1417
filD4BC373C699C5DD1A8B1E1F0A83CCF7D,cmp8FEB72035689696235294C4B6D2F4196,5h2ckfhx.eth|tencent_zh-CN_ex.eth,3,,,512,1497
filBB72C6BFC37F09F6E9262C30025118D0,cmp49B1C9C38121E52CD6BA4E02D8A40309,9u-ammxd.hsc|tencent_zh-CN_ex.hsc,2999420,,,512,1304
filCAC0C14996720D40FB1F0C3BF7452744,cmpF1C30941BE3A4774F5BBE4AE282F0E1F,ivwyxjme.nrm|tencent_zh-CN_ex.nrm,971790,,,512,1420
filEB9DC40B5072F20A37B867EE645D4D0D,cmp37A2CA55474AEFF0EDF6335510572794,x3wupoa3.phm|tencent_zh-CN_ex.phm,102,,,512,1651
fil3CCEB4DDBB7582BBB011394B170EA7D2,cmpFF7BC9F908F78F45A2F70ACED9F4639A,qwxr_gja.th|tencent_zh-CN_ex.th,3,,,512,419
fil4A363CB01613DEB5A9C1285648F2DC9D,cmp6D59B6A398714331482BD67800B4D63E,5eskgx2i.amp|tencent_zh-CN_hq.amp,874768,,,512,515
fil7532BF43755357397EB5A0730149112E,cmpCE22EB96449C9D6666E72B7A6006F55E,cfzdbiwq.dsp|tencent_zh-CN_hq.dsp,169552,,,512,806
filD68E307C059568EF76284F83A6E8CDA5,cmpA4FA976A54DA84A6DA64EF88ADAFD3E5,slq8mmxw.nrm|tencent_zh-CN_hq.nrm,971790,,,512,1510
fil434B8F479B8CA9E5B095FCD9F085F627,cmpC81851A29097B774E0BE55B18045ACE2,kxfcd-d5.phm|tencent_zh-CN_hq.phm,102,,,512,468
fil160BEFFC60BBC82FEA252AF21EB6576B,cmp9A3255A7CFB49107BADF5138E6AD05AF,0e0mlcfb.th|tencent_zh-CN_hq.th,3,,,512,142
fil5B2DE343F246BB0819F6732501F668B9,cmp149AA75098766D6FBAE11E079AD4D4CE,kw3u_zcs.con|yoga_constraints.conf,38,,,512,630
filC6B7B4DB0202FF5FB7A43BCB45A9D6E0,cmpC5FD72C9DF249AAB93530C290608844C,w3ofjook.amp|yoga_zh-CN_ex.amp,1327808,,,512,1396
filDA35B358F185E51CED11DA38C37ACBBF,cmpC30362ADD347F04C2356FA4592156FE0,ygqefruu.ehs|yoga_zh-CN_ex.ehsc,1328176,,,512,1539
fil6E86F358358E5558F37762CE81236775,cmp4EC6FB6A3BF860CBFEB3F77A33061271,5aratoys.eth|yoga_zh-CN_ex.eth,4,,,512,762
fil61CC0871EC2939FDA611755E08D5D315,cmp9B8F4AE6E7BE1183439217946DAC2A27,j2hqmzp4.hsc|yoga_zh-CN_ex.hsc,1328176,,,512,674
fil2BD35EBEC488ED7F3A10D949B08384EC,cmp6F7D2DC4E7E1EB402EFDAEE9D60BF48F,73zeigcm.nrm|yoga_zh-CN_ex.nrm,971790,,,512,302
fil8E4154EB29DD66617EDD5BDF6FD5C360,cmpAF42956EC5604CFD02762562D84A3FB1,5ttucfpl.phm|yoga_zh-CN_ex.phm,114,,,512,963
fil0B1D9EF27025BEF9D31A2375871D861C,cmpE030F12E8A4E12F49133589155BE6E25,vjskv2xx.th|yoga_zh-CN_ex.th,3,,,512,74
fil7EFD601ADCE2691BE0EF45A3F7D6338F,cmpD0820E0E169E2993F65102D2987837BD,cd32pmdb.amp|yoga_zh-CN_hq.amp,881936,,,512,858
filF3212F12173AAE7F19281CA34E89AF03,cmp5C00274D6CD6ABF68798311F378DE6C0,ct0fktlt.dsp|yoga_zh-CN_hq.dsp,181280,,,512,1710
filF56D099DCB602BB30C4D114303A46168,cmp91F68113829B4B87207EC214E4FBA0AE,ydfosdu6.nrm|yoga_zh-CN_hq.nrm,971790,,,512,1727
fil6A16DF986EC3A11C59268AF3F1A943B1,cmpB79223656C6785DB36A15C56F3759DA1,ucsov42w.phm|yoga_zh-CN_hq.phm,114,,,512,732
fil53AFE81EC87E963256C167E12FD76E2F,cmp0FBA88E5229A273344F31F869336A6CA,lexrdqaq.th|yoga_zh-CN_hq.th,3,,,512,580
fil39112C0CAADC90E75113A6DAC43AFA4A,cmp822B67004358E619DA74C31BB39E1BD8,dhhwepla.dll|DetectionVerificationDrv.dll,188960,,,512,393
fil1E78DDE867EC5BB64E92D8AD8EDB7951,cmpCBF2475C6D2EC49204C99BDD865F9A1A,jtadv6np.sys|IntcAudioBus.sys,305208,10.24.0.7927,1033,512,201
filAC171AA5B5FC1B3B062C601B8BFFEEBB,cmp90F33A2824BCABA4E171427361B3754F,IntcBTAu.sys,723504,10.24.0.7927,1033,512,1188
filA200405E7C8EB1EE34190966D8DBFCED,cmpC1DF757BAA2506AE93F230BDBF1A3805,IntcDMic.sys,664632,10.24.0.7927,1033,512,1104
fil0103F51F6944D3B4E4AE6F95376C486E,cmp474FD4569456C5D2397951C73248CFF2,IntcOED.cat,288797,,,512,12
filBFFF5A3FD1BC42988BF9E9EA5B2E0B18,cmp5E7391C94A9B61B03977B15452FEF988,IntcOED.inf,114258,,,512,1341
fil2421BDD00987BA93CD6C057D58F648E1,cmp662FDB0407EBF317594704C8FA10A567,IntcOED.sys,1308728,10.24.0.7927,1033,512,244
fil2B53DF095078815223A5F8293DEA3342,cmp1BB80D58577C3528084C32465D6834AF,IntcSDW.sys,820280,10.24.0.7927,1033,512,300
filEF7A84A4002F588AB112EA35B42000A5,cmpAB35E69B1936731E82A8D6ADC52DF7A2,IntcSST.sys,727608,10.24.0.7927,1033,512,1681
filDB4BD4B5650B2C8DB525DCDDD9A5845F,cmpCC40B5E467E0A61B15DA88EDAD5EE34C,cunucyxj.dll|IntelSSTPreprocStreamer.dll,52529208,2.0.0.200,1033,512,1544
fil60B3FF4A37ED5F4F14D275B8C40E7326,cmpBC49DBACB21AA3D310F481AC64881F39,k11ooqbt.dll|IntelWovSDK.dll,878120,1.14.647.10,1033,512,661
fil16E9B3F68C5D4D70775DAF9820FA2321,cmp30C4D0ADF2838AF37EAC6B1D3A55339A,thpymslf.dll|MultiChannelWoV.dll,1705528,1.14.647.10,1033,512,149
fil5674426FF9CD78DCDEE132D2A631F514,cmp393C18E78B0F149E311CBDB257F0FF14,kstd5sam.dll|MultichannelWoVCfg.dll,498744,1.14.647.10,1033,512,597
fil43068CD7097DF9B936EAAE3446CC387D,cmp8E448615269482EBFA8ECC811B0F14C5,avgilcc7.dll|IntelAudioDll_x64.dll,381992,1.0.2283.0,1033,512,463
filCA9D4E941C4FDB4A1E58CAEDD944232C,cmp88E30DBCF7D6FAFD90F2B1BB02C23EB3,hxim_v4m.dll|IntelMultiPaSetupDll.dll,134696,1.0.2283.0,1045,512,1418
fil27ABE2BD1219386F032ED826C6A5A1D5,cmpBF928D635CB158F2C14CFB7E6A7D1226,tgh7ljrw.dll|ControlModule.dll,977448,1.0.2283.0,1045,512,275
fil374BB330DB7E5710B6659C01211D4EF6,cmp2F4488E9040A5122D3FB542FDB70F4F3,by5unhpd.exe|IntelAudioService.exe,402488,1.0.2283.0,0,512,382
filECE6476D7B1FEB7A87714243C24F4946,cmpCF2E6E693DEE36B4E21A4B5B77232F28,ofkhctw6.con|IntelAudioService.exe.config,160,,,512,1660
fil0644214BD3EF8921C977406E59177B10,cmpC7C0010E40FAA612AE5A982916BB02AD,9rlw69jn.dll|IntelSSTPreprocStreamer.dll,52529192,2.0.0.200,1033,512,42
filAC47223757E2809A67969C789F26D0A6,cmp6104673D0F9B6164988473AD65900FF4,_ucc_es2.dll|NativeApiAdapter.dll,110136,,,512,1191
fil778A997A25CB6BE3199E859EF5D418BA,cmp568E18902A5F36EACCA72B59F6409ED3,6xfnszvj.dll|RpcServer.dll,141880,,,512,816
filB4FB9FE08311A6A8A1BAD3199E9D8BB7,cmp0E3FCC13E0C999FCB4AE8C741A1EF12F,oa1iuhuf.dll|WppLoggerDll.dll,426536,,,512,1254
fil547E213FACFD3C55EE21E077E834A5C5,cmp32E901A78F35BA5878BC169664B7E713,jcs-mi3x.tf|aecs_asr_str_def_1ch_in.tf,2840,,,512,584
fil47CE2E0867A3FABA62247F9260D9ED1F,cmp0E78809AFE16BFC448F947888DCF6964,hgeqb7br.tf|aecs_asr_str_def_2ch_in.tf,2840,,,512,501
filA57DB6BBC88D503E7962DF6C997DA906,cmp0FF5710F8FCD25463E454FF1DCCFA886,d6snbjmz.tf|aecs_asr_str_def_3ch_in.tf,2840,,,512,1130
filE47077F5796E5BF2F2F2D7BCB7CBDD5B,cmp72C99AAB7A75C75449F2F4C3626892ED,qschxfjj.tf|aecs_asr_str_def_4ch_in.tf,2840,,,512,1612
fil1A021B196B0FDF71AE18B5FBAEE34E6A,cmpAE00250657A18A225E7E8B2E53A87E97,zm3cxmgg.tf|aecs_wov_str_def_1ch_in.tf,1400,,,512,168
fil21C0E9B813E44BC93DB1A146F9767DEC,cmp4F85F4B0079BC6D9CFC79989B4CF7A1D,litqp1xx.tf|aecs_wov_str_def_2ch_in.tf,1400,,,512,226
fil4222D568A6A2127176BE0C750064BD30,cmp14192A002DD5FD1290200CD1437F2CC9,cujik_ff.tf|aecs_wov_str_def_3ch_in.tf,1400,,,512,455
fil1BB47B4F57C6F2A95A3E6498D5975B0E,cmpF1680B0AD2660970D9FEA887CC577CE3,wtnefnim.tf|aecs_wov_str_def_4ch_in.tf,1400,,,512,182
filB65E693AD736D1EC1005D407DF68CB6A,cmpB4A75434CBFA3B1F2D0F2B0FCF7EE598,6dp3bfrh.xml|DefaultConfigs.xml,1015,,,512,1264
fil7BB7528814735749AE02839AC858D638,cmp1847BDCB967385A703E9AF10A63F6970,xufr7n5n.bin|dsp_fw_release.bin,493844,,,512,841
fil18BE1BCEC79643B8D86896C5C2B3467E,cmp58AB1F2CCD1B38E7F35C57AD964012FE,t8xq1rft.bin|dsp_lib_dolby_release.bin,192660,,,512,159
fil1EEADC783F374CF1086C0914D795A3D6,cmpD0EA20E346DDEB9E99AF6A05C487323D,minudxan.bin|dsp_lib_intel_wov_release.bin,82044,,,512,203
filEE3CFB0185B370D2FAA2FD59D0EF3488,cmp677D43451B632BC1E7EED652AA4E7049,j1pk47fv.oec|IntcOEDTopology.oec,50257,,,512,1671
filA3D4547A7E654DFED3ABD19C70666FD4,cmpA28D176CAC5D869E6900347D3BCE385B,bvii8p9k.xml|IntcOEDTopology.xml,31250,,,512,1119
fil0F90B491A490304AD1EDB5BE70EE92F3,cmpD78C1D101DB0055317C32D7D4FFE27EB,pkzej5hj.xml|model_metadata.xml,63494,,,512,103
fil2C4888D643A7FC82EBF91EFEB0E07983,cmp2FA3B3CD5F423CBC56C54F843246C854,rd15-x_k.con|corcent_constraints.conf,38,,,512,309
filCB3048B11757B9BAD16CBA3863EE49D2,cmp6AC993A4A6B9A28CCA620DF927D3858E,vlaomlh9.amp|corcent_zh-CN_hq.amp,874768,,,512,1426
fil7D981384928881AC458F717F307B8F3F,cmpA65F971686F72F7010FA156ACB59E8B1,wy3debav.dsp|corcent_zh-CN_hq.dsp,173652,,,512,853
fil6D7891C4833B8ECEC97846EDBA25051C,cmp701632EE2093C881134886541751232B,mtuki1ce.nrm|corcent_zh-CN_hq.nrm,971790,,,512,755
filFF52F099864D150CE2CEF136D58D85CA,cmp55F86415733E9C376E8BF72E74C673E2,aakxtxzf.phm|corcent_zh-CN_hq_hwkws.phm,96,,,512,1797
fil88D135AF084670163BB43AC757BB2E67,cmp917305E99C8BF88E78A012B88CD76B29,n3vouiln.th|corcent_zh-CN_hq_hwkws.th,4,,,512,926
filA11C815FA2EC375428886BA765B49B52,cmp89138671093AE42674943FE51E2259AE,rhqjf3tn.phm|corcent_zh-CN_hq_tencent.phm,102,,,512,1098
fil240E3EF7BE499BF3C071107533E5D418,cmpFB3A7FB0DF16D0034B517C9FCFC58F90,0i4cdvcv.th|corcent_zh-CN_hq_tencent.th,3,,,512,243
fil9BD1D08F222A7E99013F82402A7A2870,cmpF1A7E58CA09CDDDC4361FDCD5F1BC865,ytf61po5.con|corfuj_constraints.conf,38,,,512,1064
fil954CE6B7C713805BEA33BF8275C1EE9C,cmp1097D3921588794D4BD2A98CDF930301,vbgokclj.amp|corfuj_ja-JP_hq.amp,901844,,,512,1012
filF05AB742C11B47F37F17CD488D182B5D,cmp4B9F8BFAED1269F1AC3ADE2593487B41,i8j6e6do.dsp|corfuj_ja-JP_hq.dsp,173332,,,512,1687
fil9F1BDA13EDCE56FEC0FE9A714769ADCB,cmp0F60B50B8E106FFA64B892417C915754,gmls3sxf.nrm|corfuj_ja-JP_hq.nrm,971790,,,512,1088
fil6A7FC09D26045EB6CBA393C25421F869,cmp87AC0E280044F94526126FBD15556732,r2uyssq_.phm|corfuj_ja-JP_hq_fuj.phm,90,,,512,734
filD5C330BFA696849EDD04D967E01CD782,cmp8815DA5C75BFBACD8B51A404FD82ECBF,fmwkofuz.th|corfuj_ja-JP_hq_fuj.th,3,,,512,1501
filED836CAB62BB2975F1091DDFB8181721,cmp3A841CD36D6E5C93F8B7111268E96B47,z-0xvt90.phm|corfuj_ja-JP_hq_hwkws.phm,108,,,512,1667
fil7BC05C3FD406F7AF8E70033231CEAD1D,cmp2A63DF2D8D8B571DF21058C02D7EEB87,skz9xh0b.th|corfuj_ja-JP_hq_hwkws.th,3,,,512,843
fil117C084F1D37647E38F53A75D089CE7B,cmp4D9F62AFDC932C34A812EE2AA80D1F7C,stsaow28.con|corleno_constraints.conf,38,,,512,113
fil6908C5E2EB54C05DBEFF6D70ECC84D76,cmpF483DD0E1529E50EB6ACECE333EBB545,gzghovq_.amp|corleno_zh-CN_hq.amp,874392,,,512,726
fil46F0A405DD41E576947C5912B9A1541C,cmp9F60024EDD9DEB0E3DBC7DD60A1E3A44,g32geaw-.dsp|corleno_zh-CN_hq.dsp,174680,,,512,492
fil089CB69A085F7F0F76E0CED2A9AA1BB1,cmp8AF0ED9D632479532FA7BB6E95B64676,zxlptgdy.nrm|corleno_zh-CN_hq.nrm,971790,,,512,54
fil9BDF3E7E7136F66C75F057043A19FD78,cmpB2005C2FE1E0C023AF810502F5C0F0C5,jt5odk0i.phm|corleno_zh-CN_hq_hwkws.phm,96,,,512,1066
fil5DD1AE8E43FCFFE65BE206C3C72D0AA7,cmpA4D58F3D13AB1873A396D55E8C64A386,szzod2-n.th|corleno_zh-CN_hq_hwkws.th,3,,,512,645
filE57B07146AD6D637F3168F93EF59CAF3,cmp8F15F82FFA1816569665E48B7C1F250E,vpjd6ysv.phm|corleno_zh-CN_hq_yoga.phm,114,,,512,1619
filDEB4C6DF3AF826984646EE96CBC9C8CB,cmpB99B0F4B0CCC3AA980015E449A2E1DD5,oextfdww.th|corleno_zh-CN_hq_yoga.th,3,,,512,1575
fil1AA7C3365B9556421B020436A6F41A62,cmpD1A2DACD97D63A0EBAE740D462E6A20D,1ff-lwnl.con|corleno2_constraints.conf,38,,,512,173
fil0F67F8A407D39E6DD51F0DE37E00035F,cmp6C9C96D673F48CAB3908CE6DCC632A00,yf6arhyu.amp|corleno2_zh-CN_hq.amp,853240,,,512,100
filB72D88C6568887E4BCFA1D54AD10AC05,cmp7F4E10BD942378269AD5AD50F25CAFF7,_ifhasx0.dsp|corleno2_zh-CN_hq.dsp,176996,,,512,1268
fil5532D2FB1A2023EA15D63E84E9DF4A5C,cmpB6DC53B9E7F0EA31401F4CB70CACAE43,lt1jncza.nrm|corleno2_zh-CN_hq.nrm,971790,,,512,588
fil5EE59B4582257A5AC2F460C1339E60E8,cmpD816A91D06ACA5691B26F83A5B103C56,nmsd4kpz.phm|corleno2_zh-CN_hq_hwkws.phm,96,,,512,652
fil20D63A8267A08055F46F3BC6ADE128B3,cmp3F37D6B6EF567E18EA59CDC3E7E1B353,vv5vsx44.th|corleno2_zh-CN_hq_hwkws.th,3,,,512,217
fil780E4400A2CE4BE6468C03804DFDB2DC,cmp4EFBE6F509E3E32A671684964F0155E4,srzr6sjb.phm|corleno2_zh-CN_hq_leno2.phm,102,,,512,821
fil561A678C7D794054E974942E89679EDE,cmp196C9E20B12879B826617D06D8B84C07,pziovk1c.th|corleno2_zh-CN_hq_leno2.th,3,,,512,595
filF77B908F91D0A6F5A2FBDCF53F840145,cmpA3AFEA8B0D4F46E30B8913BED3947626,0mu8-aft.con|corlexa_constraints.conf,38,,,512,1737
filEC0F6E0E63B127A62538D97F5DD84B1E,cmpC81DA00897D31C31F433252FDB493661,nzy4vaza.amp|corlexa_de-DE_hq.amp,907276,,,512,1656
fil238730C002D2AC7EE6B47BE43717C056,cmpD8BD988CE320242F485E961000F65CC7,rsyfbofa.dsp|corlexa_de-DE_hq.dsp,176188,,,512,237
fil0A429E87A48068403ACACBAD65F00603,cmp8DB613CC8D1BC2676EA50014FBFA1400,dqzpabev.nrm|corlexa_de-DE_hq.nrm,971790,,,512,71
filA332E52646CAC681C0230D14D4881BDD,cmp1D4EB095C8CAA0A9DDBD7F9AEA81D07C,hjm8gpfo.phm|corlexa_de-DE_hq_echo.phm,78,,,512,1114
fil68D52F88B209D11AF38008BCD4CC9F0B,cmpCF6D6C44A060F653AA39357E643367EB,xlcz6ciq.th|corlexa_de-DE_hq_echo.th,1,,,512,723
fil159683D97BAF6EF9B7A8E37596B35039,cmpE164910055C1EE71202AFE7CF6EAEA7F,xn4e9zgq.phm|corlexa_de-DE_hq_hwkws.phm,96,,,512,137
fil69B14C9634C0277F80EC3C150F2D2C3F,cmpA663ACAF6DC6B39652C50323C96DAF01,fqug7r9b.th|corlexa_de-DE_hq_hwkws.th,3,,,512,731
filED66E7907DBF6C29118777EDDF41C6DE,cmp44508DBF695D7D6966907394F0AA10A1,ggcs_2ks.amp|corlexa_en-AU_hq.amp,883928,,,512,1666
fil97E1CA31290C185887FABE1599B106F3,cmp4209D172A23B9CF736292AA34AE2A585,faz5_nwx.dsp|corlexa_en-AU_hq.dsp,174628,,,512,1037
fil147A1842FBF2777B31E378E6E3D28FA0,cmp26765B41DC3A971C72A7CB2DB6C132B4,cjy5jchq.nrm|corlexa_en-AU_hq.nrm,971790,,,512,133
fil87E3A53237AD9ACC0217DC2BB5D4FEF2,cmpD11C3DE6D1D81624D807E756B224B4B9,pd-gp-pl.phm|corlexa_en-AU_hq_echo.phm,78,,,512,918
filCE99F00A7139CB7029093D5766897A5C,cmpD2119CC7DB4DA0844EB04F6029FE4401,g3k_xpwf.th|corlexa_en-AU_hq_echo.th,3,,,512,1452
fil16269BBC56E9D039ADEE6D162DE789B0,cmp40E1829087917240BA15E512E11C2FD3,dkhkcy1s.phm|corlexa_en-AU_hq_hwkws.phm,96,,,512,143
filC439C749311DC3E256C6B9A736240D0C,cmpC7DFF5ABBAAC4E67B8F3D8732EDE0F98,a1abrbpj.th|corlexa_en-AU_hq_hwkws.th,3,,,512,1372
filEE9069F94FEA4BDCE64E9D9B31286FB9,cmpCDC542B6A2ED08C4EDA3DF0A4ABE179E,gy5xfmm6.amp|corlexa_en-CA_hq.amp,907276,,,512,1674
filDEA15B44DD38B0E0D406C4B2C7E1AFFE,cmp68B0BD51590537DD87742B8084174313,ucfta2gd.dsp|corlexa_en-CA_hq.dsp,176188,,,512,1574
filC38CDC442D90AF6003EDC017B49BD34D,cmpDEED773E0B69152B2D92200AADBED9C4,rf9w_d5x.nrm|corlexa_en-CA_hq.nrm,971790,,,512,1364
filD16D09E8BCEA695879427B826A9D7AD2,cmpC355E8F096C8A35E3721D32A0D83CEB9,idk2xrax.phm|corlexa_en-CA_hq_echo.phm,78,,,512,1470
filA9B1D62D3D116997847D260AEF7E66B2,cmp87E58A9892CE17DFB4DDA728464E56DA,0xso3jun.th|corlexa_en-CA_hq_echo.th,4,,,512,1169
filB10CDDA35B6301B0FC3925609F5521BB,cmpCD5D2B27264C52594E7B721CF603F26C,hsw8mokb.phm|corlexa_en-CA_hq_hwkws.phm,96,,,512,1223
filDE04A04708BA8159FA95D2ABD62C99EC,cmp4E8F01779634FA8B9CE577B786E62EF2,nmtc5qy7.th|corlexa_en-CA_hq_hwkws.th,4,,,512,1571
filCDA6786C57A394E1F1C3FC0CFD358658,cmp4CD41AA199A49EE6F06A30B34F5C8849,lq4betnm.amp|corlexa_en-GB_hq.amp,907276,,,512,1445
fil58C17D60EFB418638D52BBC5AAD7292D,cmp7F94AE6BAA53D4401A81A142C769F80D,a-pnw_27.dsp|corlexa_en-GB_hq.dsp,176188,,,512,612
filD403000870DA9A4838C9C59A770F2C7F,cmp8016BC36CF7D980635E34C0B62D16911,tec6cdao.nrm|corlexa_en-GB_hq.nrm,971790,,,512,1488
fil9678F50FE6D1EE926DDEBCEF4935A013,cmpEDDDFE89B9435299404FEE1D4989BBFA,ofitymko.phm|corlexa_en-GB_hq_echo.phm,78,,,512,1021
filEBEEED9D4C2497CD4C71C4AB43AC8E2B,cmp9AAFFCACB3BDCB56E393B3C1336209CF,fvmsdo0r.th|corlexa_en-GB_hq_echo.th,3,,,512,1654
fil4126BFB97435764B4812D12212FA7CDF,cmpC48CA207FBEBD557C2BFC75370EE96D2,wdckuclm.phm|corlexa_en-GB_hq_hwkws.phm,96,,,512,444
fil4E7DEE62221E38C5834DC33BFE316227,cmp72952911AD94073659E41075C5E92921,tkfbjk6p.th|corlexa_en-GB_hq_hwkws.th,3,,,512,543
fil082F067322E7B2D9D3DBDD9580515E00,cmpE7BF3F057976498A13A6BF7E4DB3D8E9,1x_5ot7t.amp|corlexa_en-IN_hq.amp,907276,,,512,51
fil01E1B6FD5D5BBA17028AA84E72FB5C19,cmp68EE0C94E397BC53C0D2F7D67DE24920,yoi4spgq.dsp|corlexa_en-IN_hq.dsp,176188,,,512,16
fil9759213E02EF9118CF6BE2754B534D06,cmpBA91DB5BAFB6C8D4AA8BF1AE9F4CE34B,cnklwdsv.nrm|corlexa_en-IN_hq.nrm,971790,,,512,1035
fil8F24F7795B24FE3147A9C5A544DF357B,cmp301CE7B1A5C78F521AAA742601B74127,xak8c3p8.phm|corlexa_en-IN_hq_echo.phm,78,,,512,967
filAA8EEF8FB08B00F93C08ADBE828E600F,cmp97994AE2861958966ED9231B37E1F551,4u_oooqp.th|corlexa_en-IN_hq_echo.th,3,,,512,1176
fil58EA01AE58A986FF6FAFC4D032836E32,cmpD27671F93360B6BBEE769BD90D6C76BE,zff8u3ml.phm|corlexa_en-IN_hq_hwkws.phm,96,,,512,614
fil5CFAC6603A804420D84AF17A829D84AA,cmp01270EE14B1B3D8614E0BBCD9A54BBEB,fjkotqh5.th|corlexa_en-IN_hq_hwkws.th,4,,,512,643
fil2C1D819D09DB55C49E5913E05889C385,cmp3200D9943127EC9719B04FC603A31DAF,v7cwv6hl.amp|corlexa_en-US_hq.amp,907276,,,512,307
fil8FC75E5A0F679B86A39D17FA7C0E7E95,cmp28725E6A60B8B82FFEA53B1DAE282ACC,amlyft_q.dsp|corlexa_en-US_hq.dsp,176188,,,512,971
fil31D289B59F7C4A540C91A3668C1C044C,cmpCDE4336CE59FD33E359D5D7F3D62BF31,bmveie72.nrm|corlexa_en-US_hq.nrm,971790,,,512,345
filEF8C2B3FBE7A40DE56DAE06AB8079053,cmpFBC279C9F43275D902D4A245B8CC50F4,olgw_o4g.phm|corlexa_en-US_hq_echo.phm,78,,,512,1682
filE4A40AF8B0367BC9CF81499491040102,cmp569184D2709A7ED9CB7DA242E8D2CB1F,fgzgjtur.th|corlexa_en-US_hq_echo.th,4,,,512,1614
fil94584C2DC2D6642A83E72E779AED47A1,cmpBEAC810252E7AF6505219163281C6398,ln3_-_w6.phm|corlexa_en-US_hq_hwkws.phm,96,,,512,1006
fil3F6C00359455A64AB1333A0E3C8D977D,cmp4701FB8E7149A02F8E4920B918E1FC95,0wwh1b2y.th|corlexa_en-US_hq_hwkws.th,4,,,512,433
fil3A07D0948FBBBDFEB6CF204D1543BC65,cmp32156687301C8EFF2DC0789745667C08,fpfkfkzr.amp|corlexa_es-ES_hq.amp,935196,,,512,402
filFBA98E495E4E908C9389ABDD8F4E0AAE,cmpF6B296E640A68306EBF6694F8DA9DF93,bhk2efak.dsp|corlexa_es-ES_hq.dsp,173848,,,512,1773
fil40106FA439400634AAAF172D8D9BE53A,cmp7DF537DFA14CBCDFA6F94B18EE005150,afba49zn.nrm|corlexa_es-ES_hq.nrm,971790,,,512,436
filAB889643D6419EAF1B3637F56FCD5C06,cmpBC458F2CA1D4FBE6725FE38019D7A90F,sxnw_rlp.phm|corlexa_es-ES_hq_echo.phm,78,,,512,1183
filA8AD1156C1EC4A99250A9E7B227C3C2E,cmp90DA18FFD0B8DE7DCE87D40F250D788E,cnob3vum.th|corlexa_es-ES_hq_echo.th,3,,,512,1154
fil2EB1085C19C6BE52BF6212D6D62E546A,cmp966D5AB0A60BB8F57C82EE3AB3013266,07azp0r0.phm|corlexa_es-ES_hq_hwkws.phm,102,,,512,329
fil33846A515E7B44DB004AD67F1F5F025F,cmp7131A8434859C89C14624F3236C164DD,xbeh2gwp.th|corlexa_es-ES_hq_hwkws.th,3,,,512,360
filF4E30A57537BF0548AB3FA9C5A0A76F1,cmp55E60A05A95038C48A5474AEF02EEDAD,ok6ptqvi.amp|corlexa_es-MX_hq.amp,935196,,,512,1724
filC12BE5AE7C209CCFE799B2FA602902FC,cmp229DB38A5C6DB72D1D3BB2D7BDAA5695,5vueqxjt.dsp|corlexa_es-MX_hq.dsp,173848,,,512,1346
fil2DF2E13A05487DE364EFCAE83C337B79,cmp5EEAEB646769056E9C4921425CF3E37A,4sn9jndq.nrm|corlexa_es-MX_hq.nrm,971790,,,512,321
filC19F601B9661E8129075C530C583DDE3,cmp3415B1F5713202067F02B723CB070491,z8p_r7pw.phm|corlexa_es-MX_hq_echo.phm,78,,,512,1351
fil9D784086F7A1D673AE0BBAC3A2EA6D91,cmpA1F308BEC64226A64F51368241035890,n5lglfo4.th|corlexa_es-MX_hq_echo.th,3,,,512,1078
fil2E07782B39207F73990CC091401B9140,cmpB8D337D12016569F8C199DA03C33C178,ni9g3rg5.phm|corlexa_es-MX_hq_hwkws.phm,102,,,512,322
filCFF20DAFF99D935A9817CC8039B509A8,cmp105B5B586609C7CC38BD44143BCDE4E0,gmzsyhbi.th|corlexa_es-MX_hq_hwkws.th,3,,,512,1463
filAE2E0FBE1B8F9201866796357C58BBD7,cmp3AF93BE06CADCC1BFA0A5248A6BB34BB,bpos_nii.amp|corlexa_fr-CA_hq.amp,862168,,,512,1207
fil4A810AC27C5A261AA7D644A909B96B28,cmpBAA9162E605511521AB1ED771A29B2DA,brd7to3o.dsp|corlexa_fr-CA_hq.dsp,170556,,,512,519
fil953CB6ED47102AC2B37E8BC7923007AB,cmp627648D18811C487652AA7141B5EC50F,dfyn7_nz.nrm|corlexa_fr-CA_hq.nrm,971790,,,512,1010
fil5339F39BA16B238950D60BFF55E7F693,cmpA57D4B24116BE8310FAD553238D55403,welcxx6g.phm|corlexa_fr-CA_hq_echo.phm,78,,,512,577
fil80E64898427B13FF281E92FF776AD95F,cmpCEECCCF679F0360A0EFC2083A299ED82,_zei24fj.th|corlexa_fr-CA_hq_echo.th,3,,,512,875
fil28F9F0C1334F91E01A569790A151D37D,cmp48E369F44B9FE74874F084DA126A8073,w5b9rgvz.phm|corlexa_fr-CA_hq_hwkws.phm,96,,,512,285
filE21494C8DAD77033D66BE2CF4BEE6F07,cmp1E574857C9012F0B6B3E10C6E918C6E9,qcyuc8qc.th|corlexa_fr-CA_hq_hwkws.th,3,,,512,1596
filF35D40564DFA58D64C4B7934CBEB8F23,cmpA6BFA6D1995D3CE8A3AB431D13781D91,vfrh4nny.amp|corlexa_fr-FR_hq.amp,862168,,,512,1713
fil2E248C5FC0F67DB67990FF886DC8A4D1,cmp179A8033A0C75F4DD4FBD1B11B2AE725,zk7jb39w.dsp|corlexa_fr-FR_hq.dsp,170556,,,512,324
filE1FD1A3EFEE81A4558AA17EB2C2E86D7,cmp8A90B780D4D8256A3233B92E63874172,hw44yqqt.nrm|corlexa_fr-FR_hq.nrm,971790,,,512,1595
fil224AAECEEEF00B2F2CA03AFAE32A06DF,cmpD9C745553AF24491D16A998606157B5D,s05ay380.phm|corlexa_fr-FR_hq_echo.phm,78,,,512,229
fil9D0F650678EEC247F028749B7475B57E,cmpEBE42BD9A730F221FDAD940FE55A98BD,5xcuq12w.th|corlexa_fr-FR_hq_echo.th,3,,,512,1074
filE2B3C3DE98F8AE94FA20F76493AE2388,cmp4992A0131919B849F8E03BD39900937D,nnraxjwo.phm|corlexa_fr-FR_hq_hwkws.phm,96,,,512,1603
filD3B3EE1070D7DABDE630D94CC12EF61A,cmp71EEE12E558C7A20AEA6D763505B0B7E,7d3l0ons.th|corlexa_fr-FR_hq_hwkws.th,3,,,512,1484
fil87FC52F75DD787B7518706304F6E190B,cmp598F47D2B24B2DBA8D21703DD89B4296,vtm93kzt.amp|corlexa_it-IT_hq.amp,879440,,,512,919
fil07223F856A9A07CDEC238B27C0BC7A2A,cmp7A8D228ED8D5BA7205EC098B172DB028,_qrnz5fk.dsp|corlexa_it-IT_hq.dsp,172188,,,512,48
fil06911BB97EB8370A04904CC6E2EAA2EA,cmpE3E8FE4A0FBAB83D51B4FF5A7741039A,1vvnz6_-.nrm|corlexa_it-IT_hq.nrm,971790,,,512,44
filB56934691C178D2418221125C7D92BEC,cmp2C78152C6933A67B12FC210C5E137966,pt_fs4o3.phm|corlexa_it-IT_hq_echo.phm,78,,,512,1257
fil28F92AB176594C2FB1A53B36BE267148,cmpEAA0496DA38B7CBE583F1C74DB85608F,mnck4ehx.th|corlexa_it-IT_hq_echo.th,1,,,512,284
fil98BB7309107E9F27FA1CE111C2D6E999,cmp9D6A7527638D001F2A89A858AD607368,fyeyhbyk.phm|corlexa_it-IT_hq_hwkws.phm,96,,,512,1042
filA7B2FDCB886E585836C5088D888BE9F5,cmp218464B4A51CE3E004E0D896975E2F69,xquduwe_.th|corlexa_it-IT_hq_hwkws.th,4,,,512,1145
filAFE33F45714946153593C21F3B6EAF35,cmp04429D15DDCEF35F307CBEFFDD1D7E90,5voed9q0.amp|corlexa_ja-JP_hq.amp,894564,,,512,1216
filC56EE40BE707EE7BBE24AE2F10FE9754,cmp7E6D0BA3566D0704A1806A8C5C35F7DD,afq6xhen.dsp|corlexa_ja-JP_hq.dsp,172408,,,512,1382
filB97AC14F4BEBDE02654A86D83AB569AC,cmpF3084E1AAD14F10098EEDDD874240489,dcnpuzdo.nrm|corlexa_ja-JP_hq.nrm,971790,,,512,1288
filF5BEC69D157331C284A4E8EA6A4F2AE3,cmpE43C7B9E4EC8CC9B5B3EED77C2604541,tamnwtp8.phm|corlexa_ja-JP_hq_echo.phm,78,,,512,1729
fil8FBB3CAD6BBAEAA13A300B733362498A,cmp140215710FC343DA3A14B219A61EEDF7,osbbqxqt.th|corlexa_ja-JP_hq_echo.th,3,,,512,970
fil6E49698E14622F3BC8AC7B0BA15B0B90,cmpEE4D5088828950575C734A4B8C5EB116,upxflckz.phm|corlexa_ja-JP_hq_hwkws.phm,108,,,512,760
fil8CE95BDCF15441AD4C1238C82C01F1E0,cmpF7F068EDCBA5BD29C2FF7696673CE8DD,iqbkvras.th|corlexa_ja-JP_hq_hwkws.th,3,,,512,954
filC89C8C218D1CEE538BE55516B7D8B676,cmp155FA6DDBBC9C2256F1D58096318E759,mvce_-ev.con|echo_constraints.conf,38,,,512,1404
filF9B25C29275CFE843C06982E0E2F5939,cmp9C30CB9682ED7EC862EFCDA72F646768,nke2hkfh.bin|cohort_echo.bin,16773140,,,512,1761
fil089DDDC0260F11C7E0840D6B66A258C1,cmpB5FDB91E384C0619809E9CBE76F16540,-8t7wcxk.th|cohort_echo.th,5,,,512,55
filA4D2ED8AD2A0849EEDEA6B42EDDD6727,cmpCAE1F255BF3F594CCF61FAF028F4B692,8yf_hgd_.amp|echo_de-AT_ex.amp,2984824,,,512,1125
fil1DF02AE152A2E4AFFAA7DFAAC54E1FAE,cmp1E4BF8EDD17C6838DEB836C11834A9BB,-znhpj5i.ehs|echo_de-AT_ex.ehsc,2985216,,,512,199
fil0E35DFB4593BDA25EC9A0AE704BE5B38,cmp7C8DA5930074A94A5F41B35768D86F61,csqbsyn_.eth|echo_de-AT_ex.eth,3,,,512,90
fil6EE01A7DF042440F53E5EB19157CF65A,cmpCBCB7A5F1743BD518AD1901CB5B00081,-bad3sy-.hsc|echo_de-AT_ex.hsc,2985216,,,512,765
filAAAFB155BBF1749694977F94DB27A389,cmp4CD3A2A629F1532D7CEB28A86C5469E8,yasibs8o.nrm|echo_de-AT_ex.nrm,971790,,,512,1177
fil96A7CB33DC75E26FCB4084AB7B9E7A3B,cmp78E977A8163AAB30F961F2479A720691,52nke4_s.phm|echo_de-AT_ex.phm,138,,,512,1023
fil84E30BBB902A93C349D32A88CA37357A,cmpA67508F5C354C394DD25846095823739,ohrgiuns.th|echo_de-AT_ex.th,1,,,512,899
fil24AF2AEFB5F35414A6C51C2F46B27CC4,cmp39F4D71FA63A5497A4DC366CDAFD5EDE,kjhl_aob.amp|echo_de-AT_hq.amp,883928,,,512,252
fil831A2CA658FEBF1F898FA5FEC8E42FB0,cmp0B280AF364DA41AA6027D61AE172FEDA,qj_grurz.dsp|echo_de-AT_hq.dsp,169620,,,512,885
fil623266785428982CC7EA851DEB1D0E05,cmp6F6901783C90470ECFFBC729B6230FED,pvphyozy.nrm|echo_de-AT_hq.nrm,971790,,,512,676
fil190CC36B67CA70814738F203696E38B4,cmpDE8B6DF0D517DFEDA37193B7D7B9B618,j1k3hmh8.phm|echo_de-AT_hq.phm,78,,,512,162
fil8741A22C5984CEBF9EC810687CA54D09,cmpF5E07A56F2863D80A628D67CAC7663C4,9tfael5u.th|echo_de-AT_hq.th,3,,,512,912
fil59ED4B67E9AAE0AEA80FD49AB212BD9A,cmp2BB92B48127C94F8E244B790A0DA636D,lg35m_tc.amp|echo_de-DE_ex.amp,2984824,,,512,621
filCB5977266DD080D8CD74D3C00270FDB6,cmpE4B83AAB7F8B408B1967FFCEF0275B1C,g1bwihdf.ehs|echo_de-DE_ex.ehsc,2985216,,,512,1427
fil5AC820D251DF743E9D9F4E1F144A56E8,cmp9A16AC066DA557B7963A8353DD0EAA63,h-ommrfd.eth|echo_de-DE_ex.eth,3,,,512,626
filCA1C61E9A9A4A9F7C3F4B0FB8D51BB45,cmp32232FE35528B2285887D5CE6F87F338,wtmurdv1.hsc|echo_de-DE_ex.hsc,2985216,,,512,1411
fil39AF99B166E4D979418B872832F996E6,cmp8154A9A5886DA9835F49489A17351090,paxh1nhd.nrm|echo_de-DE_ex.nrm,971790,,,512,398
filBB158ACC3197AC69AE483D55C7A2D88A,cmpFF6680F2154D1630C7F2773258BC3254,2jerjfj4.phm|echo_de-DE_ex.phm,138,,,512,1299
fil4399D096415CC547E55EFED5983D3270,cmp86EDFC964D3226E8E94D4AD7500C473B,poyj7r5g.th|echo_de-DE_ex.th,1,,,512,473
fil7B5628E96152A7AA6A4CEEA731881C77,cmp654710FFF5FA4C0D5B145C348E7AF11B,z9ulm57x.amp|echo_de-DE_hq.amp,883928,,,512,839
filA572BE40BD664F6B89F7FAEC05C7EEA9,cmp3527445A0BDD3EE644358C94607AA254,-ykscekl.dsp|echo_de-DE_hq.dsp,169620,,,512,1128
fil68AAD4D8ED6C7CDBAF22265390BE6035,cmpD4C044DC4CECAFBE843B918F0116EDBF,yztc-m6d.nrm|echo_de-DE_hq.nrm,971790,,,512,722
fil188D2ED571DB1BD05477B974466F9EA5,cmpB8CC1E9624F0369F4D71B08281DF5DDF,a1ptlbqi.phm|echo_de-DE_hq.phm,78,,,512,156
fil0112454238287EF3A8781FE7D3233341,cmp50DF4123C04AF28C5FE9B5B16A9D4F43,hth4s9xq.th|echo_de-DE_hq.th,3,,,512,13
fil8EF86FA9D3C0AE641EB2BCFD46E82AF2,cmpB40BA63EC01AA3FFED8E129A9DF11C33,oejqyv-x.amp|echo_en-AU_ex.amp,2984824,,,512,966
filD63484CC66AC72D1001F1F0800E10036,cmp492587F3DBDFB804F3F722FF0910023B,6oxlf1t5.ehs|echo_en-AU_ex.ehsc,2985216,,,512,1506
fil8499854C7BB2524B2AFE3C658D2CFA01,cmp05ED727D90256A58DE656BC70935791D,88ljkplp.eth|echo_en-AU_ex.eth,3,,,512,897
fil9BD13039C99C36BBAA578EF015AADBB5,cmp5C1ED93D0CEB07B676B14EA6D2754BA7,do7f_cst.hsc|echo_en-AU_ex.hsc,2985216,,,512,1063
filF31A0253A6A2E004EB21098357A9B953,cmpFBC3C83ECC64A623FCC2863E8954F593,eca_tiaq.nrm|echo_en-AU_ex.nrm,971790,,,512,1709
fil25C0DBEE134992AF4A68CAEF2B78A342,cmpA995E7A38189E0028F25CE0115074F9E,evxapc8m.phm|echo_en-AU_ex.phm,138,,,512,263
fil48C19865D1566C8CA914E8FD181CA2BB,cmp34874DB06D192EC5E1132E721E6841CE,uvxnl-gi.th|echo_en-AU_ex.th,3,,,512,508
fil129F29B35178131DD27D4DB033A47CA3,cmpCBDF1CD896312F5036DDEE00A3CA3FF0,lmnk0fs4.amp|echo_en-AU_hq.amp,883928,,,512,123
fil719B3299EE237EC8B7ABAE4C8B53777B,cmp901642AE3603C1E2288A59EBEA7FBE1E,5ci_tghp.dsp|echo_en-AU_hq.dsp,169620,,,512,782
filF2A732D54F629EDEEBE05520DFF8D7B6,cmp686B22D721B1629644FF89D171A88960,svscwzlm.nrm|echo_en-AU_hq.nrm,971790,,,512,1707
fil684DA5B4FB399E8FF7537082DD11B500,cmp49C0C7E279FCC1B89C849790637CC151,d1ts2yty.phm|echo_en-AU_hq.phm,78,,,512,719
fil04F95472F3244139641ACF4BBC5A1778,cmpEEE01B310156281306AF4C7B01230395,qr6x_ocq.th|echo_en-AU_hq.th,3,,,512,35
filCE9B72CDB57D119305878BFC3E6BF55F,cmp83DFF3057A85134BFC5639CFCE4C44DF,ambhpepm.amp|echo_en-CA_ex.amp,1004384,,,512,1453
filC821C6261D550BF0219E8EB28057DAEE,cmp0340A28B2527F31632A3C1D028FE9FA1,zouaxecc.ehs|echo_en-CA_ex.ehsc,1004716,,,512,1402
filDF577914A50AC5159FA760667E583531,cmp97A12213E6A31CDA36A4DD96D60303A5,lrjafuiy.eth|echo_en-CA_ex.eth,4,,,512,1580
fil014B9E2B99E1BB602A8EEE6506A497DD,cmp529F2D7D983CE530C6C4726306AA8257,1ri6akpj.hsc|echo_en-CA_ex.hsc,1004716,,,512,14
fil99B576043701B6FE27550B1067DE3603,cmpFC2891BD2EA39AA10CF1A2AE03080E35,prhv0eel.nrm|echo_en-CA_ex.nrm,971790,,,512,1047
filCCC4F2E89F0AAEC95BD20CB379514F34,cmp17165824177478309C2784CD522D957E,gyyvte_o.phm|echo_en-CA_ex.phm,78,,,512,1437
fil055DBE54C1C6477C8F5756A038597930,cmp297A758A5446368FB3C2710540068C76,nvxgremy.th|echo_en-CA_ex.th,4,,,512,38
fil79236768D0C528CC0B1A59912234A489,cmpB66C16091AD27F6AACA1AA281F87EFAF,fpzvgaqx.amp|echo_en-CA_hq.amp,863096,,,512,826
fil4D29B03ED27A19B29423D8EEE7F3E74C,cmp4BCC4B364CD859BFCE4029BE8594AB00,og4vpd-a.dsp|echo_en-CA_hq.dsp,168156,,,512,535
filE13AF379803FA128EF4FE098B309A61F,cmp5DAF869521DEB5B1785DF306BFDAAA3C,uf1cuj1b.nrm|echo_en-CA_hq.nrm,971790,,,512,1592
fil677325900B6251E591B0A28CC019AA5F,cmp60C19EF61AE2C6562CF204ACE4088D1F,ixlehcno.phm|echo_en-CA_hq.phm,178,,,512,711
fil3113818078F2754438C637733AA93C0D,cmp46F4730B7E5A61B71D85ED9C78690B05,dph2yv4h.th|echo_en-CA_hq.th,3,,,512,343
filECB586CEC56B3CFA2F9B5A0CCDA64748,cmpE4F95AFBA84DCF81E18E1D0421F286A2,7x0npfug.amp|echo_en-GB_ex.amp,3524784,,,512,1659
filF964DC369DE1135D8C25EBF7B00104B3,cmp76BD2E69420D5619F09EDAD29D2CE766,c3yztxuh.ehs|echo_en-GB_ex.ehsc,3525116,,,512,1757
filB90C7BEF60CAE7957CA36CA788D75C8B,cmpAEDEB494A8A2F60CB19AAA6946DBBA8B,dqdj6iq9.eth|echo_en-GB_ex.eth,3,,,512,1285
filE77C3C0224A8CFCC01D0CEE496EFAADE,cmp4B1D8708C15353E1A0CD3AEA09C41BEF,9tgxs1eb.hsc|echo_en-GB_ex.hsc,3525116,,,512,1632
fil526C6BF91032C6F532F5D0B4A900645D,cmp5BFEBE9C0A437436E6E9F9CAFE06C07D,nchocvvg.nrm|echo_en-GB_ex.nrm,971790,,,512,571
fil22C20D6F3FEC47E77184C399F22FC9A6,cmp4B014BCA3C797B5AF2FB0C5AA538D311,qg26do22.phm|echo_en-GB_ex.phm,78,,,512,233
fil7FB8012B65F00E82D8D6EBBD5935981A,cmp6D5C7CBE0DA897B3EC238EFAD0FDD7C7,at404i7e.th|echo_en-GB_ex.th,3,,,512,864
fil08DD64D1387D0CD49A6BE997435B96A2,cmp11BAB847D5DC84404B5F2F926028CC49,e4lzntg-.amp|echo_en-GB_hq.amp,883928,,,512,58
filC5D1F574D4804A9CA9CF7292C54873C2,cmpC51577A2AD2EC8A992520ACDF8AD64AE,fbshmaaf.dsp|echo_en-GB_hq.dsp,169620,,,512,1390
fil2A067A316DDB7112AFD4DE1E89FEE3AD,cmp54A436EDE4B332BD1907FECB9B95B703,zpjbq4u5.nrm|echo_en-GB_hq.nrm,971790,,,512,293
fil71DEBB09C9CBF54366A17D8C22AB8B39,cmp222E3F531753859752E8861571CF1795,8zkpqhpv.phm|echo_en-GB_hq.phm,78,,,512,785
fil6572C9E52CDEE83FE2B8BF438C9C3E7B,cmpEC1AA9FA3A35B2588D76AD8329BD4F43,56oqk76y.th|echo_en-GB_hq.th,3,,,512,697
filD8F5C15F509737B59530DA377731A80A,cmp99099AE08B7196350DF7ADF158B7A0D3,kcbcj836.amp|echo_en-IE_ex.amp,2984824,,,512,1530
filCAB7560129C7797EB162C6BC42F4D779,cmp0072379C5EC4A3D9108F47A04DB959E6,d-umlgui.ehs|echo_en-IE_ex.ehsc,2985216,,,512,1419
fil52B2562BA2BFF564F15A88EB762786BD,cmpA560393677498B6CC0229D350AC8571A,gmrulfyg.eth|echo_en-IE_ex.eth,3,,,512,572
filA93A8F54BC1BCA2CA45EBC56BCF35C41,cmp34C3ECD0AE7D9E7C79F723BEB6D79178,mjxmoivm.hsc|echo_en-IE_ex.hsc,2985216,,,512,1161
fil52E34942391596CFA896166F463D02DF,cmpE977DACB33FF7D4118C025628A6C7AA2,iotoqhpf.nrm|echo_en-IE_ex.nrm,971790,,,512,574
fil2C00D473309C16BFE9EFEDFDEEB6690E,cmp5EBC5F0431C8726B9B670AA39708DC37,_lnxmt1d.phm|echo_en-IE_ex.phm,138,,,512,305
fil26DE3F15D2CE835C4B7338098CFAC5E6,cmp40E600E9AF92BCD6471EB34915D7D7A8,2i_c2tis.th|echo_en-IE_ex.th,4,,,512,270
fil76A871C7236DE77A09E01F709A8AC3CB,cmpEC0A53C6AB331D9054BA5A4C13FFBD57,-urjvrhb.amp|echo_en-IE_hq.amp,883928,,,512,808
fil658E77514123ECB0E6974EC0105B1DAC,cmpCBFF2B1611AD4379A5AB32C055D8B49C,pj41zbqz.dsp|echo_en-IE_hq.dsp,169620,,,512,698
fil2494DAC2C8EFF416295B6ABF818E034C,cmp34F55A780AC20126FA6375531BA496C3,lub9i-fl.nrm|echo_en-IE_hq.nrm,971790,,,512,250
fil9402BD68256126C778F9781EB33CDA13,cmp52A70274AECEFBF7477E192799358E38,n7akpctm.phm|echo_en-IE_hq.phm,78,,,512,1004
fil5CE7CE618CA2F5062CD421603FCC4708,cmp6A23DF2FE0FB7BA39D63996749687AFE,cdn96oom.th|echo_en-IE_hq.th,3,,,512,642
fil06C02A1F4DFB98E27A8DB917FBBD1D04,cmp8FD5FDB0649246AFD5A654AACCE88D0C,71j1tfyx.amp|echo_en-IN_ex.amp,2982000,,,512,46
filFB01C247A1BE904C8E9AE7797473EBA6,cmpC575CD538E18D5FC690411B44FA994F2,ggdcuk_9.ehs|echo_en-IN_ex.ehsc,2982332,,,512,1770
fil3C8384DCE5FC99FD0A7A18C4FE6A6F9E,cmp9C7E34C2949CEC9A7488519FD68C57E8,xzh7tmvb.eth|echo_en-IN_ex.eth,3,,,512,415
fil4E8E9E1B87F977C6D32E24CD0344B362,cmpC5200F7526B664F46D819C1E1710FE7F,8ebus5ul.hsc|echo_en-IN_ex.hsc,2982332,,,512,544
fil9B6C43FF118358113D578605D62A2270,cmpF6FC2F7052B6E330DD434AEBC11D4C3D,epzb30jd.nrm|echo_en-IN_ex.nrm,971790,,,512,1060
filC5396AC86B26D312E9442AD9ECB7B4E4,cmpD3DC1DC3A6A5619AF4478971850ACA74,yr3mszqp.phm|echo_en-IN_ex.phm,78,,,512,1379
fil5507F5094C7B99B8135DA5BD274BEB62,cmp618201B77F218866666988C506390DC0,9iiwoi_g.th|echo_en-IN_ex.th,3,,,512,587
fil3B106C13B754B756211F027BD15EC825,cmp512E64794B9EE3743DB33C0096D5CD72,blpd9c_0.amp|echo_en-IN_hq.amp,883928,,,512,408
filB8536E86D3E8E2839E75E4DC6C9DB5AC,cmp97E24B9A0682F5C5510BFE6335E9E68C,rba3jj9q.dsp|echo_en-IN_hq.dsp,169620,,,512,1277
fil045FD461099590B2D1D3D01B7079B70C,cmp9A3B83AC929618B721FD516C8AAEF61A,4nykybbd.nrm|echo_en-IN_hq.nrm,971790,,,512,31
filDACE31D5884D5E0F88864BF713B7E7AA,cmpA5128CB532FDBA8F8E67A147FD84E195,frdlkude.phm|echo_en-IN_hq.phm,78,,,512,1542
fil5CC771169F4B024E62A09159AE76B986,cmp9DB1B1AFE60F8F299AC65A5B2CF630A8,q4mn6jma.th|echo_en-IN_hq.th,3,,,512,640
filE68007B6AD447C0864359D2F4761FCB3,cmp65240006D599195B63A7C75DF8700F49,4kri_ld9.amp|echo_en-NZ_ex.amp,2984824,,,512,1626
fil4BE7753330957A8553CB29DD44486DA4,cmp40192F0F212B6602C34504B6A5F95ECB,tqroiauv.ehs|echo_en-NZ_ex.ehsc,2985216,,,512,531
fil1BAD616DC10543123F9DC55C23F72849,cmp8A6F54BADE85315CEF661FECA669E459,conv6zqt.eth|echo_en-NZ_ex.eth,3,,,512,180
fil0941F46E8435B1B4E78B67658E7BD130,cmp4C31A59CB09A98F34186F8B7406E4B7B,o0ugwd05.hsc|echo_en-NZ_ex.hsc,2985216,,,512,63
fil393ADC39F37681B2BD320FEFD36E12E3,cmp92EA2DF841CD171170EBE8878ADC92F6,bf5hq6ls.nrm|echo_en-NZ_ex.nrm,971790,,,512,395
filCF0D87BA4E013D9F4EC6B4A1CBFFBF09,cmp84B7FFED9B07042862F40F9DC00AEC3C,clumvtbb.phm|echo_en-NZ_ex.phm,138,,,512,1458
fil51E32618341C13C5C583F4B128584306,cmp9076046E6EC25A1AAD7D2FDB013F673F,sr2cahma.th|echo_en-NZ_ex.th,3,,,512,567
fil0B1F0E275B628D4B830F6116DB0D9C56,cmp961A0811F2BCD6E7ACF1BAFC4EF256C9,l6vfiklc.amp|echo_en-NZ_hq.amp,883928,,,512,75
filE48B39C6E51EC6911E875F3C99A360EE,cmp36B80CC22F3BEE470998093136E3CF38,vwtaiqad.dsp|echo_en-NZ_hq.dsp,169620,,,512,1613
fil74F8521B9B4757217AD95DE13679B1C5,cmpCE22BFBE513A605001A3845F0552DCB6,8he4fgub.nrm|echo_en-NZ_hq.nrm,971790,,,512,803
fil879E4290B991CA9F9454DA41087CA93E,cmp14D5FE54EA6C7FBB2E861C675771DBEA,trariqxp.phm|echo_en-NZ_hq.phm,78,,,512,913
filF806B1D8F2B3C3F9AF92C2F8CA6CA8AF,cmp310F445D8F0AA9251D7630102B62401E,3uhmgk8p.th|echo_en-NZ_hq.th,3,,,512,1739
fil5C2FA05C9BC017AF48A86A24C326EABD,cmpE7DB255DB2B729279F47AED3A5091DAC,po4afyk4.amp|echo_en-US_ex.amp,1004384,,,512,636
filA17616165499B15743587802549F0E26,cmp3DF734D4451975F672F3E2102812F7A8,lmtrwtxf.ehs|echo_en-US_ex.ehsc,1004716,,,512,1100
fil163EA69883CE7352D761A05F1ADF9E7A,cmpAFBEA4C9BF55FC1FF20D25FAD616527E,sprs9ebe.eth|echo_en-US_ex.eth,3,,,512,144
fil8BBBC031222D105E294C2894AF5EC694,cmp3EB61D55C1F7FE66B25E81DB2D2D84ED,ltgmvmgj.hsc|echo_en-US_ex.hsc,1004716,,,512,943
fil9B1814A1C35D6C111E7B79B13F0E3FDE,cmp21E358B672C2E202E5351964CA488A46,8sigyccl.nrm|echo_en-US_ex.nrm,971790,,,512,1057
filAC9A463D1C88281BED4D5C2DA5E1B702,cmp82C83A385FD77117BA239E5AE40BEAD1,o8xfctv6.phm|echo_en-US_ex.phm,78,,,512,1196
fil129C83F7469AF03886C04E4CDD18CA28,cmpFEC7C8E4C18BAEA460F18D51C4BE5552,zhk2rw7o.th|echo_en-US_ex.th,4,,,512,122
fil02293283770CD7CD36D040A17B26EE95,cmpD378EDF25021A47AE89C306875FAEBB4,dbytox6h.amp|echo_en-US_hq.amp,863096,,,512,20
filC095FEB4C1C5D9ECD5B35FDA3B213AF2,cmp7197F9478486D5732E06C3EEC65D8DA7,ok4x-qrb.dsp|echo_en-US_hq.dsp,168156,,,512,1343
fil2557FF8E08358130D07F872C95A7A83B,cmpD76F9AAE76B8D60D09D9DA7692EA405B,b9o9lgd6.nrm|echo_en-US_hq.nrm,971790,,,512,260
fil0EDAD39A7A7565DA45FBEFC70C4D0908,cmp0D4567F7131802F04EA5DC0195972CA6,tim_t_ho.phm|echo_en-US_hq.phm,178,,,512,97
fil82F3AFB3B804E6AE3C99964B3E345BD3,cmp3B1BDD3793FD0EEA226C04539FE644CB,ugp_jak5.th|echo_en-US_hq.th,3,,,512,884
fil2C8D081F6408C283E79E77A15E0E9A62,cmpF11E523D16D78C81E32736A0792A0556,w4yqcr4a.amp|echo_es-ES_ex.amp,3521136,,,512,310
fil5E22569A43154B9857BB3038DA1B1C3B,cmp8E30A1768B31F59F3F27566BBF811F20,gedymeae.ehs|echo_es-ES_ex.ehsc,3521468,,,512,647
fil90F36CE1215193010C4E4D527D36F32A,cmp26894FFC1690582F942F711795DB49C6,6o9dk4mm.eth|echo_es-ES_ex.eth,3,,,512,980
fil0529C2CA16705220A49F4FBA51663D95,cmp6C92C69E71281A82DF62D4A16DFBAB25,ymeapbwl.hsc|echo_es-ES_ex.hsc,3521468,,,512,36
filD3E9F5D89A1990802929CC335D0A1451,cmp3DA21DDB9CB1F2E7327B30262C6E70FD,7vr2ylsv.nrm|echo_es-ES_ex.nrm,971790,,,512,1487
filDF61219EA6808F86486F4FA6FC341F4C,cmp7803B3050AA77D117BCAA55E0C0E004E,st6wrtr4.phm|echo_es-ES_ex.phm,78,,,512,1581
fil0F7641ABE63FE045ABC0E920AF7B4188,cmpCF3AEE00B1479A00C712C149FE2E8EB5,f9xwkk_a.th|echo_es-ES_ex.th,1,,,512,102
fil9058FF93C028E4D2ABF5435E10B5EE85,cmpBC26E56941EED79C01AB0F70B974199C,oaqtyn4j.amp|echo_es-ES_hq.amp,935196,,,512,974
fil98B2CAF6B46D84C4D1EA142A3FB3A3CC,cmpE3A0EAB6CCF2B06CDB8AB5FB333F3FF8,mybwuarr.dsp|echo_es-ES_hq.dsp,168252,,,512,1041
filEA3CE4C4F3A0FF1FD8F147CFDBAC93C1,cmpD575E1790BD37B78938D8DD262A45C30,ytn-ceup.nrm|echo_es-ES_hq.nrm,971790,,,512,1647
fil4BC39ABD280AB756ACF3C6A42AF5ACEA,cmpCF1E64D4B39BE077F850674DD81C5092,spmbf3eg.phm|echo_es-ES_hq.phm,78,,,512,527
fil98E1C8D43D0D19BDF65486311003FBC3,cmpC4A9540A3134A57291B12EB863FB9FE5,w-37_ddk.th|echo_es-ES_hq.th,3,,,512,1043
fil786FA3D8A1CF7B98299BAB9E7196C1F4,cmp7F0122A0768AF95D4AE44442138C9917,90pnwxud.amp|echo_es-MX_ex.amp,3521136,,,512,824
filF3941B6351940627CFE55553361753CA,cmp23090C311C25058C439BFE05787CB750,dximqqut.ehs|echo_es-MX_ex.ehsc,3521468,,,512,1716
filA0379F9B2C576AFFD596614EF9DA5A89,cmp2BD6E6F14D8C5966EE4906F52B63D8DC,olezds6g.eth|echo_es-MX_ex.eth,3,,,512,1095
fil2119E810A950122DE159D6286F4A4AA8,cmp914DF341132C42A6E3FDD11DDDFFBB1E,7n5xxmuy.hsc|echo_es-MX_ex.hsc,3521468,,,512,218
fil09E2E50AC9FE507B3F00E4C76E59E822,cmp7E6C4223196454BA0553D26EEB1C59BE,-vxo2z-u.nrm|echo_es-MX_ex.nrm,971790,,,512,69
filEE75CB8DF13244712C9AFDCEA6F20DD4,cmp8902E65B791060F551A1FA0C7FBFDDBB,kbze-gyq.phm|echo_es-MX_ex.phm,78,,,512,1672
filB765A4E392765AAC9E89217CB28025C9,cmpDD56999A87DB0C9916941DC7B71C5667,dofz2r7j.th|echo_es-MX_ex.th,1,,,512,1271
fil22B916989A72118B1E1EBA5E75E0FC63,cmp16E99883B2F4E7461BD70118627BE769,uty4htf8.amp|echo_es-MX_hq.amp,935196,,,512,232
fil15C0CB8F8B0F02002D98AF37A0170182,cmp4B5A5201282D12408AE04F7E885D730A,ed3fogr1.dsp|echo_es-MX_hq.dsp,168252,,,512,140
fil29D6655E0EC72DA3448F6CF3BE257DF1,cmp1B02E6CE57F5F8C59E6B93358E7C51DF,ufxiopwp.nrm|echo_es-MX_hq.nrm,971790,,,512,291
fil65598BC28680184FADA6F0390BAC2A94,cmp5CA7B30AB3D6435226E47060564FDE4C,x8wvqiw1.phm|echo_es-MX_hq.phm,78,,,512,696
fil7DA52F10E7637856B9AB03A826C9DCF2,cmp48D124EB0DC1CA8403893EC7797E0AF5,j_xnb1hr.th|echo_es-MX_hq.th,3,,,512,854
filE00F78562129D2DD96ADD431924DF7FF,cmp1D8F91996EED989FE73170E8E2D441B6,8yfgpvts.amp|echo_fr-CA_ex.amp,9804680,,,512,1585
filA32E0DFAA0A686F248C7A680E632CAB5,cmpAAEDBF77E6C72998DFCEA0892A3040CF,gyym1yvy.ehs|echo_fr-CA_ex.ehsc,9805012,,,512,1112
fil2EBBF3FBD9EE5E36ACB662B1193FC1BC,cmpEE56349D71DE52896C17DD3FADA6A534,ma16mcnh.eth|echo_fr-CA_ex.eth,4,,,512,330
fil15C6FA1362B3C6AE3FE394C64A8B3B35,cmpF440991AEA8AA401A0CF206B0DB1CC49,qj7lqhxn.hsc|echo_fr-CA_ex.hsc,9805012,,,512,141
filBAD7C22E34ACB7911676EEF9B05D1AAE,cmp6F70D54A667F81D9238508BC90547682,u6j2x5u0.nrm|echo_fr-CA_ex.nrm,971790,,,512,1297
filDB897A70E8D5536AABF612FC604BFEC6,cmpB80D42186D64F3EA4EAAC478F28605A9,jbvpgqpb.phm|echo_fr-CA_ex.phm,78,,,512,1546
filD4A2D26058AAB7B62EF5B6188409D502,cmp9091FFADC1F9FAD46E7825E49EA5DF23,tnj56rv2.th|echo_fr-CA_ex.th,3,,,512,1495
fil38CD622E9FD1EA344550A925E1A23D5B,cmpE5782458AF42AE83C68DDA121E4DDC9A,4mnepljk.amp|echo_fr-CA_hq.amp,862168,,,512,391
fil0E537FA711ABFF6F91D615DB5D1D5998,cmpF247F57604E630443A855D950DCED62B,olsdvdzr.dsp|echo_fr-CA_hq.dsp,165644,,,512,93
filE39C2323F9B7BAA80F0EC23C2AAC41AF,cmp59F3C41ACF2CCDD5D7C8CB3E8B26B2F0,gqvilyvz.nrm|echo_fr-CA_hq.nrm,971790,,,512,1608
filB68F4AFC44A51799702858EA7924CB84,cmp357065603695AF560D95F1BE7B64A8A1,hu3in5z_.phm|echo_fr-CA_hq.phm,78,,,512,1265
fil121676BF0F185DFEF3F14BF6C333933D,cmpD12AB8CF4A49A295700CE85F57145F14,-8krm0s6.th|echo_fr-CA_hq.th,3,,,512,119
fil3AB5000609CCF8E5249B4BDFA65BBD5E,cmp6453AD1C51587C8C384EC3A3995DA524,ephexw8h.amp|echo_fr-FR_ex.amp,9804680,,,512,405
fil473017504DD22C40A9C70B02B7BA8F41,cmpA9CBC3F5DF29F66D1F6D5C97DEEB66AC,hudmubts.ehs|echo_fr-FR_ex.ehsc,9805012,,,512,493
filC490FB46B9FA678B7AA7E4CBF74B72BD,cmpBB762CA6F4DA5C2DD8A47DE35BCD3871,frqk93og.eth|echo_fr-FR_ex.eth,3,,,512,1374
filC4F8A3572B11D6D412474A500A4A6936,cmp3E68BDDDF7D1C7FAB7A32B28958A8881,1mrpbnaw.hsc|echo_fr-FR_ex.hsc,9805012,,,512,1376
filB118493AEE2149E0A56201816D0A14AD,cmp53CC1C5BE7A6295B1E564939FBAA1861,bdebff4l.nrm|echo_fr-FR_ex.nrm,971790,,,512,1224
filAB35A4A61439B86135B4222AAB1301AB,cmpAC2D0474019BBFCA7148A7E437989827,crpiswzj.phm|echo_fr-FR_ex.phm,78,,,512,1181
filDD17D898338619F68D76D12636AB4E1C,cmp1D5951FABC15C8427A2DEDC0EC2EDFCA,3stuzcmx.th|echo_fr-FR_ex.th,4,,,512,1563
fil3F68D8757E5494F9E9DB5235AA550245,cmpEC385243BF6746CC2D9ABA43BCDDE2A7,hou6t29q.amp|echo_fr-FR_hq.amp,862168,,,512,432
fil53C9C138B2FB55DDB82EC4D5ACFA6506,cmpD91A0FFACB11DA83EDEBF2B7DA6E8985,fcqckaer.dsp|echo_fr-FR_hq.dsp,165644,,,512,581
filFC860A3DFC349888779F1B622A57BCE0,cmp78E78938AB386C4EA3432A1CA3595F09,crtfodkt.nrm|echo_fr-FR_hq.nrm,971790,,,512,1779
fil13B7215E7B1F0A25094B88E27ECFC771,cmp01F303C2CFC4A62545661DE31827F6B0,p3pzlsgg.phm|echo_fr-FR_hq.phm,78,,,512,130
fil777D1C8A9E5C9B89AB91238EED7776F7,cmp6B9C15C0EA9F2401FB567C76326AC800,jbkw1bcv.th|echo_fr-FR_hq.th,3,,,512,815
filA9AB9449E670DCAED2A3B61207E1C068,cmp0D5C267109A1D38ED28756037205F865,rvvhioil.amp|echo_it-IT_ex.amp,3521136,,,512,1168
fil4A9C6EB0EEA02C6B557CA2784D24A2C7,cmp676096CAA3AAB44244395095FB5FFDD4,epoe7pkl.ehs|echo_it-IT_ex.ehsc,3521468,,,512,520
fil9D6F0B8D429EFE88A6FE4E2BD06D9E61,cmpFE7D054C0836DFD30E5C608C2FBE6210,xo93xlgn.eth|echo_it-IT_ex.eth,4,,,512,1077
filC13F30EE60FF2ED0F61790AB0AB1E744,cmp62F3D66151600BD9934091E2F8C38140,ms8ymxib.hsc|echo_it-IT_ex.hsc,3521468,,,512,1348
fil2A27906D761BF1768BCFBE073192B3F2,cmpDA5277D232889AD9218BB16CAA2C69CB,irzta-xu.nrm|echo_it-IT_ex.nrm,971790,,,512,294
fil5187C14ED57398C0337D7012D76BD0FC,cmp550C9784FE3B24FF0B7A2C30E81AEAF7,inmem4tq.phm|echo_it-IT_ex.phm,78,,,512,564
fil18B72E25F79D06F0D604063ACDAFF63B,cmp4B0C4BBE544660C7490A937965771420,pygbbhnl.th|echo_it-IT_ex.th,3,,,512,158
filA8C29144FB222ED4351E85D3217E1482,cmp8CF527887CE12105BA126A9A3B547AC8,kudceudv.amp|echo_it-IT_hq.amp,879440,,,512,1155
fil95448CEF5CB0F8D562B1AC802420E3EC,cmp6FB6D95F1E57ABFAB6945C679EFC25C4,ujnwbcy4.dsp|echo_it-IT_hq.dsp,167028,,,512,1011
filD486F0A17282BE63CC4EF923F463D658,cmpA73876D28CC30D4CDA409501D79C53FE,lqit6roh.nrm|echo_it-IT_hq.nrm,971790,,,512,1494
fil2793ED16BDDDA0E34E382255BE587D72,cmpE7B66B7DF2BB29A78E4680866771B7A3,l9cfwajq.phm|echo_it-IT_hq.phm,78,,,512,273
fil7D9447D545B8B96C8776ACA10784B71E,cmp93AA36C52C01163DBDA11FA737AA7AA7,oadlhijn.th|echo_it-IT_hq.th,1,,,512,852
filB974CF862F2741FA509175C945C94BF2,cmpB45AB5742EB1090D0BA1CEFB85001655,akdyhfnw.amp|echo_ja-JP_ex.amp,9997252,,,512,1287
filF532866EA3A46057FDC12BC580621DF8,cmp4EFD79771266B60C1B6EFD8D5986AA88,lvwtlnwc.ehs|echo_ja-JP_ex.ehsc,9997584,,,512,1725
fil069786609DC8F71286BB8EEEF4CB7EF3,cmp4E93DE327110262B5E5376C4E0E5A0FF,zogv_egw.eth|echo_ja-JP_ex.eth,3,,,512,45
filCE929C4473785A8F25AFB7C396BAE088,cmpC53CF724C350B698B18CAB298F4AD63C,53yozlth.hsc|echo_ja-JP_ex.hsc,9997584,,,512,1451
filA7A798AAC977FCA9E70A39FBB7CF3187,cmp8212FA097E9384A07CEDABD8043CFACD,htws4w7f.nrm|echo_ja-JP_ex.nrm,971790,,,512,1144
fil819F600E5B8A2BE4C4135D336F61E442,cmpADE3BED789C68FE3131A3552F4FF0CEB,h2det1ee.phm|echo_ja-JP_ex.phm,78,,,512,877
fil65C0E6971C739C59B58ADDFD8704F007,cmp18A4E2D0C19310D8F208301FA135A52B,a4dqxlxm.th|echo_ja-JP_ex.th,3,,,512,699
fil7728EBAB0184DA095984C6533AEE60E1,cmpEF7615AB73200E835C987CFFBC333A5D,qaipqq1s.amp|echo_ja-JP_hq.amp,894564,,,512,812
filB40C875C222AEEFF75FBE0FDAD5F3EA9,cmpBF2E19B2623FC24C784A47002D90A076,lzopwgll.dsp|echo_ja-JP_hq.dsp,166444,,,512,1248
filABCA12225C4B712D0D100FA64EACA00C,cmp74C0644E516603273E292E4113C3108F,twu8zkdn.nrm|echo_ja-JP_hq.nrm,971790,,,512,1185
fil294C86D8AA07A4A80CF8457228374EE6,cmp8D98FE69EB1DC1B4A4E72488688EC7D5,pxokgdyx.phm|echo_ja-JP_hq.phm,78,,,512,288
fil2D4DD401B3BDB6148A18F39DF109CA82,cmp552A1639E908C322EFEABFB192A1A314,pgymiysr.th|echo_ja-JP_hq.th,3,,,512,315
fil12F152D8CA2B38C66880B6578E70C49B,cmpAA29EB96D0095F2CFBE9E929B2B129B6,xdk8dwzu.con|fuj_constraints.conf,38,,,512,125
fil5BF6DFC543983F449FCB6C2F93E9440C,cmp790E3B65989279A80A3EB4DA464EC93D,9rgcjwhe.alc|fuj_ja-JP_ex.alco,16,,,512,632
fil120C5ADC208AAE0C9CF9CCFF3C696312,cmp32C4A69755010AA989F4830399A964C6,43wgttvi.amp|fuj_ja-JP_ex.amp,1665508,,,512,117
fil3334CE84E3F7976C358C2E786F08B278,cmpD367F6FA4B05FB79A8BC1D7D18DB7409,fy0aetuh.ehs|fuj_ja-JP_ex.ehsc,1665852,,,512,356
fil50D70BC57A5A822172782460EFB019D8,cmpA2A0BCA63D591CB9CEB9C10C3D335605,vm8njidb.eth|fuj_ja-JP_ex.eth,3,,,512,558
filE25576C7FCA70F44014E64B50564B0FB,cmpAF50029DF3CF90F841F724FE706C3ECD,pphluo_w.hsc|fuj_ja-JP_ex.hsc,1665852,,,512,1599
fil0DFB842DC81CB7177390C015F7CF2E94,cmpEF584B5F6A5C563046BED5E6D4588500,nocg3wob.nrm|fuj_ja-JP_ex.nrm,971790,,,512,86
fil6B10AD61A7C59632B39DC1CD72A84ACC,cmp80D9A651138ADA9164E71FCF761628DF,tiqbyrr6.phm|fuj_ja-JP_ex.phm,90,,,512,739
fil0B4D0557EA66C7AEB66A67B4E3EAE74B,cmp665396346B30911625EE15C46611500F,tq3a3dsk.th|fuj_ja-JP_ex.th,1,,,512,78
fil73BAF9D14EBA5AD176D06372159BB6AF,cmp65CAD9BACE07C1F0AD0CF2424665A187,aol1os3q.amp|fuj_ja-JP_hq.amp,901844,,,512,794
filBF15201352D49DAB582C3538DA21F460,cmp8C6A33E71E8068BBD51E4F4D9679BC63,y_wzss6p.dsp|fuj_ja-JP_hq.dsp,167628,,,512,1335
filB1603BB2052C2A86CE3800216F4B1285,cmpDD06C03893D2E0D9C6C8F85D4C3B9FC0,smgy1jbv.nrm|fuj_ja-JP_hq.nrm,971790,,,512,1229
filFAB3740972D2E553B73C05AE105FF75B,cmpD6690277F29AAFD4E17D81760DA7A195,1wyou2pi.phm|fuj_ja-JP_hq.phm,90,,,512,1767
fil803FE86F591D8AB26D941B188DF76243,cmp4A321B30AE4C287FF2E487F2F73B8CCB,au4jndi0.th|fuj_ja-JP_hq.th,3,,,512,868
filCC0C93CC1B6989DA4F93ECD03E9B16AE,cmpEB0F42DE002BA66C887181BEA6BA3932,rmjcbrw5.con|heyclova_constraints.conf,38,,,512,1432
fil39127E5A9ADF74A73838FCF274289B6C,cmp0690744B77C4750EA3DBCF06ED9FDC88,doe8nyyj.amp|heyclova_ko-KR_ex.amp,1461912,,,512,394
fil82CC742CEDC21C07BA9BC39C3E3967AD,cmp4BF900CFAB459E2F4AA83183A3FC62A9,j9l_qwyq.ehs|heyclova_ko-KR_ex.ehsc,1462256,,,512,883
fil2DD3A8000B72E0056EBB3C1551F8EAED,cmp98DB76C7546746EA34133ACB3ECDFC64,ivmsp-ky.eth|heyclova_ko-KR_ex.eth,3,,,512,320
fil249968D8A7BA5121E9C9E4AED85A3DC0,cmp72D95EE607B97236580B12EA86145ACB,yvsqtckx.hsc|heyclova_ko-KR_ex.hsc,1462256,,,512,251
filCE9044D83D5CDBAB48FE583115F460BD,cmpC8D409ACAFBD9D7CE9DCBB254CC98914,whezisju.nrm|heyclova_ko-KR_ex.nrm,971790,,,512,1450
fil0079E3272F20739627A9100DA7C686CF,cmp25E596F9F306A43341AFAECD764AF924,7acbmqax.phm|heyclova_ko-KR_ex.phm,90,,,512,6
fil7A1E4CF37DA81AF03EBE52D65924A120,cmpF29C0F3411FB2D37AE2DEF104E928C7C,wubpwisi.th|heyclova_ko-KR_ex.th,3,,,512,832
filA6E036BAB7911BBF9386C0FCDE8259B4,cmp41658AE91CE50946CE6D29F586B0B613,efitrx5t.amp|heyclova_ko-KR_hq.amp,988376,,,512,1137
fil5E6AE7360ABB6D80064D5B361FA8D600,cmpE21679B1B96B5D423894C0BE4C7F91E2,iii-pw6i.dsp|heyclova_ko-KR_hq.dsp,174824,,,512,649
fil69019665C4E9C1F77DEAFC39AC686B4A,cmpDDB11587DC69C3E7BE30061D2FA79317,zb07hqea.nrm|heyclova_ko-KR_hq.nrm,971790,,,512,725
fil4B7DB5434E73ED670F57552D4FCE8775,cmpB360ECC9809BA9F89A2669FF9D366AF6,bmv1-7om.phm|heyclova_ko-KR_hq.phm,84,,,512,524
fil0BFA4DE2FCE8A9A0C9F7C4790D4462EC,cmp6EFAB872066649CDDCD4CD0FC4DB3303,lkf8smzt.th|heyclova_ko-KR_hq.th,3,,,512,81
filA216B01D17804BDC2CE94E222A1A3720,cmpC5FA6D06660AD8918C2730CD572E23F2,xncomgyy.con|hilg_constraints.conf,38,,,512,1105
fil70A1DAFEC262F4665424DD9B628375AF,cmpC9736FFAF5D445636EC622CBF38C57FF,5qtvbr6u.amp|hilg_ko-KR_ex.amp,1461912,,,512,777
fil137775201CF3CA05F94CAA62AC6AC8F1,cmp8AFE4CA7DEB79EB551FC7A7E7D3667B8,5pivap2e.ehs|hilg_ko-KR_ex.ehsc,1462250,,,512,127
filC2BFE53A0555113FB1B885225A39919E,cmpB8486F0CCBF0716E539AC1A5F4411235,swv3mmsy.eth|hilg_ko-KR_ex.eth,1,,,512,1359
filB7EAF71DD46182323FA49B13D859949E,cmp7C2D74B5D6589A6B92A5084FF70E0D55,s8t2uqes.hsc|hilg_ko-KR_ex.hsc,1462250,,,512,1275
fil2D31DECE9159508505E8EBF350F28586,cmp20932A665D43A13C30EAD484A5A87A48,29ic7fon.nrm|hilg_ko-KR_ex.nrm,971790,,,512,314
fil9536104374D54DA95242D6BCDC1B11B8,cmpCA368AAFF215641A3F5EDB990BE35499,uhmauowz.phm|hilg_ko-KR_ex.phm,84,,,512,1009
filF8D6BAD87153BFA3884AEAF5F58A1BBC,cmp197F3DA917A6B8565014757FE75143C8,tkgzrbjf.th|hilg_ko-KR_ex.th,4,,,512,1751
fil41EA136DB08A268214E06CB13F850D5B,cmpF34C76C556B0CDEB80D04840925F2553,i9zbftee.amp|hilg_ko-KR_hq.amp,912624,,,512,452
fil28A017E0A759BDA72B40C1E87CA57DFF,cmp1A9C5558CF7647D18789C8AB5708A199,phpex9ux.dsp|hilg_ko-KR_hq.dsp,174188,,,512,281
filC847CA2887543D0A4DE741815D505D3B,cmp8131ACF59336961D7C2B6D96E4DA8E99,zxp7-t09.nrm|hilg_ko-KR_hq.nrm,971790,,,512,1403
fil48955C600D72F82A7016A0BCB3DECFAB,cmpDE9E0C07CA6333DD27ED60726280ED6F,jsxc3xxi.phm|hilg_ko-KR_hq.phm,84,,,512,507
fil90B843F165D328449F1ACF7265E444F6,cmpEEEC726FAA16F5173804BAF6DD254F22,2iwevv62.th|hilg_ko-KR_hq.th,4,,,512,976
fil4A6D6BBDE88057BE6CE67FC50B098D95,cmp1A4C2B9E85E5595E4D0DA93B5CAEA822,muj8gylk.con|cortana_constraints.conf,38,,,512,518
fil6D1294181724839A2198C0EB256D7A44,cmp9E2D71E8B31392AF2747159A640EB925,6qiriodh.con|IntelHwKws.config,8638,,,512,750
fil11BC393FE60D8FA6082CC433497C97AC,cmp5B30ED1E640A525C2F53A99BC5133CB9,p44ljmlw.dll|IntelHwKws.dll,844856,1.0.0.333,1033,512,115
fil56FB93BCB72A48EB826DFBC9500337C0,cmp81C471FB43FF9B5D49FBD470575D4CAA,iycmzamq.txt|ReleaseNotes.txt,2409,,,512,603
fil45F0102972A1684CBB13A0A011958416,cmpEFECC382D556D59187FC38993A21E0F8,ac2znn5x.amp|cortana_de-DE_ex.amp,9671268,,,512,485
fil74D0A4829826407C923A50F53AAA2193,cmp0C675B6AC5ACEC13270BCC6157233A7E,vztlxtx4.ehs|cortana_de-DE_ex.ehsc,9671618,,,512,801
fil7548FE264D5A50B11D8F9CC8AADF7568,cmp6B85E6658606D0A06B7E3C882114D30F,knnd2sob.eth|cortana_de-DE_ex.eth,4,,,512,807
filACD15CCC303B7AE12F696704C3AC50EF,cmp85418381A4F6C1D7212FCF80F3B9540B,g5ayt_zf.hsc|cortana_de-DE_ex.hsc,9671618,,,512,1198
fil8BA489138A294A0BC9B67E64800675B5,cmp301DBA245CC0820C503EC7B7BB09D511,w6gpapai.nrm|cortana_de-DE_ex.nrm,971790,,,512,941
fil9E295A168447CA204CA8045C91484893,cmpAB462FF702FFECFD88A120CC562DED3E,8flvwnqn.phm|cortana_de-DE_ex.phm,96,,,512,1082
fil1D87BEF774B5A0E9C031070425E87DB8,cmp67EF6CDF77D0118C78C9DF6D3B1A26A1,o5bjyv5o.th|cortana_de-DE_ex.th,3,,,512,194
filA1E008F55E52E8AAB64E3978813984E5,cmp5364AA061C311188AC39D15E30E0ACB8,h3t6olew.amp|cortana_de-DE_hq.amp,883928,,,512,1101
fil269D343F72F4B14A0EC859D1EEA477FC,cmp2377426A8229B2393A2B3A1DD3ACB176,xaki5gds.dsp|cortana_de-DE_hq.dsp,170904,,,512,268
filFBF2C289D091BC2FBEA4B00A8B3C53A3,cmpE167467F730E425E7CE26C486DA0A4B9,s7bmguex.nrm|cortana_de-DE_hq.nrm,971790,,,512,1775
fil4BDCA6D92A6CF0E01935452E45C58A5C,cmpB24FD87D9B1BC1157E225B1B8A49C584,nnhu5vjh.phm|cortana_de-DE_hq.phm,96,,,512,529
fil1CA8A68EE4D70E8FD5301481B4D950C4,cmp66AB3E36CE8E1B0DF33F0C19038E4911,3xqnkqg5.th|cortana_de-DE_hq.th,3,,,512,188
fil23F5C94C2A618B6D8E60FA509494EC04,cmp1D7C91D846248AE021A9E378984BCFE2,nprlbxcb.amp|cortana_en-AU_ex.amp,9671268,,,512,242
filB9335DEE13F2516243FE2F8F640CBDF1,cmpD092A6707765F3FDFE695041A7D88E58,3xazuacy.ehs|cortana_en-AU_ex.ehsc,9671618,,,512,1286
fil1B56EBA53853EBB09FF34D6B58FFAC79,cmp8C965D6972CC94AFC653B31A34A42D7A,qaeet5i3.eth|cortana_en-AU_ex.eth,3,,,512,179
filB9A661B32C7E66D30CF5A5227FBDF83A,cmp719BEAB1AE3BC9C49304566FDEEF9D11,appcive_.hsc|cortana_en-AU_ex.hsc,9671618,,,512,1290
fil28C5864AE6774057A4EA63436C017158,cmp6DD42DD6A03DF59FB331C9BFC9EEDE29,c4apxzpf.nrm|cortana_en-AU_ex.nrm,971790,,,512,283
fil4EF5AEE7BEC3ECFC96BDFCB53B465A5D,cmp285E842296DD3C3E9747E10F0D07BF73,upvcd0nq.phm|cortana_en-AU_ex.phm,96,,,512,548
fil18568DED70304B2F83DC7CED8CF93AC0,cmp227E0AC9469DC4D4428E6E12212B6C79,lbm_hjcc.th|cortana_en-AU_ex.th,4,,,512,155
filC5C8BFB3A3BB1DA2D842F02CDE582D34,cmpCF8719FDA8D7E0D15C8591D37E3FE099,ng1n1plh.amp|cortana_en-AU_hq.amp,907276,,,512,1389
filD76CF3E39B7C14FA72D6DEF7DD5A77F0,cmp526D0629B36E3050DB47261AC1D3422F,0clveeyr.dsp|cortana_en-AU_hq.dsp,172500,,,512,1518
fil3450698A35C6FB6EA20C86210A922C1A,cmp405B26FD04D64E894F785F0DE4001CE8,akdqbdn0.nrm|cortana_en-AU_hq.nrm,971790,,,512,363
fil9DC208ACDBC55CE53B26A7E452712478,cmp256F33C7E1964C96F00BAC8D203D4F3A,m-zscuvp.phm|cortana_en-AU_hq.phm,96,,,512,1080
filF49F6DC98B3302E16F810FBEBC4BB16E,cmp05B909BEA93FAD7C1A63576A587A44F8,9fctshz6.th|cortana_en-AU_hq.th,4,,,512,1723
fil3FCB66B6CA562A24AFBA2D3653824BCC,cmp7F136C4735F2AEEB9FBA0F4C29271BA7,sfonrxh8.amp|cortana_en-CA_ex.amp,9671268,,,512,435
filC707064C6977DD29E89841CD73AC08E5,cmpB7A6B4A7BBDA12FBDD1D2EBEFD724EB9,ji0uwtm1.ehs|cortana_en-CA_ex.ehsc,9671618,,,512,1398
fil91C528C3B7EEADCCA663B24FEF8C6861,cmp4E775E78B4983E661C2E23A578D6F3F1,nemdg3zg.eth|cortana_en-CA_ex.eth,3,,,512,991
fil3BA169CA8CEBCA346A43C8515C4D7677,cmp7FCB3C7DC7523FBD51C2E13836018B77,bhck1oad.hsc|cortana_en-CA_ex.hsc,9671618,,,512,411
filD7B40956BFB10A24133D5A95ABC20938,cmp7A5EF434601D9F04BDE3AB860C8B763D,opou1vwk.nrm|cortana_en-CA_ex.nrm,971790,,,512,1519
fil3E293E62BE88429C32CD989BC7C56FDB,cmp3667C6AB4619A937BC5394015024C6AF,nuq0scow.phm|cortana_en-CA_ex.phm,96,,,512,425
fil77F6B882E47E1A62D780686A84165FBF,cmp15DE6E9A1D5183117100DB219075E0E4,xbrx_4uw.th|cortana_en-CA_ex.th,3,,,512,819
filE6FEF5CB9C7F0D111958813720002D10,cmp5E73B1F2A2877D6AF451D6CBF7395E98,zb9_weza.amp|cortana_en-CA_hq.amp,907276,,,512,1628
fil79BC391B10E73180B7D670E633860680,cmp0924FBB7807C2D7D07F5F36C535E3908,yhvi2mfy.dsp|cortana_en-CA_hq.dsp,172500,,,512,829
fil00BA2AA7BE188CFB6C5BB8B3564F8DD0,cmp6460D9F5EF3450FF36957B23AC364DC9,jr8xmuwy.nrm|cortana_en-CA_hq.nrm,971790,,,512,8
filC5ACB4A6F36E5003676425003EF66339,cmp939808EEB5B1A0B9578E6729AEC5BC42,uxmly680.phm|cortana_en-CA_hq.phm,96,,,512,1387
fil021A19067EF5F036F472512E553C7B20,cmp2B8EE8B14EB1CDBF98F4510395EB4206,anycnksp.th|cortana_en-CA_hq.th,4,,,512,19
fil03A39A9EA18866CDFF17762193241443,cmpD7C82A2212583CB9139EEECD61C6CA50,xqe8pbhf.amp|cortana_en-GB_ex.amp,9671268,,,512,26
filEA0B1B552AA62E3E594DC2FEDF36D08C,cmpBBF853EFAA963EE224891AC722145B4A,udc6gbiq.ehs|cortana_en-GB_ex.ehsc,9671618,,,512,1644
fil03C964D6C827CF5426F2323F09CCDD22,cmp39F8D9DBBE2D26286F112643429AB758,cxqvkq7h.eth|cortana_en-GB_ex.eth,4,,,512,27
filA6F8FB7075C8D8F2F6F68644C4FDD156,cmpABAFE931C433D7EF6E4B18050C23AA52,bk4fv1oz.hsc|cortana_en-GB_ex.hsc,9671618,,,512,1138
filB637BE94A8CF44625984610E952DC724,cmp29FF7575EF13D785C50768163C2836D0,t4ja33wv.nrm|cortana_en-GB_ex.nrm,971790,,,512,1261
fil4CCA29E93EBE34078D051E142807E219,cmp52036DAC1D840C0F0EE6603A24E92D5C,x9hg1epn.phm|cortana_en-GB_ex.phm,96,,,512,533
filDC4442A60EFF1C5FDD4213053954F541,cmpE098AEDF153BA43E422ACC75389D789B,ftjjux-z.th|cortana_en-GB_ex.th,3,,,512,1556
filF0E0DE2A1997F08A82B59D4394A6D854,cmp265D71C8E3185DABF97246BBBDAB178C,-lesmch5.amp|cortana_en-GB_hq.amp,883928,,,512,1693
fil9B211B67355EF4355791A3E093961BC8,cmpB5BABB690F6C61A9954DFF155F1755AF,5d9kn37k.dsp|cortana_en-GB_hq.dsp,170904,,,512,1058
fil47B86A01097EACA76855C51E194D3AA1,cmpADCCEB2BF568A9EC6AFF547E1F003BDB,cvq38vf6.nrm|cortana_en-GB_hq.nrm,971790,,,512,498
filD216FD2FD917CAC3837BB31AA2DBB190,cmpC1D5B9C069B5820AD8989BA07117EF13,3g3yifko.phm|cortana_en-GB_hq.phm,96,,,512,1474
fil36A17431814F6B7F2805FC6F6C0E5E41,cmpAE9A4A1646FE75D2A7F33A465943BD01,aqjqx4da.th|cortana_en-GB_hq.th,3,,,512,380
filCC2CF69030F04E5D438C0DD50946024D,cmp6DB1DA95E3653EA60CDBE89CF9CBEB56,t-onxb1y.amp|cortana_en-IN_ex.amp,9671268,,,512,1434
fil51AC0FAC20F2C834687455E4F537DC4B,cmp3E8B796000B2F7C5254F16BED2CFDCE3,enfgh6kb.ehs|cortana_en-IN_ex.ehsc,9671618,,,512,566
filA8037C7147DD4B75A479AE1D9A7B9AA1,cmpE7DEB9C0B1EED683F546774DA596E048,ide6s5qe.eth|cortana_en-IN_ex.eth,4,,,512,1148
fil0B1F7D1D4EF50CA487167A4A6D70075C,cmp2A8FD3C1513986446781325C48EC1B4C,7tgwa51s.hsc|cortana_en-IN_ex.hsc,9671618,,,512,76
fil708074B22539450B402D13108546C2EB,cmpCBFE8EB2C2F12BE276CB17570DBAFDBA,gt-whnsi.nrm|cortana_en-IN_ex.nrm,971790,,,512,774
fil5F366BCC83964572C72C28BF9B4E5AE1,cmpB86915A0D06E094A895B2978027F8E99,iejsqivm.phm|cortana_en-IN_ex.phm,96,,,512,653
fil10AE490242D83A7D83FF0EE02EEA7B88,cmp62A4F606D09AD11DC5243CFBA2E99FE3,u9j-xauk.th|cortana_en-IN_ex.th,3,,,512,107
fil9BE543F12BFCEAABB6C5D707B3D4F2D7,cmpBF1F13B9BED066FF01ADE2BCF36640FB,yt3hka3a.amp|cortana_en-IN_hq.amp,907276,,,512,1067
fil1DB5AE263D7A4F2493A6E66275928AA8,cmpFD218911521ADCB6E39DE0D9B0895E8F,kvz-hnhf.dsp|cortana_en-IN_hq.dsp,172500,,,512,196
filE547687CA9544D91C1FA58DF38AE32D1,cmp6B04462BD0F5C05608667D0B73594E49,ui0gaqsv.nrm|cortana_en-IN_hq.nrm,971790,,,512,1617
filCD7CA66ECB345C6000508CA6C2DC5314,cmp674A76D508AFC65759CC5E0E6CFC4C79,ddyt9mgz.phm|cortana_en-IN_hq.phm,96,,,512,1443
fil198FCAECCFC204E96919002259E592CF,cmp513FE9230E93DFB9D896712F5B15CD0B,smywvqcj.th|cortana_en-IN_hq.th,4,,,512,165
fil944E1E70EA24CB0B06909FBCA2077555,cmpF4E2CCE07C63E5B5E1B98CAE1F616D41,rpb-ddru.amp|cortana_en-US_ex.amp,9671268,,,512,1005
fil11031BCF80FA1BD91BF7C4FE3FA9062D,cmpA8195BE0CB54AF05E19D94E16F56A1F4,wb0ozfjh.ehs|cortana_en-US_ex.ehsc,9671618,,,512,108
fil568C2BB3145B345FC4D13AF48EE6CFD5,cmpE53E0A272B6BC9FAFF3A10B44176D2F8,j0fkpopp.eth|cortana_en-US_ex.eth,3,,,512,598
filA9388D2080263CF3E06C238AD6C793A1,cmpB8F497C39186D6654A852985B385D631,whxjstug.hsc|cortana_en-US_ex.hsc,9671618,,,512,1160
filA0FC9554D0E133CC3F7B810DB5FFF343,cmp84326408AE6244109CD7EAFB649901F0,d4k-ws0t.nrm|cortana_en-US_ex.nrm,971790,,,512,1097
fil962BA29D5C7DBC61ECFB3E4BE03A6F93,cmp153E1C269455DE01676D7296BC39BA80,t5hoto29.phm|cortana_en-US_ex.phm,96,,,512,1018
fil113A90BBAC0C5F32A5262CD29D48A3BF,cmp069588C390BC06A21D9AD15292F515B8,cqq_r3fe.th|cortana_en-US_ex.th,3,,,512,111
fil5C2F193A8C2DB51F79310A24114C4D73,cmp65BC78314E8534254941ED635E12B9CA,qqpk-27w.amp|cortana_en-US_hq.amp,907276,,,512,635
fil91BA3D1350B61DC8E98B6BD0BD2742EA,cmpD42D09A58520E661E6D71D1F4BAF8750,vgfpwjjp.dsp|cortana_en-US_hq.dsp,172500,,,512,990
fil1C703A01FBFDAAB5386DA3CB44210D38,cmp14E77C2C2579FA06623B41E35A5297A7,tz4endnh.nrm|cortana_en-US_hq.nrm,971790,,,512,186
fil466459DC637B3B54BDAD0348F9C19B99,cmp9E83B40242235D565AAA34DCCEB9A215,1qfv5lpv.phm|cortana_en-US_hq.phm,96,,,512,490
filB644A86B066D063E24AA386FDF0F0822,cmp2487D29E669C530913EE313548E94787,gqncccat.th|cortana_en-US_hq.th,4,,,512,1263
filACB542E6BA1B54B8F8929711E59C76CF,cmp2E374BF32476D3342B3B3EE57FEAD962,x2y3ad5l.amp|cortana_es-ES_ex.amp,935196,,,512,1197
fil43A02C205CED07FBF0504FBB4D5E6344,cmp88C81AC62198B802E74ECD614296B359,yk4sjjyc.ehs|cortana_es-ES_ex.ehsc,935552,,,512,474
fil1FC48B0DF8D3E2775B9F0381D0B89383,cmpA24908E580470455BFAB8AFA32F7F886,jkvsbphk.eth|cortana_es-ES_ex.eth,3,,,512,210
filAA4F1B41A941639DD5B361F67699B250,cmp8F1FBDE0711DDCC4B90C843E1E37F9A8,ln0j-hq5.hsc|cortana_es-ES_ex.hsc,935552,,,512,1175
filE25B8DAC2D331509C89FE675629104C9,cmp3A29BAE8054B2290AAD5148547E08BD4,0j4aznrv.nrm|cortana_es-ES_ex.nrm,971790,,,512,1600
fil16574B159B1B3E110671C7DC3FD47525,cmp5EA10E1A2AA39192B295E06D590C4A82,lq5i2jhr.phm|cortana_es-ES_ex.phm,102,,,512,146
fil045835A8914EE1304A65C7378194D7D5,cmp46BCA9622ABC6E0C0A760AAF6E1D42CD,fpks0ryj.th|cortana_es-ES_ex.th,4,,,512,30
filA32F65B05C63954D1A635F90D727FD11,cmp39FEC122B799DFB2601A5EDDFFEC6724,cbibo2qb.amp|cortana_es-ES_hq.amp,935196,,,512,1113
fil3A7E94405ADA878E7233225D863E3B7A,cmp3D804DB498DDA477104BAAC3B7523A39,jz8fmfgs.dsp|cortana_es-ES_hq.dsp,170480,,,512,404
filA1F199566A9E6CA8B1FA51106F7C07EE,cmp6005B075B7C28E3F661DF05E6D6179AA,bvx1wsan.nrm|cortana_es-ES_hq.nrm,971790,,,512,1103
fil6886E53867CB65EB2A10C9DBF03E6978,cmpB01820E58A4C9F06AEB73D6D5D355BA3,z01hu24w.phm|cortana_es-ES_hq.phm,102,,,512,721
filC4AA9D5B71B293C164A13A697150F62F,cmp9E474EE7647C81920B868CBB5191C400,77sxqy3b.th|cortana_es-ES_hq.th,3,,,512,1375
fil7F4EA4CA1E6EDBF6DC10F5B8BEF7D142,cmp72A571AC917AC757E5C8C29FC62B5922,y7qec4vm.amp|cortana_es-MX_ex.amp,935196,,,512,859
fil8CA7DCBCF4091DD03CE45ADFEBD75673,cmp47CBA7166D18E575BD5FA3E952791112,emdxyya0.ehs|cortana_es-MX_ex.ehsc,935552,,,512,952
fil92569392D9D168B3E373FF983BF430F9,cmpA76FB2122FAAB553D92316B59A221898,bgbdtkgl.eth|cortana_es-MX_ex.eth,4,,,512,995
fil751F3AAD0419F2792E55098015DAA795,cmp9ED4C8AD6CA33D37B005BFABEA107AFF,06rhbt_t.hsc|cortana_es-MX_ex.hsc,935552,,,512,804
filBF91B04352B13298D706104F98AE6C7B,cmp223A765AF63B0D4322D7D5FCE6B23FB2,1tffenbs.nrm|cortana_es-MX_ex.nrm,971790,,,512,1338
filF09627D4F5A60A9E0DC4AA6F13062FA4,cmp2FD95E67892F99DD44482886B407F571,wfo-o95r.phm|cortana_es-MX_ex.phm,102,,,512,1691
filFD00693796ACB1B1CF7C2437DB4BC5D8,cmp22023871DBF0F303BA1A6F4D3C3D614C,nrtlx6nr.th|cortana_es-MX_ex.th,4,,,512,1780
fil2D7512DC20A6B535B3BD8445260DEDEC,cmp2F5BD3971E09F572FECA494EA493F2E4,yurlo-uy.amp|cortana_es-MX_hq.amp,935196,,,512,316
filC17CEA31D82144A1C870964625B63D48,cmpF39A8D2396FAFB863002628335774896,g1xbrhcs.dsp|cortana_es-MX_hq.dsp,170480,,,512,1349
filC8C53CC397013023AC92A5B94E3B8ECF,cmp7BD01BE6F52E5AC2B9D78A3A2AA5575F,f2dk4qpu.nrm|cortana_es-MX_hq.nrm,971790,,,512,1405
filED509394D5EC5591EA98D16E41B3F47D,cmp6F74B75B69A5718E84BC55C3F7691BFF,1hgptrwu.phm|cortana_es-MX_hq.phm,102,,,512,1664
fil8508E5D90F1B4B7D0084DED724D6AB6E,cmp61B7D72884C9D55D0D80F6202134B814,vuqyj2kh.th|cortana_es-MX_hq.th,3,,,512,900
filA4FE3EF8EC3B77D0B1AE90E36AA0E378,cmpF0E6AB8A70C30FD97A68BED30D49B79B,a9fmoqbj.amp|cortana_fr-CA_ex.amp,862168,,,512,1126
filDBA6D3A31C6C8E61FF85480C71D368A3,cmpEEE06C783D544634E8764096CAC4D98D,wszznrau.ehs|cortana_fr-CA_ex.ehsc,862518,,,512,1547
filBDA3DAF73E3D9FA9CA45A88C13C11DFF,cmpD58A65757BA439428AA87D488F32A059,ihohujhz.eth|cortana_fr-CA_ex.eth,3,,,512,1321
filAD6651A35021E1AB34D56E2CEBBD5DA0,cmp42159235979E73F0D561B33EDC15AB3E,lor1gf1c.hsc|cortana_fr-CA_ex.hsc,862518,,,512,1203
filBDFCB90D4C21177C5298ED36FD6B5853,cmpED119335ECD6645D4CFC7910A85DBCEF,nxaqkhk8.nrm|cortana_fr-CA_ex.nrm,971790,,,512,1323
filC1235E9A6064BAE4057BBEA7E13D894B,cmpA3F8BC7A4A86439966166CE9263DFDE7,el5hskur.phm|cortana_fr-CA_ex.phm,96,,,512,1345
fil1B22BACC1635CCF9D19F5C5CCCB2FC03,cmp25677F9C25122FF7F20AA80DCE9656C2,pyl9yocl.th|cortana_fr-CA_ex.th,3,,,512,178
fil0D219C1581B8B2C4C7A489B78A6F5572,cmp6ECEC9331626D867B6141266BE1E5451,-iehrago.amp|cortana_fr-CA_hq.amp,862168,,,512,85
fil9A954273EBFF8E1B474B921EC1A11342,cmp75612AC6167196F11E1B701E1E176609,pcmbv241.dsp|cortana_fr-CA_hq.dsp,167308,,,512,1055
fil38869E50B16D5645B78145CF26BC7B3F,cmp11CB8F45D3C1111A6D06E7F496AA84DE,wk2z6qro.nrm|cortana_fr-CA_hq.nrm,971790,,,512,388
fil1FE80454ABB83D62BFC34E985B305934,cmpB5F7C30FB2D7D5E0D039330CFD2E552F,7fzllpdo.phm|cortana_fr-CA_hq.phm,96,,,512,212
fil6CC8ADBE1BB3A3CBEBBE32238D6DB3F8,cmpD8BCF7A8657E5BA639BFDB6D8994C22F,_mzvvj9l.th|cortana_fr-CA_hq.th,3,,,512,748
filC3E61ED50DE715847929E1A23FD4FADB,cmp763CCE5B6ECEE54D04D75E7AD48C5EB7,pbjkvqjs.amp|cortana_fr-FR_ex.amp,862168,,,512,1368
fil5FF1FDA694014445A2C1052B0293A497,cmp8BA40ED05FF8917844F26AE1AC9534FA,m4gqxq8t.ehs|cortana_fr-FR_ex.ehsc,862518,,,512,656
fil4DE9B2BCEFB2E2807110D6F86516BCE4,cmpCF18EB132F81F07B451FFC2E6D52F5D7,k3nfuhav.eth|cortana_fr-FR_ex.eth,4,,,512,540
fil50CA382CF3803A5297486DE14425FCDE,cmpDC3B3F585BA1EC662C5D2118B75F509F,vckugok0.hsc|cortana_fr-FR_ex.hsc,862518,,,512,557
filC413855AAE9A9585DDCF70952407F121,cmpAAD3A9DB68F414AA16310AB43E0A2D44,srepzmz9.nrm|cortana_fr-FR_ex.nrm,971790,,,512,1370
fil699CD332E7178C36298243433EF487CF,cmp33010B9403816B70AF07EE089F243DE5,s3zrj5gx.phm|cortana_fr-FR_ex.phm,96,,,512,729
fil52157BCD89521620F83C507B910A435E,cmpF04605E9734845E96432205B79E52463,1q8ql4kv.th|cortana_fr-FR_ex.th,4,,,512,570
fil219E02AF46A43310D061011AE98BCBC9,cmpFE09E90544DD24557BECAF40BAD96511,2stpzka6.amp|cortana_fr-FR_hq.amp,862168,,,512,224
fil139EF93217A1D4B27B900FC5A7C09E96,cmpD5E79B6ECB9266C6F3F6956DC20D7CF8,3h-j-xb4.dsp|cortana_fr-FR_hq.dsp,167308,,,512,129
fil611C80F56FA06A756FCE48F6E771F801,cmpD0A986BA641EBBA373A8E125295AF0D1,btgvxlrq.nrm|cortana_fr-FR_hq.nrm,971790,,,512,667
fil34A84CB151702A8057246CB04E0D02AC,cmp258EA6B28C64B07A20561C24CC55FE2F,fu_qud2y.phm|cortana_fr-FR_hq.phm,96,,,512,366
fil141FDE840D27105236B9758ACFEE9889,cmpE9E9B6B302C252DE6DE4F3238D3D5A81,kixhuqeq.th|cortana_fr-FR_hq.th,3,,,512,132
fil31ED6F50516DB66667455ED402B53D94,cmp1A5171C8E97A4878BE547D18FC46FB31,a75ftzra.amp|cortana_it-IT_ex.amp,879440,,,512,346
filF5D9EB497A6324D0CA4FA7232133C044,cmpBE6526AD65F85D69D4CE7B80D2C5C7B3,ieovffgu.ehs|cortana_it-IT_ex.ehsc,879790,,,512,1731
filD4FD6E198BBABED5D98030875952F76D,cmp153626B90D7BC4776303001488808C8F,adlxgqqn.eth|cortana_it-IT_ex.eth,4,,,512,1499
fil42BD02C35C1159D509275F487A65FA76,cmpF7C1CF0FA0B3417A905CF3E01A662E2A,f7xc79zm.hsc|cortana_it-IT_ex.hsc,879790,,,512,461
fil6252F65FF637F2B59C4758BF1CEF223D,cmp17412A2FE9535978724A699057BB3B45,4eeohbpd.nrm|cortana_it-IT_ex.nrm,971790,,,512,677
fil8DC28AF1747289FC97971234BF9198DC,cmp14A377AF83521F1DADF5141221CB29DB,kjjadxfz.phm|cortana_it-IT_ex.phm,96,,,512,961
fil6ACE6AA9A5FCBCC687EE245CD3CEBC1C,cmp20BCFAE842E362DC898BD7D31BA26D9F,ehalz4ml.th|cortana_it-IT_ex.th,3,,,512,737
fil55894D631FDEB3C67F122421588BE33B,cmpB48FD749E4A360AE4EAAB18D69A37509,qx0qpgrm.amp|cortana_it-IT_hq.amp,879440,,,512,593
fil6088713367E7C0F67B41A0366CC92D02,cmpB44384BD0925D4DD6CC613287CB6B1F1,ijjmnvko.dsp|cortana_it-IT_hq.dsp,169372,,,512,659
fil50DD8E5BB991B498FE294A60ED8D0104,cmpB3F68744193D97DC93EEF1BB1F9B0734,bqukp2dq.nrm|cortana_it-IT_hq.nrm,971790,,,512,559
fil229EC73B32B810067B0E41B344D9A826,cmp9C79B332531723DD9BC3BA8B50D402C0,l6sipuzq.phm|cortana_it-IT_hq.phm,96,,,512,230
fil5EDBD300FA255EC78541797F161280C2,cmpE85D0AEF69F733BFA540ED46A15CC3F5,qkvxjm3g.th|cortana_it-IT_hq.th,4,,,512,651
filD8C545D9D899435C3EB5901B5F5A2AEE,cmpD8330511A80F7191C629B51C7B6730DC,occaatuk.amp|cortana_ja-JP_ex.amp,894564,,,512,1527
fil9332A29FB6B859694296063FCAC51576,cmp4F4730C070CF6AAFCCC86B03F86BBA63,xaicpd07.ehs|cortana_ja-JP_ex.ehsc,894926,,,512,1000
fil283A86E6A0878CA974C25B881C008C79,cmp2872B31C662934BC6DD2AFF7F168EF9A,jzstj8f5.eth|cortana_ja-JP_ex.eth,4,,,512,279
filF23A49FD019760A4470C065A6C077EAF,cmpCABB6059B5BA3245700055BE4F832FE0,o9mggaq4.hsc|cortana_ja-JP_ex.hsc,894926,,,512,1702
filD881C248E23011460EE51B6AF34D1856,cmpADDBD176C6FD350F96F72F2615345A31,j9c-dak8.nrm|cortana_ja-JP_ex.nrm,971790,,,512,1525
filEF0F288513204F6B91963C20988EACD2,cmp695983AE1E4E86116357152A2C19D9E8,t7nhhpgq.phm|cortana_ja-JP_ex.phm,108,,,512,1677
filD7FAA13C84208A95AB3CE0CD22CDCA0F,cmpCBF76E9205E26333199442B1138C665C,pcgrgnqn.th|cortana_ja-JP_ex.th,3,,,512,1522
filF13726955899BE15BD54AFE39A8AE412,cmp1E9FCBCB8EF3B0B41A2D360B166CE40A,k2xnpftj.amp|cortana_ja-JP_hq.amp,894564,,,512,1696
filD3A7A0ECF52B2EECCEEDFB723BE41F06,cmpAEBCF5040B8906036EF181378F957D19,up_eo3wz.dsp|cortana_ja-JP_hq.dsp,169276,,,512,1483
fil997F9E6978E180B678C256BCE5790942,cmp52C4D26738C9C10851C0CF2D3ED0B316,cq7bfdu7.nrm|cortana_ja-JP_hq.nrm,971790,,,512,1046
fil91150125FA0E9B48F2D47504DE75DE6F,cmpD243366380638F45F4D09E3ABD516D1F,8gzpyag-.phm|cortana_ja-JP_hq.phm,108,,,512,983
filC74F626D347CED188F6128A4042B94B0,cmp8B866D710BF275B7B0E764EAB1C074FA,kgvg4gbj.th|cortana_ja-JP_hq.th,3,,,512,1399
fil8E5596B56A0261EAB683CF5057CAE2B3,cmp384F2BDCFF41B7A9DF9FC56484D6568C,fq_xcrlk.amp|cortana_pt-BR_ex.amp,879440,,,512,965
fil62B0F55265DF1F9C96F566758C938E23,cmp657278128EE71FB7B30A1025F5A7EBC3,ngnwgwt3.ehs|cortana_pt-BR_ex.ehsc,879790,,,512,683
fil128D238459BC52E1F64935984E73A4C7,cmp13AF271BAB4E58FA32D1CD777BEAAABE,vw7yyray.eth|cortana_pt-BR_ex.eth,3,,,512,121
fil71DAFC86A1DA33002347707B3634417D,cmp9DF57F808D80E8F0BB7CE1BBAFD322AB,xhhthlxg.hsc|cortana_pt-BR_ex.hsc,879790,,,512,784
fil4BE17187DE3622F6E6449B4CF43C7442,cmpC0241E20D04D354F57843460745AC3CD,z5czob7y.nrm|cortana_pt-BR_ex.nrm,971790,,,512,530
fil1AC97CAD411319503A0AD9ACD22A4006,cmp3A3EA9716EECBA8C7202761CCDFC01E9,h1f-z2aq.phm|cortana_pt-BR_ex.phm,96,,,512,175
fil3F91BCB94A804A729CE6BDE04268AE2A,cmp94A7B2EF375263852E15C722DA3A2564,_bwye3cc.th|cortana_pt-BR_ex.th,3,,,512,434
filB89F5EAFD7A43B11C1FCB7FF06B8BECA,cmpE018BA443D52E80C33D837F796653F3F,xyj_tgfu.amp|cortana_pt-BR_hq.amp,879440,,,512,1282
filB52BE9AA4CA37E299422099562D67277,cmpEA5E27F0BD55061D894980521E253224,mfjqjeil.dsp|cortana_pt-BR_hq.dsp,169372,,,512,1255
filB6C9087DDBD5989EBBF6A1A7A2581297,cmp50DD0E634FA7E28A7A89177A41D14BF5,fo3xtr9i.nrm|cortana_pt-BR_hq.nrm,971790,,,512,1266
fil6D787FDF099454D834CAB4792CEEB738,cmp61B53862CACE7D77BEBA8BE974AA590B,e3tf2f6s.phm|cortana_pt-BR_hq.phm,96,,,512,754
filC6FB0E464266B9DDDBB20D9364B740E3,cmp761F375E3FEC10665F6BA23D08E0DFB1,l9dfked-.th|cortana_pt-BR_hq.th,3,,,512,1397
filBE4B4EA1E53E66C7568F0C7D258882A7,cmpD023466B95FE011C8CE1FB91CB27A5AF,m9acpoux.amp|cortana_zh-CN_ex.amp,874392,,,512,1326
filBD8A42DC04BD3E7905F287458385508C,cmp9C4EA05DA627BE2874528A53E8378296,1hrtou_u.ehs|cortana_zh-CN_ex.ehsc,874742,,,512,1319
fil980C4CD58973823987DFCC3171C3A2B2,cmp502FEFD0DE6528FD3C470BEDEFC95726,og7k6bvz.eth|cortana_zh-CN_ex.eth,3,,,512,1039
fil21518EDB545B105742D865B22D4AAF7F,cmpAC0A68E9184E16D94F1BAACFD90FBFB2,wpa5aqkk.hsc|cortana_zh-CN_ex.hsc,874742,,,512,219
filC97E658A49972F2609F86D3323E9E720,cmp7F407E4A6592D43D33D66717921761A7,tmupqg6w.nrm|cortana_zh-CN_ex.nrm,971790,,,512,1408
filE8C9862F905AB2F358822750BA0F0C51,cmpD72B095D866AC0B70250146FB533DE1E,tarlutjl.phm|cortana_zh-CN_ex.phm,96,,,512,1639
filB1A5FEC190FA530C42739CAB96D2CCDD,cmpD05273CB1D66E103990F769E17B45AD8,uyeil53z.th|cortana_zh-CN_ex.th,3,,,512,1231
fil008AF121968A0DDFD548A48B0DCB9A37,cmp493ECA4F3489C3BAFDE8679DB4E7E314,pghjsj7p.amp|cortana_zh-CN_hq.amp,874392,,,512,7
fil58B563B1E07544BB62953266919A97AE,cmp10DB331545D2E193EF02B0468DD5A5D0,cmbnllqi.dsp|cortana_zh-CN_hq.dsp,169760,,,512,611
filD2AEB93027F334C78398A56C7BD4D9AD,cmp162E1C405BFA1F876F6998587EA895C8,u4hzcr_n.nrm|cortana_zh-CN_hq.nrm,971790,,,512,1479
filB3D980DABC28BB6B19034657D4DA4927,cmpC52F9B3069CC213D6865C07481EC4E6B,rvofbxal.phm|cortana_zh-CN_hq.phm,96,,,512,1247
fil2AE0038EB037ECEA005CEE4EADE132FA,cmp8B4245DCB553FFCF104F6EEE2044F444,eiyjbexa.th|cortana_zh-CN_hq.th,3,,,512,298
fil8D31850FDFA7EADA67F1076B3BA27519,cmp20069FEB1ACA1582B34179D9DE10AEF9,i_us61wt.con|leno2_constraints.conf,38,,,512,957
fil22DD69CCFB5344B36669E0C54C04EEC4,cmpD890C1FB367F2115FFF2A132CB65AB9C,yojzpog9.alc|leno2_zh-CN_ex.alco,16,,,512,234
fil6E4572456A5B47B3F0C91F6D01F461A2,cmp1E1139FB16ACFA421787DB4FC7C64627,lh16kmps.amp|leno2_zh-CN_ex.amp,1588932,,,512,758
filCA08FED67D770F879C84F79E534CC03F,cmp746011F9498ABF01114B2D69C393D33A,1wnmt1a-.ehs|leno2_zh-CN_ex.ehsc,1589288,,,512,1410
filDF670880B197DD57A15A349787C244EB,cmpF0157DC0BFDB98E0B0CF031F69346C09,nriluoko.eth|leno2_zh-CN_ex.eth,4,,,512,1583
filABAF7BF6E3B64F300FE019163EE9E796,cmp92A3146B608E8859898D628F1198139F,-v92gazw.hsc|leno2_zh-CN_ex.hsc,1589288,,,512,1184
fil35644002DD032A30BA6D7738A3D5782A,cmp08E82C0EEB84834BC4FE695D4812033B,clnn8oyi.nrm|leno2_zh-CN_ex.nrm,971790,,,512,376
fil37C828752B51D088D28507C21A75D168,cmpF1AC314C67F3A93D7F1B5A4235386F8F,af1bizkq.phm|leno2_zh-CN_ex.phm,102,,,512,383
filFFE97A433DD4B8765AC7B82DC5907284,cmp6AC64AA38D2E87F350206B2E94B6EC11,xr40efb_.th|leno2_zh-CN_ex.th,3,,,512,1801
fil07E1A401D98C58ABF3734333B6B4EECD,cmp2F993FF6A308F218B67B9233EC3DB270,ckbygwxh.amp|leno2_zh-CN_hq.amp,853240,,,512,50
filC570C13C8FE891C1ED92430430D74343,cmp441F07CA9C4BFBD04A3A646E1A6F623F,ydsggvkc.dsp|leno2_zh-CN_hq.dsp,172100,,,512,1383
fil2F29E89A85E168A1C35EAF44BE61D08D,cmpE83A41D9363B1F2C64087560E1989A3E,hckdpqwt.nrm|leno2_zh-CN_hq.nrm,971790,,,512,333
fil12EDC1D4DD121101C6E570C9D00B8B5C,cmp68D4A3C4DF2A5721EF983055E74DCCE1,hvf2vys4.phm|leno2_zh-CN_hq.phm,102,,,512,124
filE14764B1004ADC9062505F3521D5258C,cmpAB41F4199AFC7199D5116C4F5F89CCB3,l6wywrnm.th|leno2_zh-CN_hq.th,3,,,512,1593
fil42E3BA12BE00E95B97BEE0D1E9F1BCC7,cmpD45B3D907E763019F3B50A453F391667,3jwjvszo.dll|IntelWovSDK.dll,878120,1.14.647.10,1033,512,462
filC0EEEE33C990D5413941D04446E437FF,cmp6117A1165F51BAF01201B8BDD2101D32,ni2wmvla.dll|MultiChannelWoV.dll,1705512,1.14.647.10,1033,512,1344
fil0DFEB857A12AFF19D9B4425066A87705,cmp64278E88402ECC05B443A0611EC9C39A,oylwoqqk.dll|MultichannelWoVCfg.dll,498736,1.14.647.10,1033,512,87
filA415ECA44D3F2C5A02A7D25DE249CDDF,cmpE2D54D6B44F6E1B9A7641EAC1936C7C0,ubm.bin,54292,,,512,1123
fil84DD0683F0142D27000103FE28B8B263,cmp66CB3C0EC5BFFED67545465E60684277,ys-f1pda.con|tencent_constraints.conf,38,,,512,898
filE12525B24E6E984D122793AAF81C97B3,cmp3DEBDA9B4134C57FB98A4E121AEA7FAA,9z1ovcol.amp|tencent_zh-CN_ex.amp,2999064,,,512,1591
filBE76B3802EB8755BD5CF63286A0A4133,cmpEBDA120CF51F6D811EC3E47A34117A31,om55jobu.ehs|tencent_zh-CN_ex.ehsc,2999420,,,512,1330
fil9177B7467C883ACA153177F9C7129423,cmp52450B8D75D8484F89818C426088D8BA,reofia8l.eth|tencent_zh-CN_ex.eth,3,,,512,988
fil9E24047C65BA08B7979D4140D3B93F16,cmpBCB0D5EE169E69D7FE52A1C7FD3F477D,kmfnkuxi.hsc|tencent_zh-CN_ex.hsc,2999420,,,512,1081
filF84934A1E64CA8309B4748AF49F38008,cmp6D7C9E0DA88AF2D55946F1DDF134016F,xr7qw_a8.nrm|tencent_zh-CN_ex.nrm,971790,,,512,1743
filB593CCC1D8914BE9EA9E287CF9303CAE,cmp80AEA889C87A9773451C82E30B368C07,wszngn3n.phm|tencent_zh-CN_ex.phm,102,,,512,1258
fil403A620798BFB7A0609E173E42CF9401,cmpC0F03B22652DE682F8076DD83EB7E048,dmgrcrff.th|tencent_zh-CN_ex.th,3,,,512,437
fil1FDA928BF1560A963202A5F770800531,cmpA202DE50C708D013736CA5DB1502C6CD,_62bpzzn.amp|tencent_zh-CN_hq.amp,874768,,,512,211
fil19AE4FD32472DC5E5EFD337777EE29EE,cmp28F2487861E64E46A70BAC2E7CE4748C,3zjslpe9.dsp|tencent_zh-CN_hq.dsp,169552,,,512,167
fil4F0C454C5D843B7500FD6A36A324C84F,cmpC403965128219546948692C4246009A9,yhc1fzj6.nrm|tencent_zh-CN_hq.nrm,971790,,,512,550
filFC5FE7C5D8177FF2F89AAD8620D0BF0D,cmp5272F0FC9BFDC63DD015956600EADFC3,upfgt_eq.phm|tencent_zh-CN_hq.phm,102,,,512,1778
fil6F699A4A67D5EC4B2EC85F90B7E24A48,cmp1C3342AD096CD7B2CFA20116000054BE,oldxgnzj.th|tencent_zh-CN_hq.th,3,,,512,767
filAAF9ECB7694C7A78B79461BCE4D98C53,cmp0603275A42558C9944BB1C4D09F6907A,dlvhekoc.con|yoga_constraints.conf,38,,,512,1180
fil51FDA6DBA6E6BEECA99B31E7F3CC99BF,cmp5C4D502944A0BC0B941C56D45174E364,8eu3wfpt.amp|yoga_zh-CN_ex.amp,1327808,,,512,569
filDBD0330B3A9AD5C72749326595340D61,cmp886156A72B95AE52F4633CA92478A4EA,oj1w98pu.ehs|yoga_zh-CN_ex.ehsc,1328176,,,512,1552
filC3E0DB4DBF78936040DEA688901B27AF,cmp5D7F0674DA91B282FC02C2645A0FA27C,1lrjtusx.eth|yoga_zh-CN_ex.eth,4,,,512,1367
filF983342622F3D33C6E249DD36E400EE0,cmp8B264489B93AE09E3133E2F158B11037,xjiwxvpu.hsc|yoga_zh-CN_ex.hsc,1328176,,,512,1759
filB11F2BBAC1841574745D938FAFA9584C,cmp30633E3730163079BBDB850281226885,6etik9an.nrm|yoga_zh-CN_ex.nrm,971790,,,512,1226
filCBA927B72F8B3005169297871E61F44A,cmp4AA3DF87DE26830CDAB49C71478523E7,xu5zz7qa.phm|yoga_zh-CN_ex.phm,114,,,512,1431
fil33111C1822709AB310A00CC64FD45CD9,cmpC479EE648A6BAC0042504F8083F68233,x1gz96ks.th|yoga_zh-CN_ex.th,3,,,512,355
filCA566938E5BB6E793B35BCE0769E4210,cmp15B08531A4A04214005A463902017A5E,j9jsp4uv.amp|yoga_zh-CN_hq.amp,881936,,,512,1412
fil7ADFD18013C54D536D05BE4351F96DDC,cmp88CCC8C647B83F9D2CE32BD30B25D162,5ab1g6rz.dsp|yoga_zh-CN_hq.dsp,181280,,,512,837
fil2BD7332728EF50CC1725EC3A03D3D4FC,cmp93EB7E2314DAF44CB7D0FB0EB734C237,2jwt2s5n.nrm|yoga_zh-CN_hq.nrm,971790,,,512,303
fil5987DA6505B2F0A43CCAA2EC66EFFCF1,cmpA5F6611BEA443DB37D3EE46491F6C593,9x4kv4wp.phm|yoga_zh-CN_hq.phm,114,,,512,619
fil45954BDC896428CB5FCCDB65603A97B3,cmpF4F6BAB3EE52C86AE0A85AC456AF0B6A,3438wfjt.th|yoga_zh-CN_hq.th,3,,,512,482
fil05A9163051C14F9C0B4BC25CDE5E0C07,cmpB0D9D6FF26FCA914CBEC5BA5ED47E4FE,8djmnnsi.cat|detectionverificationdrv.cat,16217,,,512,39
fil1AE299088025E7B7BDDADDEF52CDAA17,cmp359D155FC0667F045FA496B8239920C2,on0g3nov.dll|DetectionVerificationDrv.dll,188960,,,512,176
filD46E0270003C887D6D9FF9CEC0121BF9,cmpA0E9943C08722B6AA41E5EE09CEAE4F1,_kwe3sus.inf|DetectionVerificationDrv.inf,7636,,,512,1492
fil90D38A5C2209179519461F234C777AEB,cmp8C6713C24F7E99CBA32AE97088A78C31,70oivts_.cat|intcaudiobus.cat,17158,,,512,979
fil86C7784EC54FA39FC98E2B172D8B8FF2,cmp2E687793EBF2A8C5660308ACE93006C3,bqnkpqa5.inf|IntcAudioBus.inf,44364,,,512,909
filEF54291DFEDDD44062BF6434468017CF,cmp2836B719062A2028A05F3FCFC705D63F,zg5vouu5.sys|IntcAudioBus.sys,305208,10.24.0.7927,1033,512,1679
filD6A003222A4C870F7FCFA52F04B54CF0,cmpDF88FA72A350889B3E8FE9A3EBFC57B8,intcbtau.cat,20823,,,512,1511
fil93E473FEC0FBCA7DF81BEC99119AE455,cmpACE543BA9084380A97761E7DE17B174A,IntcBTAu.inf,124862,,,512,1002
fil39E84D2ACF53B97DD0B41E7FB4321F08,cmpC526D15999C85B14591AA060E6772A7F,IntcBTAu.sys,723504,10.24.0.7927,1033,512,401
filFFC96F0D8686F32B5ABE9588BB0F9DBD,cmpD52DDC789CD279BAD704A7E15912D97F,intcdmic.cat,20316,,,512,1800
fil617613A1BDC6FAFCE8292340DEEC41B5,cmp035E1EACD3D80A3D8182838D518A98DE,IntcDMic.inf,113710,,,512,669
filEAB13796631B6552FD9EDDDD1ADE0840,cmp972B345472F3CCB0C75D90C36426D4CF,IntcDMic.sys,664632,10.24.0.7927,1033,512,1650
fil7CC3613F227239CC48FE20E7B9A5BC81,cmp0450B7516286A04AB29978CDC15814E1,intcoed.cat,288797,,,512,848
fil5C6EEAEE2D6ECC7AC1B3CD0182402108,cmp4264F55D1559EEC349114DB14143910E,IntcOED.inf,114258,,,512,639
fil62906FE935D60D21D4040F2BC891314F,cmp35A69EB905A112F4A2D1CF33568DB906,IntcOED.sys,1308728,10.24.0.7927,1033,512,682
filAFC46953E33640D93FA31C67F6E81FD5,cmp922EA55E8DBD07C63D0F48803BAECFA1,intcsdw.cat,21676,,,512,1215
filD5713C4DDE777FECFB6D47FCE039C9B2,cmp0D96BE655D7603CE7770E59DA3E70A47,IntcSDW.inf,124126,,,512,1500
fil1693D7E99B9E6864A3AB59DF199C9692,cmp856B9D42F62DB09C521960AE56C3132E,IntcSDW.sys,820280,10.24.0.7927,1033,512,147
fil5493E5B0F0A21EC2A2BFD96A7D7059F5,cmp7B782A1AD6F2001E7EE629DBEC82DCA9,intcsst.cat,20851,,,512,585
fil62625D99F85B89F9A2E9BA9C9DFE7206,cmp3B69DF3E3EA6A03D6B08322A2462F36A,IntcSST.inf,300080,,,512,678
fil69AE665D0AC0F317B71642CC53710D5E,cmp077EEC5E8E4D23F050160E7898998283,IntcSST.sys,727608,10.24.0.7927,1033,512,730
fil1A2FF3533045AA8AF2430E34A5ADA3BA,cmpBB0436A4ABB700FC0109559AB523E0BF,lbmpxhhn.dll|IntelSSTPreprocStreamer.dll,52529208,2.0.0.200,1033,512,170
fil6163E1518594AE3C631005DE69E6092B,cmpB66804DEAEC8972F5C507BBB90954FE1,hde-l4yb.dll|IntelWovSDK.dll,878120,1.14.647.10,1033,512,668
filE218BD1CD8980708B0CEA661A4719644,cmp0B96E2B4A3D7BACA0B617DBC765D1D6B,azmt-sx6.dll|MultiChannelWoV.dll,1705528,1.14.647.10,1033,512,1597
filF0997E1C656E8D0286378E5FB26DCB7E,cmp6BAC30178D311964775A4CD58B877386,ojj3ee2l.dll|MultichannelWoVCfg.dll,498744,1.14.647.10,1033,512,1692
fil33667CA432963AB2405C7F9A94A51A7F,cmp2000B2CE22F1A32FC47889F564F0DBBF,rfteqayf.dll|IntelAudioDll_x64.dll,381992,1.0.2283.0,1033,512,359
fil4EBEA4DE0F2C46BA3287A461309723FC,cmpF64BD9E2D6020DCDD45FBD0186EAE3C0,1ilfbotz.dll|IntelMultiPaSetupDll.dll,134696,1.0.2283.0,1045,512,545
fil96920270CED984C5C20C4FEC7139E4AA,cmpB4EC4D588BCF65667786EB329C41F18D,uq32rr_6.dll|ControlModule.dll,977448,1.0.2283.0,1045,512,1022
fil8E52731663011C21368F3512B018A46D,cmp7B27F1B5071187C0307E0AA900E0051E,0qcmtnra.exe|IntelAudioService.exe,402488,1.0.2283.0,0,512,964
fil76C7170F997F481F5325DA5CB331B50E,cmp54F9968508DBDFE5D839F01208317DB0,09h67yyd.con|IntelAudioService.exe.config,160,,,512,810
fil5CE7690E49BFCAD202688CF7043E4C86,cmpA92B7FAD53A893B9CA5878D14EC093AC,dy1mga7d.dll|IntelSSTPreprocStreamer.dll,52529192,2.0.0.200,1033,512,641
filF28D780A887D33EB7BB2797293EC0050,cmpF24151E09848214D48405941C0C59215,c67x2bpp.dll|NativeApiAdapter.dll,110136,,,512,1705
filF1E0EA7BF4B70EEDFC835D5F3F428E47,cmpB2F41AE2C97F4EFFA32C4D529A80B737,hgkd06bb.dll|RpcServer.dll,141880,,,512,1700
fil6BFADCECB1BE5504F23C8C352E1FE107,cmp873E8D9672F7120387C6E2F151DA6C55,nezoy652.dll|WppLoggerDll.dll,426536,,,512,743
fil96B6E181CCB641E01FBDB88FBE0829CA,cmpFE396B818BBC5DF184607CEDED545143,2ukitk5i.tf|aecs_asr_str_def_1ch_in.tf,2840,,,512,1026
fil74149F0D1555458ED868FECF750F73F9,cmp45AF66525309741807AD81A50EC5232E,2mhreoum.tf|aecs_asr_str_def_2ch_in.tf,2840,,,512,797
fil5ADF164D16CE5ED0D7EA47E85560B039,cmp38598CDCDB4651B676C62FBB05023429,b2s9ybtf.tf|aecs_asr_str_def_3ch_in.tf,2840,,,512,628
fil7530D67335B41128F1E8D0F78A2049BC,cmp8AC18686BE35218E1A05B39027250D67,7a1o-wbl.tf|aecs_asr_str_def_4ch_in.tf,2840,,,512,805
filFDEC92DC2A24A1D258E25BA19A70F85A,cmp9DB5C4F5070658B1C641DE92EC68EDA6,jmu5hona.tf|aecs_wov_str_def_1ch_in.tf,1400,,,512,1784
fil9E7F20FA71C9B20C7BA543D6A9CDCCD0,cmp86747F9ED9DCDCC9D4A67F5632F1D6A2,ezb1wheu.tf|aecs_wov_str_def_2ch_in.tf,1400,,,512,1084
filA978E46EB2BBE1560B6299F75884987E,cmpA287E858DBCD09C901C97DA10817B957,ijbrp8qf.tf|aecs_wov_str_def_3ch_in.tf,1400,,,512,1165
fil4BB68E214B95D57AED1DFD32DB86A1DF,cmp5FAC74E10ACECEC3DA60A96543EE0444,qhk2cjiv.tf|aecs_wov_str_def_4ch_in.tf,1400,,,512,526
filC7700ECA3B384AF128C5369592C8E659,cmp1F3C6F9CD2596432E5F77202D4DFE773,-17mb82o.xml|DefaultConfigs.xml,1015,,,512,1400
filF48EBDCC123CF9611B3BFEDE6E659A46,cmpD2B0920DD9D5976F61B11C49B1DA3A46,edslcnwh.bin|dsp_fw_release.bin,493844,,,512,1722
filF8E85DD0EE69F6E6BC12957B11ED9CEE,cmp451639D6B076CF74BFEC021A03EFCD93,1cwc1lf-.bin|dsp_lib_dolby_release.bin,192660,,,512,1753
fil09649A01F905461A749714C3FD623D3F,cmp3E880A86E3B3CB22A879B2007E1DC18A,tyjexxpf.bin|dsp_lib_intel_wov_release.bin,82044,,,512,64
fil43522D2568E2FF7098464DFAEF741DE4,cmpF2412D0FE7EE5B48D63B2993606DEF5B,whvofsdk.oec|IntcOEDTopology.oec,50257,,,512,470
filF2522E7D4F3A1FE9DB605A8109026CD3,cmp97A7DE28C2FDC8F883E60DB58E065BA6,eiaonlrw.xml|IntcOEDTopology.xml,31250,,,512,1704
filFE0FACBB5C4BEB40048D77773D6A53AA,cmp14D0E076F729D3426E9A46E416017C8B,ehyuurwx.xml|model_metadata.xml,63494,,,512,1785
filE519C718DF614D58A3C865CE9A5B60DE,cmp9A23A9B889B52FFF64C29E49EC2443E7,y6698wxa.con|corcent_constraints.conf,38,,,512,1616
fil37FDED8A996292882B041D67F206921D,cmp44A06A08A5D691963368FC0CC027F819,ldx5u7yq.amp|corcent_zh-CN_hq.amp,874768,,,512,384
fil1F58D31E522630E9655F48DD76F65421,cmp8841713FC1FACA380E3F44284A774E71,ewtcfk5c.dsp|corcent_zh-CN_hq.dsp,173652,,,512,205
fil8BC4BA8B9DC435FCB65553B169DC5505,cmpC64998FDA420D000DF4D859A540CE8A2,ht2jiyst.nrm|corcent_zh-CN_hq.nrm,971790,,,512,944
fil4185256472F92CB06C1D6F0F4FD47C6E,cmp2D7054B2E16C46D1ADF21C00F5992DE0,vaorvgmp.phm|corcent_zh-CN_hq_hwkws.phm,96,,,512,448
filF38E37DF0680AB4B3BB99EC8329E9BF7,cmpA320035E99880091653F6C9F2F0A3536,vxvfm17x.th|corcent_zh-CN_hq_hwkws.th,4,,,512,1715
filBBEB72C3B7407D6CCBC4FA057BDFA70C,cmpCC006D001533FA59689C3DDE7F3D0CD2,aga_qvz8.phm|corcent_zh-CN_hq_tencent.phm,102,,,512,1310
fil9B5951D9727E1C4EF8E60B810B8C0E6E,cmp99D7AA1ECBE2C98139974D7D1C6094F5,qqmkrpuw.th|corcent_zh-CN_hq_tencent.th,3,,,512,1059
fil6268E1A6B5443969DBE51372A04D2D9D,cmp0971BBE48E35E1CDA66F24B079B47614,cr-cdgya.con|corfuj_constraints.conf,38,,,512,680
filAA1475B781E3F4F9F4D0586AE8AE23AE,cmp0F07DB015FB80D59EE9C39CDAACAB07B,5y-sxhdu.amp|corfuj_ja-JP_hq.amp,901844,,,512,1171
fil7F8300EAAC8B2863B5DFA02AEE118810,cmpBEBB16905F94FAB51C6EA8BA463D233C,3myqnepf.dsp|corfuj_ja-JP_hq.dsp,173332,,,512,862
filC6809C34C84D9951EB01BDF0C4BC7F6E,cmp3407A1FDFFA16282261A3A8B16DC486C,zjlsskz8.nrm|corfuj_ja-JP_hq.nrm,971790,,,512,1394
fil6503FBC9C44B59C1EE3F08B059D36314,cmp0007255F7013F5EEBDC2A7DEF394BA3B,wa5xd7my.phm|corfuj_ja-JP_hq_fuj.phm,90,,,512,694
fil1AB43D66B98A815F9432EC8DD7309D78,cmpA341306C5FF123115A9A5DCABBCFFF54,wtr1iivs.th|corfuj_ja-JP_hq_fuj.th,3,,,512,174
filFBD889D90DC41B2D1612951315B5D4AF,cmpE63F4510178B23985F57CBFAFC86D644,ro9hs0g9.phm|corfuj_ja-JP_hq_hwkws.phm,108,,,512,1774
fil50F096DF1561B30C0EC886911B2FF35A,cmp9FAC97B0EFBA4FEB407FC3B3298C5C2F,sujspkav.th|corfuj_ja-JP_hq_hwkws.th,3,,,512,560
filD6EB4F49A22A590E3487CEF5065C3FDB,cmp5D5F1E393D0EF757A123EC54E62127D0,dv-1ab68.con|corleno_constraints.conf,38,,,512,1513
filE5B2F6E7638652DDAC342B55EB059756,cmpD8D0873F3DFC34A8FCE35EEB4EDFAE09,v64bdl1o.amp|corleno_zh-CN_hq.amp,874392,,,512,1623
fil24F68CBC4A4893EBBC85C61E89D9A052,cmp7EDB8290B8028CEF42012CF5CE23F21C,b2h0q_iw.dsp|corleno_zh-CN_hq.dsp,174680,,,512,255
filD45C7EE02CDACFAB843E57CB3FF0ECE2,cmp1AF6CD4E520A79E8D716FC31CE2FFA1F,qjjyf_o6.nrm|corleno_zh-CN_hq.nrm,971790,,,512,1491
filE57E98B202B90769EB08BE3FE24497CE,cmp7E4FFDC25468CD03A252E91189DF619F,m6k1a447.phm|corleno_zh-CN_hq_hwkws.phm,96,,,512,1620
fil595447161304508A9B09EA64899D69E8,cmp478914D500EA75043C3E61BFB6B3551C,tdbwcgvb.th|corleno_zh-CN_hq_hwkws.th,3,,,512,617
filCB2E57B9FDA1CCFFB6EDF7A3592AE530,cmp884ADB931D52BBE91C4580EBDC699102,is4tuzpy.phm|corleno_zh-CN_hq_yoga.phm,114,,,512,1425
fil437A6353C14A02734656C6BE9BAE17CB,cmpC79581B963512DF41C3E4E67ADE2A6F8,r435iezs.th|corleno_zh-CN_hq_yoga.th,3,,,512,472
fil906722F1903C93E30E8664E46C2EEB5B,cmp2AD98DC6DDFE0C7C05F373178BF8070D,nckulofa.con|corleno2_constraints.conf,38,,,512,975
filBA22F7663E7504196FD158DF5CC0ADE0,cmp8A81CDDF72BD050BE340AEEEEC623C5B,mru9rlci.amp|corleno2_zh-CN_hq.amp,853240,,,512,1294
fil64E52EA31640A5EAC25CB95ACAF1ADB6,cmp5AF5FA02C72EC7160222BC75FE290A61,ylpbsfph.dsp|corleno2_zh-CN_hq.dsp,176996,,,512,693
fil113491FA29B2FAD496D15A9BC1E0C824,cmpD4740F7D6CEE314EFF1CE9BB0462D24D,hhiicaj7.nrm|corleno2_zh-CN_hq.nrm,971790,,,512,110
fil672B9B21F57A3B5BDA940C31E8493640,cmp6F18AD1ED3F42E7F658D7E0D0B262589,0jbfgm26.phm|corleno2_zh-CN_hq_hwkws.phm,96,,,512,710
fil41169693736A1C53E3A0A1C21AB6B2F4,cmp0F600A288B82EFD97DD8858730C7322D,ihbmrjg2.th|corleno2_zh-CN_hq_hwkws.th,3,,,512,443
fil81E8236A4DD3AC889B8089D68D465576,cmpC1E70522D46050BF1D2BDEF792D64E99,cmkn4-8a.phm|corleno2_zh-CN_hq_leno2.phm,102,,,512,880
filA932CFA59EE53924CF23950B80C024AC,cmpD28CB53F54907BF0B5F6B991F02BEC25,jk8gm8jb.th|corleno2_zh-CN_hq_leno2.th,3,,,512,1159
filF774BC4EAAE12CB13A91543D57BEE524,cmpB6FB1B03D836BF170DB00E30892E291E,yoo2m6wc.con|corlexa_constraints.conf,38,,,512,1736
filD1E8AC1C7E29F403FA1B202DFF8DA893,cmp6D5089666DD70325468D271A5E689A36,fqcu6qoz.amp|corlexa_de-DE_hq.amp,907276,,,512,1472
fil8F6E83AD2C8A8F84C06F396192BCDAC1,cmpD69C9D0F851C668599E6EC63B60EA4E4,dibpxvjx.dsp|corlexa_de-DE_hq.dsp,176188,,,512,969
fil80084746AAA0D26F7A084E1F8C97AC1A,cmpA664BF12888D333F64C934B46303F72B,zdhzbp17.nrm|corlexa_de-DE_hq.nrm,971790,,,512,865
fil21B5FBEE112998C1E94CBFC3B22F63EC,cmpF124DE7DCF79A3E8477DC1224B68ABD4,fhpax4tp.phm|corlexa_de-DE_hq_echo.phm,78,,,512,225
filAC8E15FC00DCA2521A3FF783A5A645C2,cmp6E0D7FEB1CCDE82AC5F36CC7CB3FD9EE,5sndsnrx.th|corlexa_de-DE_hq_echo.th,1,,,512,1194
filCB191C5DB29A15838C8E7F0FD2B0AF78,cmpA64A1A1E3134531D1FA443D496222AEA,1q4osbyg.phm|corlexa_de-DE_hq_hwkws.phm,96,,,512,1424
fil6D253CA169082D0B04EE71FFF4C1180D,cmp928CE4C174EB2BC08F9CC500AE9F0C56,r-8xf2_d.th|corlexa_de-DE_hq_hwkws.th,3,,,512,751
fil5945AF06C9AD0ACADE09C7670CF7035A,cmpB5CD96D993F1CC73DB8052FFA078C3A5,chqhitkp.amp|corlexa_en-AU_hq.amp,883928,,,512,616
filC505D220AE2A550D9297DA8D8131E958,cmpA7C9955758BF5FA9EAE1BFAB10194767,wtxklj6i.dsp|corlexa_en-AU_hq.dsp,174628,,,512,1377
fil32FAB51AE066D962667DBD3EA9C4F1CD,cmp3BB293986B3D5095A3FC852001B343D7,vttlewzh.nrm|corlexa_en-AU_hq.nrm,971790,,,512,354
filC0171BD957C474309813F32C1E774955,cmp583634F097A70735A13B4AE62C935059,uipbjnvh.phm|corlexa_en-AU_hq_echo.phm,78,,,512,1342
filFEB7544530D75D205F6F5BAF965BE430,cmpC69754EDF6FC70CE8CD4EA230B9C40C8,1kwbos89.th|corlexa_en-AU_hq_echo.th,3,,,512,1793
filEBCD5209887099BBFED47E512B9986A1,cmpC7A3D48ECD806127264036460412BBEE,3crdcfqw.phm|corlexa_en-AU_hq_hwkws.phm,96,,,512,1653
filDCDA5A30756A35E48716CD23824CFCCC,cmpF54DAC2EE4FE4A36725EDD932B48E886,opdxzehj.th|corlexa_en-AU_hq_hwkws.th,3,,,512,1561
fil9A1715045EFB88F41801B24C11F2398B,cmpADD019481661124274939D2E9DD38FCA,3qthvaxh.amp|corlexa_en-CA_hq.amp,907276,,,512,1052
fil7A9F25526F3691BFCF379418EBAC1639,cmp1BD04619A39FFAA6263EDC12E3D05D1C,8snmjqzf.dsp|corlexa_en-CA_hq.dsp,176188,,,512,834
fil8C5CBF6978A981C631DBFBB072CF51C8,cmp922672487001D1D0822A39BECB1FCCB4,xzgqhi3f.nrm|corlexa_en-CA_hq.nrm,971790,,,512,950
fil775DA02ABB675F7500E78496C606F4C3,cmp900ACDE6F66AAA19E96097F0333F1E30,yckrtmjp.phm|corlexa_en-CA_hq_echo.phm,78,,,512,814
filEDC7D134AD3FFED6F8003FF59E5FE312,cmpD5E3A02CDBBFB131D9FF067126945AE7,bq57x4vi.th|corlexa_en-CA_hq_echo.th,4,,,512,1668
fil96311F524EC53B6B4049B4B247A1AC67,cmp84569DA928D63F1E3B6216A59014D0FA,y6h-cqe2.phm|corlexa_en-CA_hq_hwkws.phm,96,,,512,1019
filB4C9CC1B7042F13B64571DA799E21049,cmp53A48374B66FFA4D884B6B4D97D6486D,ymjqjwea.th|corlexa_en-CA_hq_hwkws.th,4,,,512,1253
filF12C26B3A0FA12131165A1384365E287,cmp657400C717746C051CD349A987C7859D,sc9dlrpt.amp|corlexa_en-GB_hq.amp,907276,,,512,1695
fil5AAE2A26B8F91E28DA63EE5D7390C010,cmp710D228D2C4D7B74979332A67F00F204,tpwxhtop.dsp|corlexa_en-GB_hq.dsp,176188,,,512,625
fil91D0A2CBF169262065AB571D0719E37F,cmp9901AB0B4B479846604CAEA560AF5EE8,gzccyjlk.nrm|corlexa_en-GB_hq.nrm,971790,,,512,992
filF38B2F9425BCD938E02679AE497E5611,cmpD0079BE3ACD126AC0B2296F8A8243BFC,qkiv9sfs.phm|corlexa_en-GB_hq_echo.phm,78,,,512,1714
filD9B1AD58DB97BBBB5217A04F4B9BF5C7,cmp8254AF68947BF8931708D1CF8EF99574,3e0o-t-s.th|corlexa_en-GB_hq_echo.th,3,,,512,1534
filF2D2FF8F0B8CC0DEA88CF2A3899B1789,cmpE84911318DFB3022566D7A63A0D625C5,4ci_o1bm.phm|corlexa_en-GB_hq_hwkws.phm,96,,,512,1708
fil38686F7D122AE1834A42E86FC86F0F65,cmpE466F0CEF48B6F0FEE24DAFAC1A980EA,2v4jeqnw.th|corlexa_en-GB_hq_hwkws.th,3,,,512,387
filFAF4A0BC557213A3BB52232157BD441A,cmp5FA04AB9B62B74778CF1243FBDE0665B,mtkyzilz.amp|corlexa_en-IN_hq.amp,907276,,,512,1769
fil66FB6B256A9B7DBA6E5EA5BCCC25CB9F,cmp13D04D796FD89D14A7240A17A8F6DC21,-bhf_zu_.dsp|corlexa_en-IN_hq.dsp,176188,,,512,708
filB742A42FCDB9139C098817E75CFC0793,cmp219D63905FD05398F646F3B11CF264E4,lkal-4_5.nrm|corlexa_en-IN_hq.nrm,971790,,,512,1269
fil3265759BB8230ED5EE21CD431ECBA6EC,cmpAC91D2A35ED95849DE500FA679E0A241,sspu6r_w.phm|corlexa_en-IN_hq_echo.phm,78,,,512,351
fil27506F3E0ECD6E8FBF4440E4C19F31F5,cmp099423435DEF61264D8250E8B2EABD59,ggoont2h.th|corlexa_en-IN_hq_echo.th,3,,,512,271
filB11A1D2FA317DC746C9167E8BA394D07,cmp913BFDB6DB68FB2B05276369CD70FBF6,oiikb7dr.phm|corlexa_en-IN_hq_hwkws.phm,96,,,512,1225
filEA2047038C3EEC6C3461ACD69A400D8C,cmp11F7579647671A1DE7CE2E8B60160837,fcqfav4k.th|corlexa_en-IN_hq_hwkws.th,4,,,512,1646
fil1A89916BE52D7F66BBFD6B5D903189FB,cmpF589609887EADD8A27A025143195C333,tuqy085b.amp|corlexa_en-US_hq.amp,907276,,,512,171
fil59C77CED1D2F0763132624C0567635A3,cmp0FD29BD0779DC61BB240FB6F3957E5C4,tmky47i9.dsp|corlexa_en-US_hq.dsp,176188,,,512,620
filDE937ABE1EC12E9137A35220E24EFCDA,cmp9941D5F9CD160A10196E34B92FDFDA84,tsyc58b4.nrm|corlexa_en-US_hq.nrm,971790,,,512,1573
fil80BE295F69527E4512F03533DA1B2682,cmp49AD8A4177D35AA48D97FA740ECB0A8F,i4pqfzov.phm|corlexa_en-US_hq_echo.phm,78,,,512,871
fil667D83FD305E2092495023549CF1941E,cmp145E5B0784685752EAE8B8F41DE32528,ih-d8qia.th|corlexa_en-US_hq_echo.th,4,,,512,703
filCF7CA2568850490AE12E7EBE7A1FA1D2,cmpC400E8942B3ABD4E56C434E837584A22,dniz0udt.phm|corlexa_en-US_hq_hwkws.phm,96,,,512,1460
fil297DC19CFB18DC2AF74E8CA9578DD5CE,cmp7C42157C8E698B1194D3899E96E2C180,0frlgrll.th|corlexa_en-US_hq_hwkws.th,4,,,512,290
fil060DA1D0199A1D6EBE7D6F944D8DE5BF,cmpAC9F7630931F108280E86AB50DEEB0A7,pcl1p4w3.amp|corlexa_es-ES_hq.amp,935196,,,512,41
filCDFA8C468890F1CF9F27652AE3C593AB,cmp4CE4BFA2F06100C66CD6725FCA286983,km2rzpuw.dsp|corlexa_es-ES_hq.dsp,173848,,,512,1447
filB2A4657E4906FDC867563E9CAB367427,cmpCC76382543261BA8AA9165A896C4F2CF,vu7puuln.nrm|corlexa_es-ES_hq.nrm,971790,,,512,1236
fil0EA54328AA3C2E3F3762F4EE54EE2413,cmp575BB20691C26A74B462BC2098850137,fk-w5rqe.phm|corlexa_es-ES_hq_echo.phm,78,,,512,94
fil4BF80A45A1B7758661180115E157462F,cmpFE560857693ACD4D84D0C3B698ECE583,aptgx5gi.th|corlexa_es-ES_hq_echo.th,3,,,512,532
fil0C0E64D2144145B56D5887E81BC70C58,cmp507C9130AA6F6C0C195F2A55442FAE3A,uz9idpsq.phm|corlexa_es-ES_hq_hwkws.phm,102,,,512,82
filAB36050BF98331918C00671B49E9793F,cmp10979B5D603F7BD7EE36F781D8A7CDB1,_utsmog0.th|corlexa_es-ES_hq_hwkws.th,3,,,512,1182
filF998DE5075CDE001C7287379421F0E85,cmp853203D98D5FCC492242912052327184,hqzr8lb1.amp|corlexa_es-MX_hq.amp,935196,,,512,1760
filB1E92D308B01C80DF13D4082D898620C,cmp1C0A55533EC52B7285CFE60EB12EA229,ubm_jlow.dsp|corlexa_es-MX_hq.dsp,173848,,,512,1232
fil56DAE50E8FE7078468DA010BE0BDE918,cmp8E22DECBF4E31A04F6E04E3F30C524E6,ski7lj25.nrm|corlexa_es-MX_hq.nrm,971790,,,512,600
fil24D879F340A67FFB7C7B23443A4E40E4,cmpDB338E89E52AF74157481EE6078BF141,lhjk_hqi.phm|corlexa_es-MX_hq_echo.phm,78,,,512,254
filFB78AE6583ED47D5991E2979C67F8B70,cmpAAA466F1A5B3A547FF710840D370F2B6,mnjnanxm.th|corlexa_es-MX_hq_echo.th,3,,,512,1771
filA8795B171D6A4499A8140EC8B0843A4B,cmp37DF25157B26707B6557ECD9C7C07730,z4svymzj.phm|corlexa_es-MX_hq_hwkws.phm,102,,,512,1149
filD5DFF46135BA58CD316778A1E73B2A69,cmpF03741C72DCDCBCDA80928D4F343F4C4,6hyjgzzk.th|corlexa_es-MX_hq_hwkws.th,3,,,512,1504
fil58E277F72654CF11336ABA91D9728048,cmp0213129CB463F577E1CF13C613665FB3,y5vmh34q.amp|corlexa_fr-CA_hq.amp,862168,,,512,613
fil996F6F71E25338CF8DA76D9CE51E97D8,cmpA5A54F441178DCCD37B79FFEB85B1260,vs-kvyze.dsp|corlexa_fr-CA_hq.dsp,170556,,,512,1045
filA57476D8D7940B0A5768F6226995166E,cmpC8C47867C5139767642C241E4A278FE3,lwk5pswy.nrm|corlexa_fr-CA_hq.nrm,971790,,,512,1129
fil422D3B378A7C3B4283F1857F2C69EC0F,cmp709F4B6F4ACB514AA189280F39217AE0,6mwo7m9y.phm|corlexa_fr-CA_hq_echo.phm,78,,,512,457
filCEFBD1682015522E12240739693C2609,cmp6ED27DECEDC3FE75992419E5C3E03AE4,uvff1gkc.th|corlexa_fr-CA_hq_echo.th,3,,,512,1455
filEEF06F102DD29E6AB0CC48A127FD187E,cmp625D1C18CF95812663329076803DB509,obctasi7.phm|corlexa_fr-CA_hq_hwkws.phm,96,,,512,1676
fil70A4EA9253FA7243BCCE2E5F3E2DC703,cmp1B69462891ED864A8D142D7F1CA6E2CB,lwadk49c.th|corlexa_fr-CA_hq_hwkws.th,3,,,512,778
filF437A01AB45CC5AF027C5011E4A9E581,cmp454024047C7F4F9961C9A30C3CA184F1,by832hzr.amp|corlexa_fr-FR_hq.amp,862168,,,512,1720
filC5614059865FFF0DE858509726BC4DD4,cmp052F426AF8E6D1C229365A0600EAE86E,ejpxhzae.dsp|corlexa_fr-FR_hq.dsp,170556,,,512,1381
fil637332901ED47D468151B8FAA11F2BF5,cmp1D10DBC9791F1924C894D414753B9AF4,n_8yc6ru.nrm|corlexa_fr-FR_hq.nrm,971790,,,512,686
fil152D66C0B1B0B73FAEFC7C776DDC2FC3,cmpDA8C5329D41A3448E8243F21E0B26EAB,jnezqlf1.phm|corlexa_fr-FR_hq_echo.phm,78,,,512,135
fil65C52DDB86F7B7BCF78DBCF531848C5C,cmp2AF59338829676C6BADB2D30AEFED82D,c54gkrlx.th|corlexa_fr-FR_hq_echo.th,3,,,512,700
filBF52BCD405EF63498E8A71344709C920,cmpAC4BFADA45D57F30F15BAE3E4DF4AE22,d0j9--rb.phm|corlexa_fr-FR_hq_hwkws.phm,96,,,512,1337
fil5063345A3500F5CE59E07D077BA87BDF,cmpFB24049B57EB8994EF0D36AE92A2BD72,__mjzvoq.th|corlexa_fr-FR_hq_hwkws.th,3,,,512,555
filB9DD16530D154E995415CFFE9578E080,cmp8AF6250C346B8586BF7BB92BBA514D56,mc9anr6j.amp|corlexa_it-IT_hq.amp,879440,,,512,1293
fil96702E9DEC4796D031DA8C4F26436071,cmp79CF417F323C0A9DB536467AB6EE354E,i-5ut1uf.dsp|corlexa_it-IT_hq.dsp,172188,,,512,1020
filFF2FECADC4E7F75BB510BB0B7E2A403A,cmp00870DFDBE037C84E75D6AF07FE17330,f58mjz10.nrm|corlexa_it-IT_hq.nrm,971790,,,512,1795
fil9019D5AD0CDA96C674033B42C1A97A62,cmp61B41EE0D94FB19FBFF35B619CA4F348,npmfrfke.phm|corlexa_it-IT_hq_echo.phm,78,,,512,972
fil2E70B2C380D6B5F825B340B17A23EA9D,cmpD989EB70435988117FB6C6AD9C836649,mprso6hv.th|corlexa_it-IT_hq_echo.th,1,,,512,328
filB6442AF55BB41870048F8788E1409B3B,cmpE47288BD51FE9F656795FD9068E492DF,mgtbiw1k.phm|corlexa_it-IT_hq_hwkws.phm,96,,,512,1262
fil24FA1A04E7646E802DE83748CBD22B0B,cmp1EC94F40683DE3B0EA823349D404E092,k5kcmk0f.th|corlexa_it-IT_hq_hwkws.th,4,,,512,256
filC1BFE61571BA2234C4BDE354A4271C52,cmpE76F9FF915FC4C9003DA7768DCE65947,v2ufs6wp.amp|corlexa_ja-JP_hq.amp,894564,,,512,1354
filDD31FA930C625411946BF8302829C15C,cmp5C4B3C318C32DDA3E0BE2EB5452B4838,krufvzry.dsp|corlexa_ja-JP_hq.dsp,172408,,,512,1564
fil72EF09060663FB3EE9ECEDACD3BEE5EA,cmp1BDD38366364260816A9C023F85F278D,upasyzmo.nrm|corlexa_ja-JP_hq.nrm,971790,,,512,789
fil9F1CC786D9975F542AAA7A0A5AF8CA2E,cmpD62C1919527B94045B0A384FC5518F07,olzpw-ue.phm|corlexa_ja-JP_hq_echo.phm,78,,,512,1089
fil78321248B4A29A403862B169BEDCFA90,cmpCF2740451B7D1DCF4544D8D03A9B5094,dsp4evik.th|corlexa_ja-JP_hq_echo.th,3,,,512,822
fil30AFB06A0F4152E413236269B32E4722,cmp53A5F93970DCDD4E1E5A92C65BB7CEE1,sffyzgge.phm|corlexa_ja-JP_hq_hwkws.phm,108,,,512,341
filA0379978D5296291DD841A4FDC6BA5CC,cmp0C33E61D3EB80784D7826682779EA4C2,px8mpjln.th|corlexa_ja-JP_hq_hwkws.th,3,,,512,1094
fil9CDD9FEC19614C77488A93B2FDFC3898,cmp526E7C31552D8E9B8E4A141493A620E3,bkqv2c7j.con|echo_constraints.conf,38,,,512,1073
fil0F25DB49D7FBF3C789DD4B8905E4390A,cmpA845E9D8040ADAE69426ABD3A3CD5BF5,qmlkgatp.bin|cohort_echo.bin,16773140,,,512,98
filFD401147DEF3802371FB89F6A1C81896,cmpCE156506ABB34305705045F6C4564641,7nbesjvt.th|cohort_echo.th,5,,,512,1782
filCFE857C61C14DBD1F342255DC5F3F5AD,cmp8CCDB1C6043984AD7E399D50DE9776A7,mxzazjd2.amp|echo_de-AT_ex.amp,2984824,,,512,1462
fil7C7326E01C7E903587E90AC26E151FDF,cmp53D4506B6015FED0C4F030D8C6C45158,bdwujojt.ehs|echo_de-AT_ex.ehsc,2985216,,,512,846
fil3E6DAFF5FF6CC0053A46B53E4D82061D,cmp5BA4A5A28AEDD09A43EB0A8C7FCB9E33,fvh4xgc9.eth|echo_de-AT_ex.eth,3,,,512,427
filC427F712FC7F5DA788BC70F3D202305C,cmp64DB40A0F933AEEA9B11563C8EC19223,wx63bfoa.hsc|echo_de-AT_ex.hsc,2985216,,,512,1371
fil57D097AB5B5F7DD605B5160F4AE2B2C9,cmp5B1939D0CD1E9A3A982A98A71A427697,wrp6wm-o.nrm|echo_de-AT_ex.nrm,971790,,,512,607
filDD12F699B03D89C4B3205032880B37F4,cmpAE49430338BC7D2D4B880DE907201AD6,wmdsrcvx.phm|echo_de-AT_ex.phm,138,,,512,1562
fil39883634F3463692C873D8C8B06FB652,cmp730F02DBAC57DAC21FEDC21344FEEE23,wke2jxcw.th|echo_de-AT_ex.th,1,,,512,396
filE371769FCB792E1E56C1C3CE7DDFDBA7,cmp522A52ED196D4746D3A11C47BA21A97D,k9w-rlhg.amp|echo_de-AT_hq.amp,883928,,,512,1607
fil290D2B2A0DF4DD50B6A55906C1E9A160,cmp65B9521461CE951C38C1CDBF35489324,c8aeahwu.dsp|echo_de-AT_hq.dsp,169620,,,512,287
fil3469AD00DDFBA6CA4524583EFD6A8866,cmp29746F9787EF174F5B0EFA6876300FC2,pixwl3tw.nrm|echo_de-AT_hq.nrm,971790,,,512,364
fil90CF540D8E201903ED9E459A4652099F,cmp2C1598133D336872850E96812A71FFD8,j00nhipa.phm|echo_de-AT_hq.phm,78,,,512,978
filD3DF9602EB5F6ECBC8EFAA1F12B2F2FB,cmp8035EAD5F6EA2F95B5215AD870D90BBB,r2umstsa.th|echo_de-AT_hq.th,3,,,512,1486
filFE2172AAE37635CE3CD0CF86D77B6D28,cmp0ABC3BC41648787359E1AD2159CAA07A,whacr6nt.amp|echo_de-DE_ex.amp,2984824,,,512,1788
fil36A7750624B350E8936C72DEE83BB0C9,cmpC5083F80C8F24856A16ADF52F033A5E0,wtwzncsv.ehs|echo_de-DE_ex.ehsc,2985216,,,512,381
filBFECC3E9847B592423E796A10C5F1DC1,cmp19EE77F38380CE1DD706E9088ABBA060,umkt7kpv.eth|echo_de-DE_ex.eth,3,,,512,1340
fil9D6CA387279CFAA75BC6D325ABA2AFE0,cmp2FFFD65DF3511110224BA540D7419EF1,miltzbzq.hsc|echo_de-DE_ex.hsc,2985216,,,512,1076
fil4047553ED0E4A98ECD109BC03D889DBE,cmp9417CA87A6A5D143C70DA5B5ED447887,lq_skogr.nrm|echo_de-DE_ex.nrm,971790,,,512,438
fil219837D881D324E2FAF3081F91AE33D6,cmp3089FFD604856836F10271A98E8C5031,kus7ppm_.phm|echo_de-DE_ex.phm,138,,,512,222
filD5D3EF5EC7D0EFC6A6D557D3D95F9DA2,cmpF4E8190C90CF62FE1B6D0B62A0A6060D,_nvotyjy.th|echo_de-DE_ex.th,1,,,512,1502
fil6D38CBDBE155B29213D9F6A4169780EF,cmpE885837012EB583F9E423DFC46EAF912,vbbll0qs.amp|echo_de-DE_hq.amp,883928,,,512,752
fil57107185FEB6214FA78DBAABA3E221BF,cmp6233CE706A488AB7A2588DF6A0DCBD43,qzgydas9.dsp|echo_de-DE_hq.dsp,169620,,,512,604
fil557138A8D61669E7E54C10323C899E0C,cmp231A7ADB7C75D6FE99F14979C3981A65,hhxrl8-r.nrm|echo_de-DE_hq.nrm,971790,,,512,590
filA3F977167FA3E17053DD46FF175608CE,cmpD95DB63A3556AA1CFF400AAB10BA5F31,huk-ddu5.phm|echo_de-DE_hq.phm,78,,,512,1121
fil6CFC8AB99A4CBBD270C4824DB57CEB02,cmpCAD444E2BB1C984380294B1F660CCAA6,z7rutj3z.th|echo_de-DE_hq.th,3,,,512,749
filA413A54AC3BD5F41494E0FC382F41596,cmp2080489CEA7634DCD118A3AB29B6D7A1,vz3z9ayf.amp|echo_en-AU_ex.amp,2984824,,,512,1122
fil9556424F2F23E379205C4D0A6F0287C2,cmp3B3A94A0E48A586813AC91019417BD71,pzgd6opx.ehs|echo_en-AU_ex.ehsc,2985216,,,512,1014
filDBD2CB2BD00AD4EC3767C93BF653A15D,cmp8922CDC7DEF90258E67E64CFFA87F694,n9mtszfk.eth|echo_en-AU_ex.eth,3,,,512,1553
fil899E5F494128199A032FB861C1107B56,cmpA7AE4A0820097FEFAF2574B71FD9DEF8,wpqc1k_x.hsc|echo_en-AU_ex.hsc,2985216,,,512,932
fil3C35D9C53B0C57E262F36A39AAC7F377,cmp3AB364A1CC16D768FA79F513657EFC36,zqyg4sxf.nrm|echo_en-AU_ex.nrm,971790,,,512,414
fil716F91ACDE6A5D98D4938EEA90DBC700,cmpD9A72BFC2C815EF2DB066A2482F98A30,7omejzps.phm|echo_en-AU_ex.phm,138,,,512,780
fil35D821CE984F3D0352A5003E4B3EDD59,cmpF181A403434DD98869DBE75D3CA51044,4e7n0vgz.th|echo_en-AU_ex.th,3,,,512,377
fil19838B6470A5B7873790070E65FA8966,cmp2A13D8B1EC3E4512539EA3D5778948A3,-aghdx80.amp|echo_en-AU_hq.amp,883928,,,512,164
fil0B987E15D7D56F5D879F80023B522BD7,cmp77BC5A6BEA7BAF26271CD41B8618A090,ntxgvfrb.dsp|echo_en-AU_hq.dsp,169620,,,512,80
fil97359136868FE5AC3EE41C40B1939CCE,cmpF31D41166C0FC7FE542210A87C358660,rg0o1z0c.nrm|echo_en-AU_hq.nrm,971790,,,512,1032
fil04DA3B4D242117E9C26731ECB189AAF9,cmp230B422F2B095D13F81690E90610FCDB,zmzocroa.phm|echo_en-AU_hq.phm,78,,,512,34
filC5BAA4F4072EFED43326ED0BA5D46196,cmp339AE2F8B92809D5542B4F04DBEA5613,djw-kzr9.th|echo_en-AU_hq.th,3,,,512,1388
filB0C79BE972880E31B7C2D1D75C84D604,cmp45FBC1C89D4A0066B6C563A9AB6788FC,_q0dmeu6.amp|echo_en-CA_ex.amp,1004384,,,512,1221
filEA9D89770F1C9294661C118F895B1932,cmp745F25C46B9A1128ED8EB311D2BDB642,jfm84aju.ehs|echo_en-CA_ex.ehsc,1004716,,,512,1649
filBD15B1FCECC410C2AE65CEDFFFD0CAEB,cmp8A59557620655AFD5132E33A0FFE3445,8jmqoiqp.eth|echo_en-CA_ex.eth,4,,,512,1315
fil419443BE83B5B2D716B47B388D7BCE25,cmp4DC80B27C22049121E53B80C536426E6,q_ksr8xi.hsc|echo_en-CA_ex.hsc,1004716,,,512,449
filE78F0C373AD1D2A217A9EDDE794DCD5C,cmp20F01D6CB210711593B3DC2E33D27590,5g_zxd0i.nrm|echo_en-CA_ex.nrm,971790,,,512,1633
filD1BAA570751AE42CA2EB7F66A9E7B24E,cmp18788E25957BE0826EF9371AF332C866,cu4auodw.phm|echo_en-CA_ex.phm,78,,,512,1471
filF638AFE024B0ED3E53869E4C36BD61DF,cmpDA1358DA5FAE1C72EB28808392290872,xlpdk3px.th|echo_en-CA_ex.th,4,,,512,1733
fil0977E2378781E0574AE10EF68610B41F,cmpE07FA55AA7D018473B6C9BDA1C46CF1A,oc5rf0ar.amp|echo_en-CA_hq.amp,863096,,,512,65
fil9FEDC09F95485D1278CE464214FF18D9,cmp0194C1D188263E04236E4B543EF769BC,6-otvbie.dsp|echo_en-CA_hq.dsp,168156,,,512,1093
fil6E47B6812DA7098BAE32B255311A6F94,cmp81CB98B6A8FDFEDF8F0B705A06EFA369,kvk_bfnz.nrm|echo_en-CA_hq.nrm,971790,,,512,759
fil557A8EC79365395C9D058C686AA06B0D,cmpB60ABD338A629D46816E7D414C56F33F,lhhwa_fk.phm|echo_en-CA_hq.phm,178,,,512,591
filF08B2493967D0B10B139F50583AE52C8,cmp4E0D46600C6EC22CC5BB28685D4FDD06,bgmzxffh.th|echo_en-CA_hq.th,3,,,512,1689
fil9B6C51A4D12531E68613EC83E37AB240,cmp97A13A0C15A7CA33EA112BB9108332CD,yuelt4ng.amp|echo_en-GB_ex.amp,3524784,,,512,1061
fil35546889B87E5E9DC641EC6E44D12516,cmp72A98F9519A8FFDB8763B316E4F548C8,1ggsdb_g.ehs|echo_en-GB_ex.ehsc,3525116,,,512,374
filBAB8C0A14FD0F29EA23F87614A0EEF51,cmp5C5306C7E379FC708130D9872215AE52,fqcc6tyc.eth|echo_en-GB_ex.eth,3,,,512,1296
fil464EF73C53DDA7EDF9B0DEBF6D9C6F00,cmpC5ECF5A2BE0A79ECA15F1A4933EEC9DB,ymoq0pd1.hsc|echo_en-GB_ex.hsc,3525116,,,512,489
fil34DF23F0A81A2BF83FE6A09A421E61BE,cmp0A9CF6195E04EA50D69D37BE14D3A34D,zwq0a9m_.nrm|echo_en-GB_ex.nrm,971790,,,512,370
fil098D140E058676DC37BA4CA4C662B626,cmp887C2B664A1210B04C626C682AF2D9B5,ay6mm_rc.phm|echo_en-GB_ex.phm,78,,,512,66
fil1C032FC1ACF6EA7A192B012712F3DE2F,cmp492E8B394625774DFD504D3914490C6C,pbndkppx.th|echo_en-GB_ex.th,3,,,512,183
filE0DE8F175C085A32C0ED864560483D83,cmpC05BC8E6DA8730AF2C0CC106107AD21A,p_-_5qpf.amp|echo_en-GB_hq.amp,883928,,,512,1589
fil487A4466ECBC53934D242F48592BC49A,cmp308151EB8F19A23B41AE234E51C593AB,ongwoptk.dsp|echo_en-GB_hq.dsp,169620,,,512,505
fil5B52369337CD4179A6359A6A37B9D77E,cmpD48D4ADEE47B9C799E0C9AEFFEF890E3,nzarsxit.nrm|echo_en-GB_hq.nrm,971790,,,512,631
fil507960C55A8CD4DA09AE0DA94704B405,cmpE7418A4708DF96145FAA5ACC831BEF63,r52ri6te.phm|echo_en-GB_hq.phm,78,,,512,556
fil63F6DC7FC426FC0AD164F51FF50844E3,cmp81B12D742D81CF0A32B8D0FF50313084,iwiotyhk.th|echo_en-GB_hq.th,3,,,512,689
filC6B32564EC2016DE0E0B72499609335F,cmpFDED06470BA8C8D39103A799F793F1BC,plxaepqo.amp|echo_en-IE_ex.amp,2984824,,,512,1395
filBD9303AC28E5DCFE2F34E554A6C49026,cmp2747F32FCC927AAEDE06C6AB30A5AC77,-_dt1qgy.ehs|echo_en-IE_ex.ehsc,2985216,,,512,1320
filB792462DBDDFBD483A9E309268DC5D2A,cmpAEDE62F8F4FE59E6CBA88A4786B4FE7C,tbftp99b.eth|echo_en-IE_ex.eth,3,,,512,1273
filBDEFB372CA5A74D778532620E40E18AF,cmp2A011BBD18A1D6FC6D0852D820B1E9F5,qaglfu7l.hsc|echo_en-IE_ex.hsc,2985216,,,512,1322
fil4129827FA8AACEE92FF75636167DE4EC,cmp9AF04775022A8D6B147C7F91AE818343,kqqmsymx.nrm|echo_en-IE_ex.nrm,971790,,,512,445
fil9B8CC9828BE8E36B0D6D58AD20058D88,cmp93B15DAD8203A8623F11B9F07BF53FB5,rlns-scz.phm|echo_en-IE_ex.phm,138,,,512,1062
filE54DE7FD284CEF59E843D69E90A8D8FB,cmp4EC9DDA0236D901AC38A09697D91D635,gc5y8rpt.th|echo_en-IE_ex.th,4,,,512,1618
filD1304A3E0B0011C811D23BB7803EA571,cmp4FD82966E2D81F19AA1B9F7EC3DF4AA4,c8y4de3v.amp|echo_en-IE_hq.amp,883928,,,512,1468
fil9345C7B05C3AAABF48073A54420DC807,cmpC0B838AA7F6A414877E19B2F105566C5,qoccyxsl.dsp|echo_en-IE_hq.dsp,169620,,,512,1001
fil105F02A2919B508B05063F6EAC93211C,cmpEB7EF79238000E4D804AA9D6781FBAF0,k6lvqozd.nrm|echo_en-IE_hq.nrm,971790,,,512,106
filDF62BC07D35596F46CF49B82CCBCCEF0,cmp04DBDA5537664C89174EC785A30DC338,v0cbtsti.phm|echo_en-IE_hq.phm,78,,,512,1582
fil68365B120B7BCDF789EDF3ACD59034E9,cmp8BBF07E478F47B41939A21CD192D2D50,f-nidt1m.th|echo_en-IE_hq.th,3,,,512,717
filEF6F2C374630A1723EF009D99B691F5E,cmpA0258F71D133584FD27ED2C155C61BE5,dil62cie.amp|echo_en-IN_ex.amp,2982000,,,512,1680
filA3ACB136332C06E62BE691DB3E56DAFF,cmpDB2E0E638167D9F1865A71DD3DA9CA4F,-t-3ebz6.ehs|echo_en-IN_ex.ehsc,2982332,,,512,1117
filDBE830C079F6FD0FC96DEEB7E6D0B43B,cmpF863B0A68D1AAB20086FA5E0D532559B,wxrm-vsu.eth|echo_en-IN_ex.eth,3,,,512,1554
filBB4402A0B7643E7EE86A28C6DB507328,cmpB609DD37A390343802A85AA1BF93FD31,u50sqw9d.hsc|echo_en-IN_ex.hsc,2982332,,,512,1302
fil4B544FF51C7CBFE2BF86870CFA466C3A,cmp0EAD7F87DFC3CB99173357D636ADBA37,7skbieij.nrm|echo_en-IN_ex.nrm,971790,,,512,523
fil8C467763C7CA2944530D8A8C615AA5F7,cmpA5C6A46E957EE41089D4162193664F11,ot8e-zhg.phm|echo_en-IN_ex.phm,78,,,512,948
fil20248D9466B1B79DC87D9A4CD57B6DD2,cmp7AFCF62A3801132A9C7CC57705C76B2C,pc6llegn.th|echo_en-IN_ex.th,3,,,512,214
filF94F7F199264FC258742C8C1CEE81FE0,cmp437F0BA216907F375B2155FAC4CA857C,tk9hbopd.amp|echo_en-IN_hq.amp,883928,,,512,1756
fil174752D61B926411D3185EF6D31EAACF,cmpB03821012CAD110A2ECE97251C90550E,yskqxxio.dsp|echo_en-IN_hq.dsp,169620,,,512,151
fil88CB297636A4976360A4599048DD4A59,cmpDEDF19A475CF2E4901619D2636200A22,eivkieol.nrm|echo_en-IN_hq.nrm,971790,,,512,925
fil8E089963E57F19DD46592EE0076A9539,cmp2FADA3B1CA69766335EE4DFF51660442,n4cjeodc.phm|echo_en-IN_hq.phm,78,,,512,962
filCB9B1663DF24135121BC6097747F9820,cmpCCFC784CCACE07D7563BA5A424E60125,mblmfn9c.th|echo_en-IN_hq.th,3,,,512,1430
fil7256ED51E3BC3B2C01537F8DF784EE32,cmpB3A9A0E5D59DC98D16D33F49106832F9,6xjgoc74.amp|echo_en-NZ_ex.amp,2984824,,,512,787
filF644B67103E742D4E2A9909F2D19CC4A,cmp786022BC3F2E2E7682C596A5717BC261,pgebw6zc.ehs|echo_en-NZ_ex.ehsc,2985216,,,512,1734
filDE6F4421CF6869709A9318A63CDF3B82,cmp8C89C9567A76341EAB85CE50DAB510BB,umy_0n8i.eth|echo_en-NZ_ex.eth,3,,,512,1572
fil333C68A88B7D41036CE090C360558F4B,cmpD184E3B37A349C82A5E184FDA6272E77,u9jj5uz_.hsc|echo_en-NZ_ex.hsc,2985216,,,512,358
fil7CB7D555C67C886C5D7B6C8459D59A16,cmp22080FD079D8E7F3D0C95D4E2A7B20CD,hcamamcd.nrm|echo_en-NZ_ex.nrm,971790,,,512,847
fil5DA0BAF86CB75541E65B16A7F9EAD35B,cmp58221240076A15477A7B08DE7913629D,2reywapf.phm|echo_en-NZ_ex.phm,138,,,512,644
fil7F59826AB30F8DD4DE4278C735DAAC39,cmpDBBD39955ED72CDE1D4F26CB1A2D2BAA,-gi27ayl.th|echo_en-NZ_ex.th,3,,,512,860
fil1842071DEE797CB2881C86F63AD829E4,cmpD38E600508C4817BE3FAB017A61F1C8B,dkekb5iw.amp|echo_en-NZ_hq.amp,883928,,,512,153
filF9190B3A888AAB51D0D2491A2F398BB0,cmp13AFFD23023CE0CEFBC55FE498A17780,rcevov2a.dsp|echo_en-NZ_hq.dsp,169620,,,512,1755
fil4E5FFA7FD1CC9AB06C6C34DB0F8E7ACB,cmp90DE8F08FEEF9D63B4E2DB3C029EF817,00ivl_fo.nrm|echo_en-NZ_hq.nrm,971790,,,512,542
fil7DD6C216DA4C36071BB9BF0771D62708,cmp11F9B62D64F10468A00D41D84E8894E7,94u455zo.phm|echo_en-NZ_hq.phm,78,,,512,855
filDBC23276ABC37B759DDF16484155DFD6,cmp60454BA9AADABF78F617EB4894FFA956,5gu67uyh.th|echo_en-NZ_hq.th,3,,,512,1551
filDF074390EDC032EFDC7A6AFD5E2A0816,cmp55B96A944D798C8EED95AAEF35F888BD,yuqlbpz9.amp|echo_en-US_ex.amp,1004384,,,512,1576
filF8106AE5989333802318F057C0BE97A5,cmp00C4E68BACC58484842A3AD178D5EF42,1z-en8ze.ehs|echo_en-US_ex.ehsc,1004716,,,512,1740
filBEA5F69672F66B6DF572AA535181B9E8,cmpBAE12497D497DF62C21C7D594D368B42,e89ryxli.eth|echo_en-US_ex.eth,3,,,512,1332
fil619B95C0FDA57954FF1FB2B1F0EC5727,cmp8BF6F41D7BDE77ADFD507A3928A97645,pcfnwxiy.hsc|echo_en-US_ex.hsc,1004716,,,512,672
fil914A4C2299ABC5F780DB337CDEA7BE54,cmpC960C9A34DE3266E38DAB88810666178,yaayyvwi.nrm|echo_en-US_ex.nrm,971790,,,512,985
fil1F7BC32A625C7AD1EB2528196AC120BA,cmp023E1DAECA4D197A36C59CE7B9FD3884,2abwc9a5.phm|echo_en-US_ex.phm,78,,,512,208
fil3A2C1DAF6F6E6883ABBE2DFE79AFB881,cmpFE6D370787DB88C4807FBBF992B53AC0,is-ua_v2.th|echo_en-US_ex.th,4,,,512,403
fil2D78B5F418B7923490F5BC3F8D052C47,cmpDB3CB59B3071D300E3D474D1EF2FEC34,pwe6lrm4.amp|echo_en-US_hq.amp,863096,,,512,317
filBD7CC0BB5263269C9C870DE49DCF5ED6,cmp7A3F41CD68A7AE5E97BD2DEC0372B314,wizxhbtg.dsp|echo_en-US_hq.dsp,168156,,,512,1317
fil4B2379DC68DAE3ABB02C2C658B8AD6C6,cmp7E04C3B6606D78ABA7A796BBABE6E04C,tbamzvam.nrm|echo_en-US_hq.nrm,971790,,,512,522
fil00215A1E527EB688C26E1892B0B196AC,cmpF4153CEAC5BC8FA81D9B91DB75F06369,wtyeaczv.phm|echo_en-US_hq.phm,178,,,512,1
filED54E52F9C0D38626F07F07A2CEB37EC,cmpE5FC145900B653DA20C24B148A95377C,cq__iwxv.th|echo_en-US_hq.th,3,,,512,1665
fil9FAA2A044379DFCD1BB2FF8EF99BD401,cmp0EE99AFAB4AB95394CBB1AFE84FB4FC7,sdro_n56.amp|echo_es-ES_ex.amp,3521136,,,512,1092
filD6464E1D2086DE93C990A4BB769CF7D6,cmp8CEBB713F22BB7BEC8F4C7D5B0135C0E,spba5fe4.ehs|echo_es-ES_ex.ehsc,3521468,,,512,1507
filE2C4B7801399F7244733D00330CF3BD9,cmp0F82C25101B553FF21368681A35F57AA,1iefk2xv.eth|echo_es-ES_ex.eth,3,,,512,1604
fil97F95B14C807A610AEB0E785F18FE12F,cmpF21CFA6094BF66C4C55ECB1C1013091D,be6kdlvo.hsc|echo_es-ES_ex.hsc,3521468,,,512,1038
filAFA9AA87DA17941A8F45784C706BC321,cmp00D4A5E71D4090496D731B0702475DA2,vqp2pxyw.nrm|echo_es-ES_ex.nrm,971790,,,512,1214
fil3BCAB5DE7BF620FBB4EA8140E16EC6A9,cmpEE3FEBD8FB975733150F2C9B05A7DDAB,akmkaltv.phm|echo_es-ES_ex.phm,78,,,512,412
fil22AD4156EF5FE1DEFCD0679FC2F0484F,cmpAB9302CBB5F4EF0C11D3D2C19BA025D1,b8zc5-et.th|echo_es-ES_ex.th,1,,,512,231
fil3011B3C6677D96F6531F7502D3EC2C0C,cmp1C2623AC3509A291D369B205C48C1510,9twbe9ez.amp|echo_es-ES_hq.amp,935196,,,512,336
filC3B8216469714884DC0C20639C105B0C,cmp3CEFC36F68C2A8AEDA69E23AD5C47427,jt2dzuo9.dsp|echo_es-ES_hq.dsp,168252,,,512,1366
fil489187422234AF29658F7FBDE8B91CF9,cmp1E32E5C67D6B10C24C2BAE1931556A1E,5ctl_8ym.nrm|echo_es-ES_hq.nrm,971790,,,512,506
fil1A9AF7B3C63A54EDCEAEE6F5600FCC46,cmp50E48BC518B038632FCD9C5B5D62058D,ie8h1yu6.phm|echo_es-ES_hq.phm,78,,,512,172
filAEBB2E5B5E6B578021F66FBE0A5F8A43,cmpFED89C06804C519019F9250C60B907D7,ns7vthlh.th|echo_es-ES_hq.th,3,,,512,1208
fil006FB1C869377E87739CADD2D7F7514E,cmpA57EB91BB3F4B473886B045D130FA20F,dl_gruys.amp|echo_es-MX_ex.amp,3521136,,,512,5
filF3389128343F3BF2F305723CAC83B302,cmp54DF786FBC4FB8EA62DA89ADBC289C3E,hgb6o03l.ehs|echo_es-MX_ex.ehsc,3521468,,,512,1711
filF448442EA22B30435D64564355D49659,cmp7FC7226ECD32D5081B4F0CED391AEA02,66muepyy.eth|echo_es-MX_ex.eth,3,,,512,1721
fil434D7F7C55531B7EA194F5A187959392,cmp77EF271AA425B3F39E9B8F3AF601A260,2_a-lay_.hsc|echo_es-MX_ex.hsc,3521468,,,512,469
filCED73CBAF3A4E93CAF6CA56EBB998D62,cmp364FF16DD7FA64C8F5846695C26ED779,cehftauw.nrm|echo_es-MX_ex.nrm,971790,,,512,1454
fil08AA2DF596433191B0D66B2FA6458527,cmp97725713BC6AAA7E27C26CDE8596E63E,gp9hqsuf.phm|echo_es-MX_ex.phm,78,,,512,56
filA3E97FA2450C4433C6B2C2D864E7E14F,cmp2D36E0F96A909ADA25AD4DC4418BD1AF,ub6mrgc_.th|echo_es-MX_ex.th,1,,,512,1120
fil47A4E1E03EA5AF14145280C0E0054283,cmp57F8F1D656996747C62FC9E206FB6E9F,8uqt6kju.amp|echo_es-MX_hq.amp,935196,,,512,497
filADE89D85A2D4E267E9F3039EB56452B9,cmpF08AE2BE9DB0D66A7F66FC18C5B83599,mfpxhkkr.dsp|echo_es-MX_hq.dsp,168252,,,512,1206
filAD90F6A55095DD828FE9DF6682C22A94,cmpCDD01C55BC62169591A11EDC050E23FA,jwufn4yl.nrm|echo_es-MX_hq.nrm,971790,,,512,1204
fil824596835069E0C258EF1C43FC8C9CF4,cmp789A391F2492328C0C9D7E36DB7F995A,axzwv4zf.phm|echo_es-MX_hq.phm,78,,,512,882
filA7B8DB2286270E0BE6A83470ACF8CBD6,cmp04C3B66D4F60686A5CFCEEA383ADCDF3,wfxno_1q.th|echo_es-MX_hq.th,3,,,512,1146
fil4262EED1B3104B8A665C088EA106546A,cmp2E3AEF76E7A88E99BC5BAFCA167729EB,an-zenp6.amp|echo_fr-CA_ex.amp,9804680,,,512,459
fil74ABF29D2DB8B9AB33C673267A340C7C,cmp80158CE80F117223F0EF221E2D2DA390,ukq1n-re.ehs|echo_fr-CA_ex.ehsc,9805012,,,512,800
fil95B23F1FCB0134F8748DC4AB300D5421,cmp8B0ED656224318F2C0C832A348B261F1,9zcswrcg.eth|echo_fr-CA_ex.eth,4,,,512,1015
fil9BD58D02DFC56AAF8DA0040189C8EAB6,cmp9AABC5DD7CFBB290A164423C466FBA18,tyaryyet.hsc|echo_fr-CA_ex.hsc,9805012,,,512,1065
fil795DBD6193FE23DD03536DB32479BA71,cmp21AF37B3136C75C7662266D035FD4015,_dm0yix5.nrm|echo_fr-CA_ex.nrm,971790,,,512,827
fil96B19936086EE845C89A69DC44B2E9C1,cmpC3E798F725A4310ADAAC3125989ECB33,zdlaehfs.phm|echo_fr-CA_ex.phm,78,,,512,1025
fil619ABB15E138ECD13718E11F2A2B5875,cmp958E4A4B80EB77023AE653F38E95EDD7,5gzjmo3s.th|echo_fr-CA_ex.th,3,,,512,671
fil8A46218914856FBFEBFCB3AABFB66016,cmp7BC02D9BB8338E7F7AAC606E032AC499,ui1xgaoe.amp|echo_fr-CA_hq.amp,862168,,,512,934
fil9C51002998F93ADC4AE8E93153DC8331,cmp07EAE36E704DF78A6735C0981C92A414,7lfogadt.dsp|echo_fr-CA_hq.dsp,165644,,,512,1071
fil96D708A9AE66F951C928608792D75883,cmp80F6F4CB1E378632C8D3E7996DFACB4A,fnruqpdb.nrm|echo_fr-CA_hq.nrm,971790,,,512,1028
fil28A22686A798071F7E753462E61F3321,cmpD6AC0921C0E1B1CB62EB9D22CAF5C83A,8cyy1avb.phm|echo_fr-CA_hq.phm,78,,,512,282
fil91718F51AA935AFC7B755B3165D8FF6C,cmp54522E5D5E6D14028D408B794256ACA6,qw7osh1a.th|echo_fr-CA_hq.th,3,,,512,987
fil5580C40938619475291DE10225B5EA5C,cmp6817FA14AB407AE03D7B328AB3DFA59C,ghdti9su.amp|echo_fr-FR_ex.amp,9804680,,,512,592
fil2AB90D33C23D70FF17094BA921D609E8,cmpD21BB868EE05228523FB8FAA0A5BDA05,4gfg4mmy.ehs|echo_fr-FR_ex.ehsc,9805012,,,512,297
fil81CD64541CB41B17DE033984CDBA303A,cmpA376AF23D4288F82D1182CA440F47A94,asv5gdho.eth|echo_fr-FR_ex.eth,3,,,512,879
fil6FC73B80FE0AB4D37B47D3F9BD4F6595,cmpE2732BD8DC55E7D0D387A8D1FDA67614,gpzktkzu.hsc|echo_fr-FR_ex.hsc,9805012,,,512,769
fil39BE9712CE3DA34C12362B03518A6EB9,cmp1F47EB5392FDCEB9781197C645B74C25,sr2i-tfv.nrm|echo_fr-FR_ex.nrm,971790,,,512,399
fil1AF89D3E8BBE651A54E88D5E0A69F9FB,cmpF4A191669BA42DCEF026B8966AEE3DAB,zkqzlehb.phm|echo_fr-FR_ex.phm,78,,,512,177
fil16480E3523D498CBE64E0EC89737B43C,cmp872981E0B3519C7043D7EAE8391168A7,v5syrcdd.th|echo_fr-FR_ex.th,4,,,512,145
fil2544B379E825AB982ED5D39365EC959D,cmpE93E7C12F1B68514C88D7DFF2325B108,q4an6hmw.amp|echo_fr-FR_hq.amp,862168,,,512,258
fil5C1EE6B52204D147332ED3007BDD7202,cmp0BB511034AEBE0BE7E4E601EB3E427A8,9prckl97.dsp|echo_fr-FR_hq.dsp,165644,,,512,633
filF3B87AD7BF6C6F8091FC61B8DD9BA816,cmpAB9F4F8F8797A846BC832A0A07969283,hlmqsfhr.nrm|echo_fr-FR_hq.nrm,971790,,,512,1718
filC63309E727FFAEF24B33424CA9AC76C2,cmpB00F96BF233C5F354B37CF5C16CA5880,3uosfutd.phm|echo_fr-FR_hq.phm,78,,,512,1392
filB9A3FA71699A692C9C08D1CC102C2027,cmpD141C2FF2F23DA6D6924D48CE82EBB5C,c5jyzmbz.th|echo_fr-FR_hq.th,3,,,512,1289
filB0BCD1AFA788634B9ECBFABB20580E31,cmp9C3922A062C65882F13354417EF6960D,-imrdeii.amp|echo_it-IT_ex.amp,3521136,,,512,1220
filB1475AD52B4CBE17653208E3E5DD06DF,cmpA05BE086BCD1CC22D6814009C4D2AEDF,oy_zzgpl.ehs|echo_it-IT_ex.ehsc,3521468,,,512,1228
fil8B918E1939897F865F955B52942A9181,cmpD0A963909A1EA7518005D27BB0DB7432,0kdnej99.eth|echo_it-IT_ex.eth,4,,,512,940
filD48454EB9EEFE7B35C4755E892CE9B7A,cmpFF6D3EAB791AEB02FC1BAD5A2747188C,me4vro-8.hsc|echo_it-IT_ex.hsc,3521468,,,512,1493
fil884F50B8574EF67E72A7CE6B2F8C356F,cmp9C01344195B0B519777E4D676CB5FA9A,ya1icmy4.nrm|echo_it-IT_ex.nrm,971790,,,512,920
filE1477ECA242D34D5959E28564419FEA2,cmp631EA15DF8F0D5BCD4EA51A3CCAF1ACB,i2wr1qrz.phm|echo_it-IT_ex.phm,78,,,512,1594
filBC1A7B016A57DD0CECE9323BA51692FE,cmp65423A2E8A1D856FED551EEF5F2AE239,m_w005po.th|echo_it-IT_ex.th,3,,,512,1312
filC57A21E6B8F85C0932BB4AA727D48EFF,cmpDF56843F8B0916E6EC7E5E36C513126B,ql1knpl_.amp|echo_it-IT_hq.amp,879440,,,512,1384
filE24F3A974B5E7FF0DB4506B220C04A3A,cmp98627786EB434784133C6A7D7C5C5E8C,xvyohbvq.dsp|echo_it-IT_hq.dsp,167028,,,512,1598
fil92E54524313BE504B23186A65F3CD860,cmpFAFE74B39E0E2ED4709F7AB195044BCE,dynhjfe-.nrm|echo_it-IT_hq.nrm,971790,,,512,999
fil216899415AF134D4A6235728724EE062,cmp06A877334B93AE19A91397B3D860412D,7nt7xflq.phm|echo_it-IT_hq.phm,78,,,512,220
filF86E31DB729EEF9ACAAF6CFAE65A8E18,cmp0B6874021C0FA2FD768335C4623C8947,q9i10_c1.th|echo_it-IT_hq.th,1,,,512,1747
filE8AABE80D8DD4EAA86A6E1A8BF875B15,cmpD5F2BDABFCA8098D29960246272394F8,oehjahm4.amp|echo_ja-JP_ex.amp,9997252,,,512,1638
filE9245C0195E1F71408118469DB568C9A,cmp745670A878C391C2CCC403E0C349A065,hj4b0zzf.ehs|echo_ja-JP_ex.ehsc,9997584,,,512,1640
filACFC3F358AA05A98AC1C0E312E6903E4,cmp075A9304B69B62B31133DF4808229FA5,yqy51gi8.eth|echo_ja-JP_ex.eth,3,,,512,1199
fil49FC3D90DC55FF7A4C537B99E1A67239,cmp6C7B276C7FED66E1D6FC0CCA4C9FD83D,guthvefi.hsc|echo_ja-JP_ex.hsc,9997584,,,512,512
filA91AC9A42C8BE996438B639D9EA825C3,cmp2287399BF57A8D3D6CC97566E4FD17AD,rcf3vna1.nrm|echo_ja-JP_ex.nrm,971790,,,512,1157
fil7BF5BBC730F93E2F4B153BA5657E1B4D,cmp6CE39E6E7948E4BF4269F5C9D5418A71,_4pkn3ll.phm|echo_ja-JP_ex.phm,78,,,512,844
fil59601BD5EF51C4062C7A5F9F9CC14BDA,cmpCAAF16733D61EE63EE06FB827E6EADA0,fbzyjide.th|echo_ja-JP_ex.th,3,,,512,618
filE69F15EEA82BFDE77BF9218C75952D3F,cmpF0435A1AEB39D2FB85519973DD79A1E8,fxo2pg9o.amp|echo_ja-JP_hq.amp,894564,,,512,1627
filDC8D909AF8A602D31422DC69CE373F3E,cmp47184BA63E806BCA203911CCD21EACB2,rud31yw1.dsp|echo_ja-JP_hq.dsp,166444,,,512,1557
fil60E8CD9B61A5C565FEE01C22144B9515,cmp3DC83A9E23E3FC29F10AD3D58832AE4E,fmafagln.nrm|echo_ja-JP_hq.nrm,971790,,,512,665
fil1391E1CC1FF89188E5E9082461900621,cmp399A6CBFA05D0DC609F8C7D35BD3FD13,vimzv3sl.phm|echo_ja-JP_hq.phm,78,,,512,128
fil4369CFE123C41C1C5CFF3E2C2B29E946,cmp5B8916E7C6AB7FD1F0549FAB1432C878,juhwsctz.th|echo_ja-JP_hq.th,3,,,512,471
filC1F1F91D467AF5CCA6E905FD5ECFDF98,cmpC78FCAB155EFB4631C6A6754C7D07D86,0hilofvf.con|fuj_constraints.conf,38,,,512,1355
fil7BB90479F49AC4ABFFE8FF6C6F0DD259,cmp281110EFECA805176B52A3480722DEF8,snw3w4d4.alc|fuj_ja-JP_ex.alco,16,,,512,842
fil1DB7FEEC68F8158A9B5A555F62DFB5D9,cmp40A0C672596CA345E0D487B5A2FAD2CD,0x9eni7t.amp|fuj_ja-JP_ex.amp,1665508,,,512,197
fil3DE54245C520F0941B265225682FF0C8,cmp6C72F4A3648F5D8D304D93549C829653,f5qm0hfd.ehs|fuj_ja-JP_ex.ehsc,1665852,,,512,424
filFDB987ABB5D6383E9C25922F37830E24,cmp212939A4D11F000C42F8E593969D5370,fjn02vsj.eth|fuj_ja-JP_ex.eth,3,,,512,1783
fil77CFC944D04F645BB4D4900FBFD03353,cmpA9D299B18E824E466F81A545631093C2,bkjwt93b.hsc|fuj_ja-JP_ex.hsc,1665852,,,512,818
fil891A6F3BB30C9AB73CBECDEBBD8A00FA,cmp721151D1ED6FA1ACB1D28F30DE925EC4,gomijmpc.nrm|fuj_ja-JP_ex.nrm,971790,,,512,928
filD442EF2972C71AE264E3F78E0F341534,cmp485D3A672B9911BF3649D48274915DBF,2wxkxupn.phm|fuj_ja-JP_ex.phm,90,,,512,1490
fil417195E3F5852CD448931A144B252915,cmp80387F0FEBD9C5C81EB4537A78A91A0C,rpbj4wz9.th|fuj_ja-JP_ex.th,1,,,512,447
fil01034B4E8BAA4AEC3CCF5F35EA2FF892,cmpEFF3F4A8D295EEB5B83CB7EFC49A2FD8,bq2rx6lj.amp|fuj_ja-JP_hq.amp,901844,,,512,11
fil68EBF599D2FFFAC1979040D0D1C775F6,cmp2DAAFC2EA06D70500B602603786CDD86,tlo52eza.dsp|fuj_ja-JP_hq.dsp,167628,,,512,724
fil70924CD2110172CCE590BA5ED02D12D8,cmp842E85A3FD0890254FD3ACDC6DD72F8F,bjckzgjc.nrm|fuj_ja-JP_hq.nrm,971790,,,512,776
fil925DEC34717601FE685C0F06172AE61B,cmp36C35952EE0155BBE9E81ADAA9E113A0,ybg4hfjn.phm|fuj_ja-JP_hq.phm,90,,,512,996
fil3AE8783823ADA8C847042FA7D8AC7B1D,cmp2D5D8AC37F095C07B4F01529634C4779,pg9xifhg.th|fuj_ja-JP_hq.th,3,,,512,407
fil9F375B814B3C022FA4472814F87E2C6E,cmpFCE0E6C8BA094EA12F45A1836144C182,aa0wgstg.con|heyclova_constraints.conf,38,,,512,1090
filBE7686C323C356D1A8AD68568A70124C,cmpE62E8B1E683C95D75ED8630084F0B726,ewjpi2bb.amp|heyclova_ko-KR_ex.amp,1461912,,,512,1329
filF3A8C9FBFECCE11B99DC7ACE5C6348E4,cmpCD87273DDA74052E2E77E6F867A81A1E,axxl9967.ehs|heyclova_ko-KR_ex.ehsc,1462256,,,512,1717
filB53E3846B5E0AB87327A13FFAB53E422,cmpE469DDA743B7662AF57D19ADA50E703A,uv5hva_4.eth|heyclova_ko-KR_ex.eth,3,,,512,1256
fil8BF281A0AED10C9142A6F98FB3F49452,cmp5629A357A9FB85773E2F09980D4951EA,l2a4zdrq.hsc|heyclova_ko-KR_ex.hsc,1462256,,,512,945
filD09F65856C2370673F2F974BF33F9091,cmp6344159FF680DFA998B40C98FCACCB34,z3tg810s.nrm|heyclova_ko-KR_ex.nrm,971790,,,512,1465
fil910B968C13F33EE4295E3A18DB6DAFC7,cmp2C336C480A25A27CC132D9D7E369F9E2,ap6x1g-u.phm|heyclova_ko-KR_ex.phm,90,,,512,981
fil8073C2AC3E6AEC73FAD65BE0CC03140D,cmpD84E0B70CD88A0A05E89AAECF9B6B91B,woillkrj.th|heyclova_ko-KR_ex.th,3,,,512,869
filAEFD0AB2E5BB62616C7AA86723E3B5F8,cmp58DB93626D8251E4EFD1BE26B27F71AD,8crlnyja.amp|heyclova_ko-KR_hq.amp,988376,,,512,1212
fil67934DD4E80CDB2A54D4BD0209A786E0,cmpC2858607AAAB19CFBFFA4CBFA653FCFD,qubfpfhb.dsp|heyclova_ko-KR_hq.dsp,174824,,,512,713
filCF0FA3A13E7F67448D375326BE1A436C,cmpF61CA30484799B7DFC38EACC089943D3,ki6pguqj.nrm|heyclova_ko-KR_hq.nrm,971790,,,512,1459
fil30B7C2B1E7777B5321F84454989B3180,cmp8F3E601EA6FB3E15C46F5F260AD03331,0meovg0y.phm|heyclova_ko-KR_hq.phm,84,,,512,342
fil80FB9B9AB9CE1B07D21F54EFB000DFAC,cmp6E450F2F6375E4D2FB1EF7C1A3E09110,ipukobgi.th|heyclova_ko-KR_hq.th,3,,,512,876
fil4908134404CD05B7634102482683300F,cmp48FA4CF34455BCAFEA769E9CB3699CD0,etotshwj.con|hilg_constraints.conf,38,,,512,509
filF02A0E67436D188537154B5BEAA14A0B,cmp94E3F516FF481A5CEAF6C6E0BBEDFA68,1ziwoqvb.amp|hilg_ko-KR_ex.amp,1461912,,,512,1686
fil4DC339F6781FAEFC58EA6F9648DD408F,cmp8B19AA4000B78AB166F52657A6CFCFC3,2gpcdt6a.ehs|hilg_ko-KR_ex.ehsc,1462250,,,512,538
filB7829F1565132181C006947C6EC97C65,cmp04AAEC76510995E7E36C04CA0E7EFE18,bw-twppm.eth|hilg_ko-KR_ex.eth,1,,,512,1272
filE29EB41A09B6D4BD1297B55352BD3EA4,cmp3F59DA9DFF8B237FF5B9102BE61737C3,-wbsytfc.hsc|hilg_ko-KR_ex.hsc,1462250,,,512,1602
fil04BC1FEFA539C16A91A309D4632F0586,cmp23DDEE7C52B12BFA5E54F17B671E4C00,zlwrgsjl.nrm|hilg_ko-KR_ex.nrm,971790,,,512,32
fil80E3EFC779526E67ECE3ADAB6394BBF6,cmp344240DF5FF3F952C94068A6EE67A09E,jw4mxpn-.phm|hilg_ko-KR_ex.phm,84,,,512,874
fil1BAF17D871F63AEB010E7C73B1AF4AB2,cmp85522101BBB67A346F18D556C0A5A73B,0yz-zet8.th|hilg_ko-KR_ex.th,4,,,512,181
fil4A1F934707843A893C50D0ACE76B8E21,cmp638E648B3CF90003378B60F9AF26A7EA,pogotgkg.amp|hilg_ko-KR_hq.amp,912624,,,512,513
fil0604599A44C6FA17232001E9937800AF,cmp8198E04715157BE4E820096748A61101,ld5n9fn8.dsp|hilg_ko-KR_hq.dsp,174188,,,512,40
fil2568C718C418B6B7CD0EC7996ACF4ABA,cmp908802C0EB9C8EF3B81B59F6ACD0867E,wspyfede.nrm|hilg_ko-KR_hq.nrm,971790,,,512,261
fil8BABBE723EECB9C3FEE9675E70162716,cmp6DDA217BEE8A641620FC9AE89292EE0E,_di05qns.phm|hilg_ko-KR_hq.phm,84,,,512,942
fil5880C1916735D75AB8BBECFA845CB12A,cmp807B1E464BB7A9A67C5959EA4CF4A123,b0x1lxcm.th|hilg_ko-KR_hq.th,4,,,512,610
filB481E4B7C5CA80D4611F0CEB9812FF11,cmp52457D281D812CDE66DADAFC0350BD99,nqsh5sge.con|cortana_constraints.conf,38,,,512,1249
filC2A6127B4109FDA8B09FF779AF2D27CE,cmp84EFAF28ED34A0393FE24A5731F0B17A,isep868t.con|IntelHwKws.config,8638,,,512,1358
fil091023C922697C0C2FA9860D423150BB,cmp6D01092212C543E10504E6845372BD10,njbvbzvf.dll|IntelHwKws.dll,844856,1.0.0.333,1033,512,61
filFBF441BB2843AE330297F96FE72DD2AE,cmp5FA74542468B73A34DDAC3364F91844F,gi9nplat.txt|ReleaseNotes.txt,2409,,,512,1776
fil76B8ADB3DB7ACBF106ECEBA0FEE91586,cmp77DC3587972CF177AAD5737A02A9372A,xkcx6uly.amp|cortana_de-DE_ex.amp,9671268,,,512,809
fil2E42DAA45FAE82BC269998E1D6B65DEF,cmpD357B26C7DFE11A1BE860417C1C9E1FC,zrrphz4a.ehs|cortana_de-DE_ex.ehsc,9671618,,,512,326
fil1F9DF9AEF014838477337B870D3D8A80,cmpD238E23D467E8C7481D42DA9AC179D27,znlyidhd.eth|cortana_de-DE_ex.eth,4,,,512,209
filABE4C7973EE8E5BB640B22238D39DAB6,cmpE41581FB937E159954C9AEB976A279BD,eurq2yy2.hsc|cortana_de-DE_ex.hsc,9671618,,,512,1186
fil6EC7DFB8D63CC58DFCF3EF10A2923DE5,cmp55D3C03F2C5E8EEA8506922DFC1ED80E,k_zp9o5w.nrm|cortana_de-DE_ex.nrm,971790,,,512,764
fil90C0E1E442CD09331BEC383D65A51EDD,cmp12145199B16CFEC5E69E6F051377F640,vr9emnck.phm|cortana_de-DE_ex.phm,96,,,512,977
fil2B54E926423510F9DF1E7FACE73CD2EE,cmpC316B9EE7A5DBDE2779A42AC4F60EBBA,gqcjhgye.th|cortana_de-DE_ex.th,3,,,512,301
filA9696321928F9AEBE00390F496237BCF,cmp6450908B0B3D553ED810E1480B74F0AB,crfyaacv.amp|cortana_de-DE_hq.amp,883928,,,512,1164
fil510D7A492D133C0EAF00F715F6255E16,cmp9413E7DB2F602FE60D006A41966372BB,zbipj0yt.dsp|cortana_de-DE_hq.dsp,170904,,,512,561
filF8E0F53477B680F82873660061DD3BCB,cmpD0C8BE9CAAC5B983389F8787BD948784,b1vl5h5w.nrm|cortana_de-DE_hq.nrm,971790,,,512,1752
fil1D72C9748BE30BA9508BADAED3035E3D,cmpBBD24B1BA7BBFC849A1944D3D0292323,wujsb8no.phm|cortana_de-DE_hq.phm,96,,,512,193
fil1DE2977CF8BAB04B040191C95DF36828,cmp11625F84A134FA9B76FC6789405DC17D,lt2jog14.th|cortana_de-DE_hq.th,3,,,512,198
fil13F452B5335EB0F8825B548B3C768FFC,cmpA2E9E761B9CCA3A1C7BA720B5DF03248,g_d8inf1.amp|cortana_en-AU_ex.amp,9671268,,,512,131
fil538ECE331DF614325A2BF95FB920EA0F,cmpDF006DE5A9D27742107D0DB6175ABBC4,eslkimzq.ehs|cortana_en-AU_ex.ehsc,9671618,,,512,579
fil104EDBBCC6CEF7694E05DEDCA666690D,cmpD1983A12DD450C1C8DCE825DF7F3D3EA,tibdyhw7.eth|cortana_en-AU_ex.eth,3,,,512,105
filC382533B6BD511D8F7514F01C6D941F9,cmpF755423BFE027735B39F0E54CAE061AD,vpzbd6el.hsc|cortana_en-AU_ex.hsc,9671618,,,512,1363
fil7CEE82806227DC1456868BEAA169F4DD,cmpFF1BB70ED37B8135C32F7469F9BC8268,acnnxxyn.nrm|cortana_en-AU_ex.nrm,971790,,,512,849
filBCF660E67712C4ACB6086ABBF45C73ED,cmpBA824833ABE16543E326E3A139E75EF8,4c4riyrx.phm|cortana_en-AU_ex.phm,96,,,512,1314
filA64034FF1CBDAD8C2D42090C64B1F958,cmp599B6DADA429948ADE833931C0FB015A,fmrtlttb.th|cortana_en-AU_ex.th,4,,,512,1134
fil1926E5B8F525E3F0A0A67DE6F596827A,cmp31E1660539867A5216B2AD80F72F6D55,u-fuptoz.amp|cortana_en-AU_hq.amp,907276,,,512,163
fil66CE579151A374F9A2DCE15398F84AE4,cmp7A11A489584D39AEA96315CFF7EEE990,apnk0_kf.dsp|cortana_en-AU_hq.dsp,172500,,,512,705
filAC2165534D9E230F609BCF47DC1919A4,cmpB94683FADA2B291593DB3FB9275D8D18,psphlbya.nrm|cortana_en-AU_hq.nrm,971790,,,512,1189
filD11ACA1696E44725DC019C427350F11B,cmp618DE96E18EFA8518ABE85814B967FED,7qf5o7dx.phm|cortana_en-AU_hq.phm,96,,,512,1467
fil53367CAB59BC31C84149132007C84A05,cmp787C0D4B0DECE119AF3D9526DA384276,0qznj4hp.th|cortana_en-AU_hq.th,4,,,512,576
fil46153B8B2D295205153FB42CA390F20C,cmp26FC49A0B471372B22FB88A81F352146,mmj6edvo.amp|cortana_en-CA_ex.amp,9671268,,,512,487
filF1D40E0B3F68B65A75B3AA06926E70A4,cmp4F86223C4DC9C3678FAEC3BAB6F367B9,4xetbnmq.ehs|cortana_en-CA_ex.ehsc,9671618,,,512,1699
filBB8666096D300A0E437F04ECB65121B2,cmp168F7BD7405F0436CFD4AB3780850782,pchbrg5s.eth|cortana_en-CA_ex.eth,3,,,512,1306
fil442AF2314324BB2E13E0F374DC7E5E43,cmp3124B90F40C2D1DD72B4B8DB07A806F3,vejwcffm.hsc|cortana_en-CA_ex.hsc,9671618,,,512,477
filD1FE8656F1981F967D52250CBF0DAA70,cmpF1E30600F54F9AB1C8314C8179041C2A,endiirec.nrm|cortana_en-CA_ex.nrm,971790,,,512,1473
filFB9A1F86BF23C30384B7DBCA42A93ED3,cmp6C4EF5509E2124608622EF573CCEBACD,uk1txdqp.phm|cortana_en-CA_ex.phm,96,,,512,1772
fil9028DADA6124B485FC29C50EB4A57B65,cmp7A0673D74C66F60041998D3512770BAB,q9tjq3pb.th|cortana_en-CA_ex.th,3,,,512,973
filFE9CC3FC410EC7CA0FB1D5F7B68B26A1,cmp971571E8D8CBA0931311F85A9B902B55,9l3taplz.amp|cortana_en-CA_hq.amp,907276,,,512,1791
fil23BC920A0389CE4FB63357558DDD4A5A,cmpD6C96EAA5EA16CC59341D9AF21DE7CEB,5jwrgvta.dsp|cortana_en-CA_hq.dsp,172500,,,512,239
filEFE9DCF752E344B902CF2EC20738C91B,cmp5481A538F6911544171E0B3053402640,xjnkhgf5.nrm|cortana_en-CA_hq.nrm,971790,,,512,1684
filEFB1C123863EDCF92F3F549D2CA2B258,cmp9162AF0C015BAE7FED9BCA554C9E31E7,t222iaan.phm|cortana_en-CA_hq.phm,96,,,512,1683
fil4DFA1CB9865A2765255E1B1576454039,cmp1A38773466AAD65D609DF629A72F7926,vyukip9q.th|cortana_en-CA_hq.th,4,,,512,541
filAA1A6C07D368DB522B3157FF9B2F6F0D,cmp6210F7B08522775855EBFABE186CD655,l5jxayyr.amp|cortana_en-GB_ex.amp,9671268,,,512,1173
fil55CF30ADCA3A8B678A1E8E30A856734B,cmpCB9E83002833A9BDF8A569427F76E033,kxde4x0a.ehs|cortana_en-GB_ex.ehsc,9671618,,,512,594
fil00BAC6D17E8E2FC7A10933315E2AFBE5,cmpD786D542A4BDB9B314BC3CE65455D41A,co6kqxzl.eth|cortana_en-GB_ex.eth,4,,,512,9
filD22C11B352B7892C6D61B2258F593C0D,cmp895223EB67B52E764C2E761BB637EF89,rrazil-h.hsc|cortana_en-GB_ex.hsc,9671618,,,512,1476
filDA2505394A62CC9F15906F1B695E94B8,cmp75DFA2300A855EE8D023324B505DC535,jsuu-yje.nrm|cortana_en-GB_ex.nrm,971790,,,512,1538
fil5FEDDF849DCFD2C2B99804CDE8CF16DD,cmpBA436C2BA9ABA94E50C2ECC2C418C41C,d48d7fr-.phm|cortana_en-GB_ex.phm,96,,,512,655
filF872D3FF3A49984A64E788854A629B4B,cmp9D5022E194EA7D880C073FAA3A53E3EE,w_ckx0na.th|cortana_en-GB_ex.th,3,,,512,1748
fil4150A4DE80F23DE7AAF2729445552B11,cmp504543A237EE636870B8A01027B21A0F,niix0tpm.amp|cortana_en-GB_hq.amp,883928,,,512,446
fil72240EA7CB2C2F24F288A8CEAD5FEFC1,cmp43046B1EEB9EC121B39B8B752477F613,6x2mbovx.dsp|cortana_en-GB_hq.dsp,170904,,,512,786
fil601164319B886EE3856EFB16701219AC,cmpD548B5A58073320E23E294A8A417C119,pryfbv3i.nrm|cortana_en-GB_hq.nrm,971790,,,512,658
fil6E712A0EED3B40A4A9782E174C29E7FD,cmpE24263970137B30FE5FA9B889F61C788,ojxzat45.phm|cortana_en-GB_hq.phm,96,,,512,761
fil16ABBF37762006F0F71CAE50D429450C,cmp7D3EFF3AE273540F561B56CAE7B9BB1E,5timdrbk.th|cortana_en-GB_hq.th,3,,,512,148
fil60BC16931C213F53FFFA182683AE747F,cmpE38FDD6212D29E8765FD6214E849DDF2,zpw2fa-w.amp|cortana_en-IN_ex.amp,9671268,,,512,662
filEBB075B271AEC8FB64D95D839BE1811D,cmp9C733EEE0602FAD1B3EB7DEDB585C72E,cv7i-hfv.ehs|cortana_en-IN_ex.ehsc,9671618,,,512,1652
fil1E126EAB9CCD4A518D3C6B6ED41CCD6A,cmp06E9AE512471C8890CB79A7DB0DA029D,hjxnz7zu.eth|cortana_en-IN_ex.eth,4,,,512,200
fil4CEA731EB7033D9DDD50140B096CD5CD,cmp114A962ED88BE69EA12F4A3F1746E015,mcz9pqzf.hsc|cortana_en-IN_ex.hsc,9671618,,,512,534
filB2C9D1E1A691E068D06047AC5DDC09E2,cmpD0D5BBA041E92D24385622981B434BD0,je4frfdm.nrm|cortana_en-IN_ex.nrm,971790,,,512,1238
fil4BAAC1D8BFCAED1F2170F2B86CCBB2EC,cmp2982D94925FF468746AFD1F8B89E8531,fkjtd8vx.phm|cortana_en-IN_ex.phm,96,,,512,525
filC62E174FF585A8311D4B9FBD31C512B2,cmpC82E360EC65971EA676CBB4352CFD6B3,jw9eo-6c.th|cortana_en-IN_ex.th,3,,,512,1391
fil2CC7DDACA0720E1498D37E129C92E2CF,cmp927E46FFA862F411A00DC9442D6EAAB7,grxs6mrz.amp|cortana_en-IN_hq.amp,907276,,,512,311
fil48430E817574B70D1F4828197EAACBA6,cmp83C612479681783CBAB382ECB75BD24E,wtyau14m.dsp|cortana_en-IN_hq.dsp,172500,,,512,504
fil8B35D6445109AC19A636941CA02DFE14,cmp59C7668BF91E0849157ECA3D0F8D3D08,dlpcaamt.nrm|cortana_en-IN_hq.nrm,971790,,,512,938
filA374C469E4653C80048DD539F39230C0,cmpD65EA8EF307B7F69DE063274A7ED409E,c6h7e3zb.phm|cortana_en-IN_hq.phm,96,,,512,1115
fil0452D3E72DFA0164D55E0A6368688F15,cmpA413195D8EF6F2BBE506EC2BC7F117F4,iilidnq_.th|cortana_en-IN_hq.th,4,,,512,29
fil89060D1AA2A19BAE19CBE64A4225C6EC,cmpEA8A96A772CB0488B26142D71DD721F3,im0hbevh.amp|cortana_en-US_ex.amp,9671268,,,512,927
filB0785C77A995FB6BA825AECEC4B76BDD,cmpC6D42E3E01F29E862662361974A85AB1,xakdfbsc.ehs|cortana_en-US_ex.ehsc,9671618,,,512,1218
fil8F4CBE0894FD5CC3242E3DBFD5697473,cmpA77ADC34A687EF7264081144C8E3114E,guhkyl5z.eth|cortana_en-US_ex.eth,3,,,512,968
filCA847B571E8397B4215D106CC1E3CF7F,cmpCB0F6E0864573695F608A125C8C7AE98,uu5t21hi.hsc|cortana_en-US_ex.hsc,9671618,,,512,1415
fil83DD80B5221F58AF6EA9842F09E0827C,cmp5A0B490826F96EFAB6DB3142FD4D2812,evguxnm7.nrm|cortana_en-US_ex.nrm,971790,,,512,890
fil3B6EBBF9012348D5B16D3150B918ED1B,cmp4FD183F25DBDA59620877830F456C0B6,s8wn4asd.phm|cortana_en-US_ex.phm,96,,,512,410
fil00641E3BF08ADF854CD44EE6B468C2F0,cmp2E95224044FEBC0399985B163057AE02,hldxn3kq.th|cortana_en-US_ex.th,3,,,512,4
filD130B1FFA975623E2049806001CD214B,cmp03615ED751366DD180132FB56406CA34,dwbq3rzl.amp|cortana_en-US_hq.amp,907276,,,512,1469
filCB977CA5C0FB33A057790D483C6F3E29,cmpAC43A2B0A367D63A6AEC8890A09E7AD1,r9r9sbrr.dsp|cortana_en-US_hq.dsp,172500,,,512,1429
filC487908E409914E730B5D60A512AC169,cmp7B686F014D6951D41A88214236F38956,jevkg8id.nrm|cortana_en-US_hq.nrm,971790,,,512,1373
fil536A38C8E850464D6AC0B81ADE67B264,cmp6B581F400C24791416B3EC25293A5862,hqg6d4g6.phm|cortana_en-US_hq.phm,96,,,512,578
filB2165114E3F8B696578EF38B7D09FF59,cmp0AFEF62C6DB325FABBEAF5401E3B304F,aebe_pna.th|cortana_en-US_hq.th,4,,,512,1234
fil159CA481ADFC313050B892D437DD0FBF,cmpEA74EB819150DE3C0370C2E8F1B4B7F8,cvfkjlc3.amp|cortana_es-ES_ex.amp,935196,,,512,138
filDBB62BBD1D368EE7928FC9A0D22FF118,cmp4E4E73FAE2180D8953A3106D61C92CF9,3lp4lyrq.ehs|cortana_es-ES_ex.ehsc,935552,,,512,1549
fil87C3BE00CF2D1DC79E081DAC7FE3671E,cmpCD5B819AF90CB3C0BA9B98E3144F9665,fknhdxat.eth|cortana_es-ES_ex.eth,3,,,512,916
fil34FC05D12BA5232F0F2DD8E4F3BA931B,cmp73FD10C0FE5F1DE62943D3E872E88104,dbs29rup.hsc|cortana_es-ES_ex.hsc,935552,,,512,372
fil46C79BC3394A5105BDB1A0C2DDD9AE6D,cmp63C3703463EADD4EAD006621D1EA5F27,mk7l69uk.nrm|cortana_es-ES_ex.nrm,971790,,,512,491
filE840800B22D8F3F369D2547FE12F077B,cmp213381445A66201E3AD7B6E6054690CF,o4zwuziy.phm|cortana_es-ES_ex.phm,102,,,512,1636
filB6181995A0AFF43668AE4D7F997BF139,cmp16FB7171B3CF8C011B4EB6B580A468F4,0ot2rwnj.th|cortana_es-ES_ex.th,4,,,512,1260
fil79AF4C0638DAD0D17C7761A1281A3B29,cmp88466491DB65E347C24FB2018536869B,c-oaxntv.amp|cortana_es-ES_hq.amp,935196,,,512,828
fil591F5F7FC1D6B5011CDDABCAB0B13783,cmp1BDAA726D554F9BFC33A7DA28563E706,zikvcp7r.dsp|cortana_es-ES_hq.dsp,170480,,,512,615
filAD03DB6964ABBD92D9AB0B1779D45EEA,cmp1CB8A06D5B0745E1377233B4F8A87EAB,x53we6pl.nrm|cortana_es-ES_hq.nrm,971790,,,512,1200
fil08543BC5933EE937901E726B2C9CCE9B,cmpDF135AD5076E350B1C4653EB60B02CFE,lrkpjl-l.phm|cortana_es-ES_hq.phm,102,,,512,52
fil26D77E32599747DFBA999813F8E14E51,cmp73658CB38E3828523F6C15C03B8486AF,_cf8inkj.th|cortana_es-ES_hq.th,3,,,512,269
filCF0A64DCABA2F3BF05D8CE0E1C0D0DD3,cmp39A134212762FD7C98EC740B78D327B1,_dwg_rzz.amp|cortana_es-MX_ex.amp,935196,,,512,1457
fil38AC6111E7EECFC324DDF2CCC7E33BAB,cmpFE8CCF2E92E4E20FBB407C10BC9D9AE8,4g86fqul.ehs|cortana_es-MX_ex.ehsc,935552,,,512,389
fil9A219E8206C3F4577F45046D6AFA9899,cmp75B85DC22FA650503EEF4F008CF2CCF1,04toispu.eth|cortana_es-MX_ex.eth,4,,,512,1053
fil9F3A036B04A8D91F560FC56B78AE6597,cmp359BCB3D8A7D2AE39845FC7C9175FC71,-tq3cevv.hsc|cortana_es-MX_ex.hsc,935552,,,512,1091
fil4984B3F61FEC39F64B3862C883251F5E,cmp27F6FD25967BA4F1349B35D72301BA3F,47ipdemh.nrm|cortana_es-MX_ex.nrm,971790,,,512,510
fil0F727BD14D14EFA0B02AC530104F46E7,cmpF703642BCF7F86EF408D4AD21186A1C9,uvkl-r4q.phm|cortana_es-MX_ex.phm,102,,,512,101
fil8C33DD0F854799A44BADA962E0C736C8,cmp63A075783425C51F7412DEB7BA325397,mdtvbieo.th|cortana_es-MX_ex.th,4,,,512,947
fil01ECDA73373F0B271B761A651F447301,cmp0B561084CC7B789FCCA59B597C6A79F9,3awoiyfw.amp|cortana_es-MX_hq.amp,935196,,,512,18
fil08E9173B7DAE988CEB27B4D930CF38EC,cmp199F66DC18F05FED4D23F16AC4CD50ED,p6npo7eo.dsp|cortana_es-MX_hq.dsp,170480,,,512,59
fil031B9928A82AC2D5833128A9052D6EC4,cmpEC6AA8DA241D5A8275ACEDDCBC873BA9,bknvvaln.nrm|cortana_es-MX_hq.nrm,971790,,,512,25
filCB8ABF91A724ABD0352B86C0362C1C83,cmp59161B0019EF0A283FEFA1F1BC81B824,qpcrksvp.phm|cortana_es-MX_hq.phm,102,,,512,1428
fil27D860D2BB4AA5DDF7968F3932302457,cmp2995A586DC10702D33DB521BBA6D0ECC,y_micgsc.th|cortana_es-MX_hq.th,3,,,512,277
fil47CCA9BC7E0CABA503997C38C08D84AE,cmp9883F9E537FB477BAE70E847DC524808,wubin362.amp|cortana_fr-CA_ex.amp,862168,,,512,500
fil0B08D7C9B41B7BB2F26F273D2AE4B994,cmp323EB9E12560E124D9981D84D3A15375,rgoodbpa.ehs|cortana_fr-CA_ex.ehsc,862518,,,512,73
filBE328774E10D1F7A663E8CA94E9E34A8,cmp4EAAF97DBCDEC70FB067CDAF1701FF27,sf5xv5vr.eth|cortana_fr-CA_ex.eth,3,,,512,1324
fil34AD1A27F7429A2D82FACA13F7013778,cmp1C1CBF69D2BC0FE019A233386B7DA2B0,vhno3td0.hsc|cortana_fr-CA_ex.hsc,862518,,,512,367
filF41397DED79EA771C1712B5F1FF82454,cmp7CAB1603FC103E42079B4A30216E391F,hsqwpzso.nrm|cortana_fr-CA_ex.nrm,971790,,,512,1719
filCD57A4D8E36971F54AEAB5B686A7EE4C,cmp5AD6D5D4312A33E15FC010E0C7A94140,s1m27uqn.phm|cortana_fr-CA_ex.phm,96,,,512,1441
filE81DD0C8DE15A42618D6E1A36AEBB05B,cmp64147B7DAF1D3E6372B829CB5D47EF2A,3avnpzjt.th|cortana_fr-CA_ex.th,3,,,512,1635
filC8E15DEFBDE5E670711AB73D765C96BA,cmpD8BC6DA6E424B592C9AC73331564F0A4,qpatbyiq.amp|cortana_fr-CA_hq.amp,862168,,,512,1407
filCF04C6FC93C1E41AFDEC8106BCF9D742,cmp7B5A5C9D5E484F4ED471AD37842B6E4F,jzx_tgk_.dsp|cortana_fr-CA_hq.dsp,167308,,,512,1456
filB8896FA30C4461BEA979FEBDCC2607AC,cmpC4576E347CC6A7B56237C1B77A6420A3,t7onv8l1.nrm|cortana_fr-CA_hq.nrm,971790,,,512,1281
fil7321F4D8862643CF5DE587BAB7AC1618,cmp816E3F61CFBFA64F389BD8846562B3E9,0u9-mokf.phm|cortana_fr-CA_hq.phm,96,,,512,791
fil4DB4E29E5FD86E1BCA46BB0DAC02D5D0,cmp889993FCC5EDE1A2761563BB2A322DBE,xjxylqz5.th|cortana_fr-CA_hq.th,3,,,512,537
filAC946B23590517556FC37B9ED22C57A5,cmp77D8B1651E9EE4F1853A6FDA9D1C45A2,umjqeil0.amp|cortana_fr-FR_ex.amp,862168,,,512,1195
fil740CE34D253B5B3D4E0F3858E3086B0F,cmpC9C2C23F8B5DFEB5062CC1A1945784E2,zfmkolzz.ehs|cortana_fr-FR_ex.ehsc,862518,,,512,796
filE92E40CCE1E44DC3AA0E913034FC4B30,cmpD11A5C9110830835545487214299D4FB,yqe5gken.eth|cortana_fr-FR_ex.eth,4,,,512,1641
fil15AFF857712EE9D13098A7DFFDCF6713,cmp44D2D5F594A7207DA9FFBA746D746E27,rhrbvblo.hsc|cortana_fr-FR_ex.hsc,862518,,,512,139
fil7A108082A8F57228EB256C4E58DFCE8B,cmpF78F41AD0A6274B5A1DE68E266BF3020,rvnffsh-.nrm|cortana_fr-FR_ex.nrm,971790,,,512,831
fil9158D92BC32F49DCFB83B7F348A99601,cmp1FFE26CCA0D4DB06E302D8B03C6CA71D,ao_thqoo.phm|cortana_fr-FR_ex.phm,96,,,512,986
fil1CBC809F1D88D85CDE88AB5D16D9ABDA,cmp4F372BFCE1E4268D934BF5CAF33B8954,x4ptm0cb.th|cortana_fr-FR_ex.th,4,,,512,190
fil33A10876D18CF9CAE7A8B374937B6BEF,cmpBFD450AD11A4A7DEE20093882BE99E40,-6wh4kmd.amp|cortana_fr-FR_hq.amp,862168,,,512,361
filF89CA7316754BD5CF06081C27300059C,cmpA5CFEA3157D4A4D0BB4BD142EA547BAF,mnv2qgyw.dsp|cortana_fr-FR_hq.dsp,167308,,,512,1750
fil21E942FBBEE27DD452385FE73EA3B465,cmp976D9A02C14999D5A21E9254237FFE44,dln2vhno.nrm|cortana_fr-FR_hq.nrm,971790,,,512,227
filC33FDFD54915122A2B8AA5B59A7C8598,cmpAB6657C2B07A2DD52A1471CECB005474,fxsxmswp.phm|cortana_fr-FR_hq.phm,96,,,512,1362
filB3056D103EAA7C317134435B10953CE3,cmpAA6DADACF55C3CE275753EAA5CB78767,l_86boo8.th|cortana_fr-FR_hq.th,3,,,512,1241
fil2B37E53206604BC4DCD4FF7616321EC6,cmp22FA9A095C80D77E2FE6A79D47130E96,bxgkkptu.amp|cortana_it-IT_ex.amp,879440,,,512,299
fil0C6154CAA304EF878637ECE619C459CD,cmp0C4B057C3A869A36D5964930010EADF4,o2pltook.ehs|cortana_it-IT_ex.ehsc,879790,,,512,84
filA45E64AE25E9AF28766A617A7119309E,cmp9056726A63A45B4806AEF112DA159D06,_2gp1k33.eth|cortana_it-IT_ex.eth,4,,,512,1124
filC66426FD5FC6A2F5EF6FE1B2839F224A,cmpC7F2DB11E7B4452FCB0065ED1F9C9113,0mlkfw8g.hsc|cortana_it-IT_ex.hsc,879790,,,512,1393
filB1289C2A7CD002DE02A631E0C32B51D6,cmp7F5C1CC6DEC5E69AF71B012DFB5D6332,pcvu4zdb.nrm|cortana_it-IT_ex.nrm,971790,,,512,1227
fil9A3B4FAFDCEEE424D007E2B62BD7AB4D,cmp9FC69A58148F88C59DF66E059252DE24,cak21jwp.phm|cortana_it-IT_ex.phm,96,,,512,1054
fil5A81818D9C6874DADB54A85344BE5D3C,cmp8BB2E004842A09CD3E0DD55274BE9202,mgrynvro.th|cortana_it-IT_ex.th,3,,,512,624
filB871CAAB7A9A12E763DF72405CEAEBA3,cmp098C5ED0276D5DA4DED983F93CD0F5AB,ppqh8moz.amp|cortana_it-IT_hq.amp,879440,,,512,1279
fil7AAC4A2B0D14B358320776525C78C380,cmp88962EEE6C63EC775B7F297B93CF48EF,h0s-pwuk.dsp|cortana_it-IT_hq.dsp,169372,,,512,835
fil235398B11F5BCAB671AD5F40EDB2276D,cmp6CB273959D9F146CCC908F9FB2FED416,fqudgtpm.nrm|cortana_it-IT_hq.nrm,971790,,,512,236
fil7F5B326566997C90496EBBD70B64F774,cmp47203F93081899B78380D65A1E49806A,0ylsws2r.phm|cortana_it-IT_hq.phm,96,,,512,861
fil569960975FD31BD7CC337A6220B2A057,cmp64D2A92BFA625C998822D237E4B7D2D6,8rektvhg.th|cortana_it-IT_hq.th,4,,,512,599
fil5B2585732C9ADC3DE823B6432FF00CC1,cmpE333227A6B7E225CB7CE89701B14C587,facd0bir.amp|cortana_ja-JP_ex.amp,894564,,,512,629
fil868ED0DF8947EB5E80DC23D02896B461,cmpB320E56826E4EBA595EF8AB2BF69142F,6_1ffqxb.ehs|cortana_ja-JP_ex.ehsc,894926,,,512,907
filD3C37AE0F60A18D2EB68D1BAD1C6790F,cmp648EEDA51D7AEDDD8653482D239DD302,9mtlyiqc.eth|cortana_ja-JP_ex.eth,4,,,512,1485
fil85B7CC5EF4E37E6EE4B16AF38007C6AD,cmp3C9EEE83656272AACEDF13C3F6B3B45F,2qdoruaa.hsc|cortana_ja-JP_ex.hsc,894926,,,512,903
fil08699F7920AD0E00CBDFE616D455FB48,cmpBE4BDB34A98F360A01844821ED43F71A,wzuqrymo.nrm|cortana_ja-JP_ex.nrm,971790,,,512,53
fil8D3E0CD9FD9B6E7749C96473BBD06248,cmp9F51FAB35F672627F9EA8936E5F9649B,j_3qofue.phm|cortana_ja-JP_ex.phm,108,,,512,958
fil56F8F84E7DEC7F5BE38E99E6BEA268AF,cmp2427F155EE9223F4D7E65B82C401E9ED,_irktmbj.th|cortana_ja-JP_ex.th,3,,,512,602
filC38D2EA47683C67792853FEBA8B6C0AE,cmp89DD097B28BF7AD6736E1A52E3FF54F6,ves6i4xt.amp|cortana_ja-JP_hq.amp,894564,,,512,1365
fil232D6A2F31A1DA2C8527FC8FE3A0824A,cmp72E936C8E474032CB4C3641BACB5E03F,lblhzhzq.dsp|cortana_ja-JP_hq.dsp,169276,,,512,235
fil11279BFE5B87EA8E1BB1D0FBA8BCE560,cmpCBB48098020088FC3952FC769305F187,detetty2.nrm|cortana_ja-JP_hq.nrm,971790,,,512,109
fil42234BFF31752C93198A6B93620DE7C9,cmp86D8A04B65FC2B6F0CF2BCCE43E7CD38,4dm95qqu.phm|cortana_ja-JP_hq.phm,108,,,512,456
fil686418A2B5397C5C53E18B39D18F5C52,cmp7291D874949A409FCE3E4397A4D44273,cqdfaylm.th|cortana_ja-JP_hq.th,3,,,512,720
filBB07F01FE36AD25C8347FC7405797C14,cmp82F1818C3F861E2A7A97F344D9309214,jgpc2can.amp|cortana_pt-BR_ex.amp,879440,,,512,1298
fil0ED8C40DC45AC8C78667CB52BF7F7A6A,cmp6D07B03B0463202742CFA6D146C66657,q7z3kwuc.ehs|cortana_pt-BR_ex.ehsc,879790,,,512,96
filF0910990C6FDE40A90A32703424A894E,cmp70B1115A0353DC7105B205572C0F0AD3,mkrxaz01.eth|cortana_pt-BR_ex.eth,3,,,512,1690
filC1ACE5B955094BF6C067B43F1F33E99A,cmp42DB243CE43AFA7F7BC16A238E7F4698,g24ehgey.hsc|cortana_pt-BR_ex.hsc,879790,,,512,1353
fil01E22735282EE0A05ED424C929FA2156,cmp587BA9028AACB5B3ED577B3DC537317E,r7bygmvw.nrm|cortana_pt-BR_ex.nrm,971790,,,512,17
filE3C36CAEC0D9000C9BA142DC1FFD5A8C,cmp116C81C79995BE201DF2BE00D23FA418,qyboxfqz.phm|cortana_pt-BR_ex.phm,96,,,512,1610
filBEA018C9A7D9C0F39CCAEC49C9B69EE2,cmp3AB0CA50B3349E9EC16A2F1E8AA6050D,uaw0lxhw.th|cortana_pt-BR_ex.th,3,,,512,1331
fil34CCFA52FC7719825BA69A92ADF6BB94,cmp094224796494500EFCA03FF4C4A8CBA1,bdnq91yc.amp|cortana_pt-BR_hq.amp,879440,,,512,368
filBC156257ECED2F5E0EC44CDC38010112,cmpACE443B07F14B1C68AE43EFEE8846160,du_bqgrl.dsp|cortana_pt-BR_hq.dsp,169372,,,512,1311
filF5C87C3078F6480BFC828BB9AE38B09C,cmpB759BB9654CFF37EE6D9606991B8E25E,cv8ocufm.nrm|cortana_pt-BR_hq.nrm,971790,,,512,1730
fil2669777D3629613B8D4C9AA6752A92D3,cmpBFB7BD3A79482970195A6932563D9C3D,8nxxo_1j.phm|cortana_pt-BR_hq.phm,96,,,512,265
fil6DFAB5C440827D480810FB593172F354,cmp3361AE8680DFB3AE3495D38D27A7E02F,iz5bq2wi.th|cortana_pt-BR_hq.th,3,,,512,756
fil9A010C3C96433643991E4CA92B6F6F88,cmpFD2614837F99EDA8B5D9D50E45A88434,gtkc3vfa.amp|cortana_zh-CN_ex.amp,874392,,,512,1050
fil8687B92905C0DCD44607CB0DDE34BB8D,cmpECE204D4B7EBCB9583294AB7F1190205,s68xc6wj.ehs|cortana_zh-CN_ex.ehsc,874742,,,512,906
fil514FF1504B85E6D74BF0FD30D6A9E09E,cmp8ABED4CDB005B1F673342A240CAB9C25,gvwd_26r.eth|cortana_zh-CN_ex.eth,3,,,512,563
fil5A661A34C1B0E090D1BBCB87EDCD7719,cmp3B3280C3139192E59C42160BFD8632B4,crytgi-0.hsc|cortana_zh-CN_ex.hsc,874742,,,512,623
fil77456090ADB35197E622EDCF839F4CFB,cmp405EF993D9ABF026790FBCCB413BB0C2,owqu_m35.nrm|cortana_zh-CN_ex.nrm,971790,,,512,813
filCE8EFEB1E9AA5B24267D46A8B092D816,cmp62E22A0A097C9F38A727D05224939CC0,5ol9ewya.phm|cortana_zh-CN_ex.phm,96,,,512,1449
fil38B500BFA4AE6CA053BBCF99B00F943D,cmpBA7A3484884DFA93FF30DA3A8D355AC8,gxdn0ppw.th|cortana_zh-CN_ex.th,3,,,512,390
fil1D59B502D6C2F5C484061D687336DD75,cmpED76D93A3CE2A4FD385A8EF21FAD5939,wuelalse.amp|cortana_zh-CN_hq.amp,874392,,,512,192
fil87B077BDA5BA835DD7BDD9C5CDC81C42,cmpECB028F75585E71E71E58DE8AF16BE7F,sxmavgxh.dsp|cortana_zh-CN_hq.dsp,169760,,,512,915
filA24FD0FE826553E33CCEC717325F22D1,cmpA537967AAFC619064C2466B3BDD51C22,lldeix7o.nrm|cortana_zh-CN_hq.nrm,971790,,,512,1107
filC5989FAC48320497B9F44BF2B7CF6B43,cmpC426D9F0070EEB50490934374718484C,hlx42pp2.phm|cortana_zh-CN_hq.phm,96,,,512,1386
fil4A567F8195640CD282F3024E725EE415,cmp52A6CAC8FCE390AB312BD78E5E708A05,indgkl1w.th|cortana_zh-CN_hq.th,3,,,512,517
fil4F0215D7AF235C4C1127872D58BA1787,cmp37550BC7ABF35EEDDA250C4ECA464366,ggm64coj.con|leno2_constraints.conf,38,,,512,549
fil0291C2D4AF3C953E59457C71DD6DF854,cmp2FF7373D96D73C773F4A9932E46BD6A8,j8dghyh6.alc|leno2_zh-CN_ex.alco,16,,,512,21
fil5842FD0C5FACBBA70AFF9AB4A0035A52,cmpDF96F1CC647575FA2C448938660BD759,rf9oe9ln.amp|leno2_zh-CN_ex.amp,1588932,,,512,609
fil4EF1AD20573FD6804B88621B1439B758,cmp70D7E90D55B7E0D168AAC3A99C159D92,hs4t415n.ehs|leno2_zh-CN_ex.ehsc,1589288,,,512,546
filBB8646F1372F0BB49A692BD03C09E115,cmp7CD9D73CC3DF7EA2212C256F4933E501,m1ii11zl.eth|leno2_zh-CN_ex.eth,4,,,512,1305
filA0F0A119FC403587B7AE7713C23682D8,cmp6B6C0C9B2BDBEE39254CA8B34126CE1B,gaslk-nw.hsc|leno2_zh-CN_ex.hsc,1589288,,,512,1096
fil406D617040DDFD775C81843995176A73,cmpEEC546AA2B8BF074C3EC9027DD3BA853,lq6umnvy.nrm|leno2_zh-CN_ex.nrm,971790,,,512,440
filE5E485458B2B0B0CAAC39E9F25C006D4,cmpDD8986AC53A2C0BCB309DAC393D12749,r-dmkfcy.phm|leno2_zh-CN_ex.phm,102,,,512,1624
filA78E2B018821C4743E4AE1E729F9AAEC,cmp819444D3A8B61504280F6E533EC674B6,ui3h3ve7.th|leno2_zh-CN_ex.th,3,,,512,1143
filC2EC4C84E56F617A473E37FD1CE7D666,cmpCDFF80742CF3D6FC0B2EB858D598963A,gpox2khx.amp|leno2_zh-CN_hq.amp,853240,,,512,1360
filEDCF756429E9A53463DC9145E355BF7D,cmp89068B98629C7D59C349C8B88017AAF0,54m0vdwk.dsp|leno2_zh-CN_hq.dsp,172100,,,512,1669
fil6A824B9AC6A1995EB7ACDED78146F2F8,cmp6C63F6BA2AD460C5DD72765FA56BB9CF,oon_yvhg.nrm|leno2_zh-CN_hq.nrm,971790,,,512,735
filB311E430CB91080AB2F4686BF8EF4C1B,cmpDB9B837F0ECE5ADE0F89239B4D6DAB29,t-xnfgxu.phm|leno2_zh-CN_hq.phm,102,,,512,1243
fil8C4E54E25F39B2A629A8750A721536A7,cmp4977ADBBA0D900A5EF914546C3C0DD2D,jfgqvowo.th|leno2_zh-CN_hq.th,3,,,512,949
filFE5D05EF07EE9871B6C0240B79D862AA,cmpAAF7BC6C7AA040E8C877D11AC3149695,gt_blhep.dll|IntelWovSDK.dll,878120,1.14.647.10,1033,512,1789
filBA3C1B1344B90D99BEB97A37916BA17A,cmpD8EFE805D2A2CC6025B02E9C4B5FF1A0,ob56ea6i.dll|MultiChannelWoV.dll,1705512,1.14.647.10,1033,512,1295
filCC1B406615E7C746ECC1AB8DB86B7417,cmp2035EDCD30A9944A38EC79F56971E0F4,r2duzh7g.dll|MultichannelWoVCfg.dll,498736,1.14.647.10,1033,512,1433
filC13581442CE1B211AE688B42A3898BF9,cmp70B91DF0269A49E303CDEED9EBF6CBAA,ubm.bin,54292,,,512,1347
fil6FA2FEB9C1C678A5B0E67972C40039D9,cmp2519C2BEFC71CA471A5AF21DB5997D7B,0wzuloka.con|tencent_constraints.conf,38,,,512,768
filD74E9C1183BAC590B999E5737ED3D54D,cmp785C6FEEAD9EAEEA6B00314C0648AD14,egatyjyq.amp|tencent_zh-CN_ex.amp,2999064,,,512,1514
fil13083AD876598FDBD4F53389FFE582F8,cmpAE4DF58C1F5E98C0855AEF15856FDE51,sbeh6fdt.ehs|tencent_zh-CN_ex.ehsc,2999420,,,512,126
filDCBB3812C7C1647F9F4D7DCBE01E9155,cmp677034A9FF660735E6CDA733430B7D71,mrfluufr.eth|tencent_zh-CN_ex.eth,3,,,512,1559
filB87AC9615363EAA014DF421EB1C9E0C6,cmp5113BDDB59CE26ECC891DF41B2A9D23A,6gvr5qau.hsc|tencent_zh-CN_ex.hsc,2999420,,,512,1280
filDC09DB55458FBC4FAB113A3AE71D288E,cmp0D2DD6C993557BDD8170127878892FD5,hsdbbv3w.nrm|tencent_zh-CN_ex.nrm,971790,,,512,1555
fil99E5A3BCD60A3083465C2C09A674514C,cmp7307A32EF68B219D8471A426777D50E3,-fzmltsk.phm|tencent_zh-CN_ex.phm,102,,,512,1049
fil120F764689119D01374C6B48C75AA045,cmp632FF78891D4BD3D687348D359A0D76D,a5dgyhtt.th|tencent_zh-CN_ex.th,3,,,512,118
filE32320CFC89DAC1DEE6D188B2193AC5F,cmp6AC2EC41D88D6D86BFD475792228A565,cfwybm1v.amp|tencent_zh-CN_hq.amp,874768,,,512,1606
filB27FF30DB90A15BA747312BB6313F787,cmpEA1C4269A32105CECEDBF075B5A82359,-yca7aml.dsp|tencent_zh-CN_hq.dsp,169552,,,512,1235
filAC0440C334DF5E4E428A54051AB5DEC9,cmp6ADD5C90AEDE3B553EAC9607EB4FD7D3,a8lmpkk7.nrm|tencent_zh-CN_hq.nrm,971790,,,512,1187
filE977B072D15AD531CAC920D1C8CFF45F,cmpC37F16DE8E3D40DC689E570BD311A7A0,lbvmkhw6.phm|tencent_zh-CN_hq.phm,102,,,512,1643
filDF954144C4C8EB53DE9D73D0AC8DFD28,cmp06EF139B6439674875D484FC60BE81B6,o-9mh23q.th|tencent_zh-CN_hq.th,3,,,512,1584
filE933388C1A30BAC1D5EAC802EC34C0F9,cmpF2DCE94C6DD1FF3EFF337D3712C648C1,ivo2vkef.con|yoga_constraints.conf,38,,,512,1642
fil918D3E188DBF2C1D336FBE6B72126A69,cmp0E6F3D75592A3A0ED7E3BB17025C1E4A,3jbe8koj.amp|yoga_zh-CN_ex.amp,1327808,,,512,989
fil4EF1D727D5CB9C913820A15AEC287E9B,cmp15BE40B7AA878E6E7B534683BA212662,vubje6vx.ehs|yoga_zh-CN_ex.ehsc,1328176,,,512,547
filD668EA05A2AD9D165D7C0099588BE138,cmpAEC506A2E39702327D39E84DD98A104C,cfe3jyvm.eth|yoga_zh-CN_ex.eth,4,,,512,1509
filA30EC661F664311D597B575D5118B749,cmp04A509910B530C3D4812348C51B96E0E,tclfnti6.hsc|yoga_zh-CN_ex.hsc,1328176,,,512,1111
fil2F8D74BEBE515CDF33CE316E174DAB61,cmp9ED9E6DE130EBB7A79C56B33FE22DF62,xalwhanh.nrm|yoga_zh-CN_ex.nrm,971790,,,512,335
fil4DE3492D1B7E149F3EC6815CEFF4C4D3,cmp9C96E999A72DC802FCEAD68D58FC42F6,yueasuet.phm|yoga_zh-CN_ex.phm,114,,,512,539
fil2DB57638E648B42A9245266A9B428C15,cmpDF74DCF9E36ECD6A2C919FF4E9B2C129,wkebj1vz.th|yoga_zh-CN_ex.th,3,,,512,318
fil621D7DF8713D1B8EF04A3A1E4DBD26A3,cmp96991182BA8B5EFF42400E5D2FCC7F38,pzdnfmaj.amp|yoga_zh-CN_hq.amp,881936,,,512,675
fil740960B1246B7196A21A506E44954BC7,cmp8E7C2F4A9E03AE25AABBEE0DB73FAA6D,0ofxjng5.dsp|yoga_zh-CN_hq.dsp,181280,,,512,795
fil700A13548BD5E0FCEE1DFD783738D3F8,cmp8DB50B2E6F13565E62071FD10C68B58C,yar4zigg.nrm|yoga_zh-CN_hq.nrm,971790,,,512,771
filFAE864CF01B22BE34C1C45BAF62C8887,cmp306EBB000259E394B47060D1648F113C,ozrzmfru.phm|yoga_zh-CN_hq.phm,114,,,512,1768
filEA61BCAA6DFB23C44EBAB57C71C09D45,cmpF712ED05F3E25FBCCEAD02978C708A8E,t2txg3ki.th|yoga_zh-CN_hq.th,3,,,512,1648
fil6999EC0FDC94619860D8DCFB44AA4502,cmp67BE0619B5BDF30B8AADF74076C85921,ibtusb.cat,11552,,,512,728
filB3A207662E82E817CC944EE676F52B16,cmp7489607C04DFAD45FA936CE329FE23BC,ibtusb.inf,37904,,,512,1245
fil1847E24BFD7CD31E57BE3AB337CA06CF,cmp32DBAC4B7040B050E511BF77E187C077,ibtusb.sys,10491824,23.110.0.5,1033,512,154
fil73280BBA7745C21DF4CA5A97A0569674,cmpFA74D89B9E52267C0E69D1E72EB0BC0C,shejha6s.dll|burstisp_ipux.dll,4055744,,,512,792
fil04D9073F54C5356FDD0D1055A71C3D98,cmp27909386C9287383D956269CFA2D96AA,icalhun8.bin|cpd_component_signed.bin,3960832,,,512,33
fil219D553A357F5D5835A3B6F457C4E330,cmp2E3DBB6937D4E6C93233FEA4D4E1E4EC,fejaafzp.cat|iacamera64.cat,18034,,,512,223
filAED5B2E26F9CF6DA4F8F04699B316AA7,cmpFBCF2618A8B2BFF773C7288D8415BA56,y0aonz7d.inf|iacamera64.inf,140946,,,512,1211
filF2923FFB5B5AAD793865975CB6D2C682,cmp6845E6F66306D49A253B740D00199973,vek1ieoa.sys|iacamera64.sys,1523912,42.18362.3.1,1033,512,1706
fil88CA33F29DF3FBAF3ABE94A0F753B3E3,cmpF471C9805DBCD55E48D78DCC6D8D0AD6,rziq5xbj.dll|IntelDeviceMFT64.dll,8832704,42.18362.3.1,1033,512,924
fil8B3275D18D370EA8DB8664B5F00D3DFE,cmpF2A0CE9D660048D79AB66B2F7720CF85,vdsyxgj0.dll|libia_cp64.dll,40057048,,,512,2157
fil01A4B9CA1234BEE925F07D9FD3484048,cmp9E6D444D6AEFB4A0FD0B30C029DC8F3D,zqpoyfgl.dll|mkl_uwp_compat.dll,40648,2019.0.0.1,1033,512,1806
fil5C81ABAC066F89822BC159076A164145,cmp02EC0AD3EBED07064A4CEE9064D7FC68,mute.bmp,14454,,,512,2042
fil8D9D9A04C7B45180B49E6ED5B54518BA,cmpA4231BA8226820746D2C0E28AC57237A,pvl64.dll,32294080,,,512,2165
filB0DE2A3EA0263FE0E88B61EA123BEA54,cmp4E191A26D719CB605397CB060B048A41,5m2k01ko.dll|pvl_perspective_control64.dll,964184,,,512,2262
fil4BB2AEB57A2462AD80E9876C173E4DEE,cmpCFB6938E263E68E04E6C46026CADDCDD,l_1doobv.dll|pvl_skin_smoothing64.dll,1094856,,,512,1992
filA4E46EAE6E8C22D8CC023282FF195B10,cmp998CE85B1DA48099701F36B82B16F62E,z4zybpgp.cpf|TPG1_INTEL.cpf,317544,,,512,2231
fil8A909AB2B178A315AF5CBE8F5297CD59,cmp6D8651E68EDAC898D58A87584E7B2C2E,x_xozifi.bin|TPG1_INTEL_IPU_pipeCfg.bin,16176,,,512,2155
fil955D3BA97B350BAB7B88F4DDD497D9DD,cmp2CF167EF853C4739E5588BB6D5021A95,dasyb54s.cpf|TPG2_INTEL.cpf,317544,,,512,2189
fil2AE45DF531066655247DABFB4F47C19B,cmp09BE28EAF9BDD6BBBB570B7ED2E38524,ms80ngfd.bin|TPG2_INTEL_IPU_pipeCfg.bin,13104,,,512,1912
fil358159DB01167498708BD19DDA6251FB,cmpE82C07D22781D080B18BA0DEFDAD7CA0,0mf2g-gn.cat|iactrllogic64.cat,12733,,,512,1936
fil1DFCE1EFD19EAD76B82C6559B048E70A,cmpA9734A6F2B8024242B86DA8D96C10C95,ndbggsef.inf|iactrllogic64.inf,4796,,,512,1872
fil9D7E592C2A689AAECCBFADDBE567D5B9,cmpEB30B122A802D37CDD492C2384C87249,br87ouhd.sys|iactrllogic64.sys,193224,42.18362.3.1,1033,512,2206
fil2CC330D0EF623CB8C491B8963CEB956F,cmpF3EF83F8DFADDCF5603EA78585A597AD,ov5693.cat,14394,,,512,1918
fil2900D0920F30FE30D909C65914A62FD8,cmp54BD76925E15DE66B9BBBC5C75A089B3,ov5693.inf,5080,,,512,1903
fil4FA7AFC04015FAB701835B0BBEC3660A,cmp1EFBBEDBA4D10887EFCDB70E830C54C8,ov5693.sys,177864,42.18362.3.1,1033,512,2002
fil3C8EC2E64E3E024C1141283631FDB34F,cmpC61F80BB237369478DA423EEE0E548B8,wnenyu8x.cpf|OV5693_13P2BA540_CNL.cpf,568444,,,512,1954
fil39E3731ED3F19EFC6F5AA95C71A47274,cmp293A9622FC17F1F6DC8E2891EBECCA3D,ci3fotuj.bin|OV5693_13P2BA540_CNL_pipeCfg.bin,202440,,,512,1948
filF5306FD0BF8FF267A7EA5F994654C777,cmpA0253D4CA5E767D1581F732CC4169C9F,oiuyltpt.cpf|OV5693_13P2BA540_ICL.cpf,568444,,,512,2446
fil76B6C515AA77AE2D632EC5658A1C1FBF,cmpF22F268F08B5FED80073051106557378,lzspeksp.bin|OV5693_13P2BA540_ICL_pipeCfg.bin,202440,,,512,2108
filE670592C0A166DB868AC385C49CC00D2,cmp909673E9BB0FD12D0F10531A910FA4AE,kvdfnpt9.cat|ov5693_extension.cat,14304,,,512,2393
fil95B74407B488F1A7B2FE6305DBDFD884,cmp0D819AE41DE9391D20BEAA7CB760DDD9,w7p2guaf.inf|ov5693_extension.inf,6604,,,512,2190
filD06253F0543A51FAADA05D39276ACFE4,cmpD96F941D89F5D10D3BB0C04A2627F2A9,vjriiaci.cpf|OV5693_MSHW0190_ICL.cpf,441928,,,512,2335
fil5EDF04AC7F4BEE3902541CB2D2141766,cmp0CF0B3C062A84EA0ADF83119833ED2AB,hc_358jw.bin|OV5693_MSHW0190_ICL_pipeCfg.bin,552736,,,512,2047
fil9047350426BBA01843389156BE4D5649,cmpE5D53F2C7768AF5B600F70BE79D1BA0D,1kteagdr.cpf|OV5693_MSHW0200_ICL.cpf,441928,,,512,2169
fil93EF414B216879F571BF2D1889BF2258,cmpF2288790C7DC741A99E96A8EC88CD4F8,fglifcn5.bin|OV5693_MSHW0200_ICL_pipeCfg.bin,552736,,,512,2181
fil59C83DACF174986FB11B04310C4FBE3C,cmpF983D92B0464969A5AF39D12E7411A04,agckkbg9.cpf|OV5693_MSHW0210_ICL.cpf,472040,,,512,2030
filE4C57154B3439BE777793CC64C3D3E9B,cmp38C6B6CBC3BCF4A9261FF869D41964AD,vdj5zmp9.bin|OV5693_MSHW0210_ICL_pipeCfg.bin,552736,,,512,2388
filCCE2FFB4F787C536C601408B4D248F5C,cmp765B2E69DC3D4CF09BA3FDB51A91ACB7,iaisp64.cat,12709,,,512,2327
fil27357AA47C0F6AF72B668624E21A5402,cmp173234FDB4858E9372C749A75D48391C,iaisp64.inf,7798,,,512,1898
filEAD6535247313333011907CF6C568E81,cmp4F89544FFD6FE60DC1C93C6FB42BEA59,iaisp64.sys,47296,42.18362.3.1,1033,512,2408
filFCA3BA248BC1733D0EBBC99D54A3E7E2,cmp715E16CB150449543DCF11DFC1FEF85C,5e_whnu3.cat|iclsClient.cat,26431,,,512,2460
fil7598DE21195323A1B879B5198268D54A,cmpBAB19DE89C898D2DC706ACE00BD2D010,bnfbdsgz.inf|iclsClient.inf,13975,,,512,2105
filFAAFE482489C53503568C2B7C9A2A8D9,cmp5B902F06FB630046BFE4897732855FAB,cacert.pem,6216,,,512,2454
fil68720DC8A188F1913225C2D256647C9D,cmp1B1DED510A6B906C1F44B774A75ABCB1,qqzrour7.dat|epid2_paramcert.dat,461,,,512,2074
fil2EC33F102F7493D447DC3835285B2F49,cmp574A3595AD50413B992C426BD0D440DC,a6yfif09.cer|EPIDGroupCertLegacy.cer,4916072,,,512,1919
filF15AEBC86F1FB8592E6394C60BC9CA20,cmp6291AE7FFF69562D5B1D31B35C17E74F,zbxtv04i.cer|EPIDGroupCertX509.cer,15172993,,,512,2430
fil715914D8445635C9816B31D2A6ECB140,cmpD04E6A997D8C3B95B2D7DA56F2E78F6C,wv_e3hz5.dat|epid_paramcert.dat,876,,,512,2096
filC44ACA0799ADDCC1FEFCFB67569E90F7,cmp9EFE80522C88F86217020D9C1E95B0DE,1kzifklp.con|iclsProxy.conf,1615,,,512,2304
filD5A13A4B4867188E168CA57016CDCD53,cmp985126FCE7EF3100EBF3FF46A638B175,d8y2zos5.txt|development_tools.txt,14,,,512,2345
filF3AA7DA9FC0C0AF13B68801817B88AA6,cmp36AE2B4B2F0B70D1E3E03F7D95043729,License.txt,21203,,,512,2437
fil8C27A381DE28D8AA27991D492894807E,cmpE8FAD5BE765B7358C5494D64503ED919,Readme.txt,1087,,,512,2160
filB62EADFC2C5552886D27FBCFA8848046,cmpC8587DACB3ACE54F2C0F5B85E9EF47A7,redist.txt,14,,,512,2274
filF3EDE0E4EFD3DE9A6FBCCFD116C0FEEB,cmp0941B4B8A7DA3CC1A6B8861EA0EE9F99,wp2pfwto.txt|Third Party Licenses.txt,32660,,,512,2438
filFBDD2F7AFDEB85D06068C892B87294E1,cmp9324FD911CDDCF17257ACD866CBB8A9D,qbnzubx3.dll|concrt140.dll,318944,14.28.29334.0,1033,512,2456
fil40EEBACC1606A4FD638B34F9C50D65FA,cmp84C3A8E61966C3BB30EA31312D22F605,z6xt7mv_.dll|iclsClient.dll,85088,1.76.95.0,1033,512,1963
fil421747580242485582D45E92FB73E5E4,cmpDBECC944B9EA8F5905485F7B6D553EC4,gtendosl.dll|iclsClientInternal.dll,1505912,1.76.95.0,1033,512,1968
filBE7AC651760EFD54CAF9398EADA774DE,cmpB86445463D164142AC2F4CA9E257776F,uuwpxeem.dll|iclsProxy.dll,121952,1.76.95.0,1033,512,2294
filA9ED4607E2A109B855A5BF3F28A75BC5,cmpFE3F26CFA8392E5A2716DC13C521D466,csmrqn7g.dll|iclsProxyInternal.dll,1632864,1.76.95.0,1033,512,2246
fil8D5F8D2B947F86129EFD4710CDEA14DD,cmp44DFEF5159C981009EDCB8CCC4442693,nc-r5m1s.exe|IntelPTTEKRecertification.exe,822880,1.76.95.0,1033,512,2163
fil29FB273BBF2638B4C6510D6BDAE3085D,cmpEEBE112FAA9AF8DF6702AE0BAC9818A2,q6ltrsxq.dll|libcrypto-3-x64.dll,5318752,3.4.1.0,1033,512,1906
fil03C8EE69268D743BAD8161A8DDD3DBFC,cmpCAFFA8378D2BB175F1344300D3A01AD9,d6mss_sw.dll|libssl-3-x64.dll,1342560,3.4.1.0,1033,512,1810
fil805161FC9BF8F30B5472B26231275614,cmp7E79E18E14C0A76A6C212D4CD0961DE1,msvcp140.dll,594912,14.28.29334.0,1033,512,2126
filD25311D5C54443FCD63CFE933D748889,cmp08FF567FCF3D708CE62B71C82629633A,v5mkzidl.exe|TPMProvisioningService.exe,734304,1.76.95.0,1033,512,2339
fil6EB51923713CBB2D8B33E11EE1136209,cmp4E85FDE03197F7AA44AF7625DDDB7920,vsze2ycl.dll|vcruntime140.dll,103904,14.28.29334.0,1033,512,2091
fil1EA7BB6F3628C447933586EA56E5281B,cmp05BAB660795F507867142C98442B0899,jglqavzo.dll|vcruntime140_1.dll,46584,14.28.29334.0,1033,512,1875
fil06A0100BB4464197F42338AB6769B9C0,cmpF6A72BABA3D04AB5A15E007CCD936127,ksnfa7ja.dll|concrt140.dll,253944,14.28.29334.0,1033,512,1819
fil396D6E995AE77E598579DA1C924DF1C3,cmp997C604BEE82A4F4A30B8F400388C29C,cv3w0bvi.dll|iclsClient.dll,76384,1.76.95.0,1033,512,1946
filBD5930E4B6133CE84A7CB715971822F7,cmpF96DAF861B5BB50585751399766BB695,v4mut2xt.dll|iclsClientInternal.dll,1319520,1.76.95.0,1033,512,2290
fil2AD72D1EAEA4289E9E6EBF385959C4F7,cmp925F48983F0307B822FE4268D4349D35,wvia4bjm.dll|iclsProxy.dll,109688,1.76.95.0,1033,512,1911
filED3B375CE61211F6872B34A5C46FD982,cmpB16ACC9434E93AD75800A3309718B33E,rre9gvp7.dll|iclsProxyInternal.dll,1362528,1.76.95.0,1033,512,2416
filCE0ED8A5D4705C5EEF69B2778FDD6D07,cmpDC9A87D0A819ED86FB0FA8CA7DE2C6B5,old9crrz.exe|IntelPTTEKRecertification.exe,649312,1.76.95.0,1033,512,2329
filE2E7DC08919E0459110F4A5B631AE52C,cmpBC61D75F80159CA0E745D73554F54720,lts6slvi.dll|libcrypto-3.dll,4080248,3.4.1.0,1033,512,2379
filF546CC7797AC0145CD895AD524CB15A5,cmpF3B024ACDED24361E0CF80732F50284A,libssl-3.dll,1108088,3.4.1.0,1033,512,2447
fil9D66B72CF80D87F27FB2C84D5C152FE2,cmp81D358BEEA3AFC3DA8485FC407664E36,msvcp140.dll,460792,14.28.29334.0,1033,512,2205
fil7C037BC4AA1AE115A29D5031D7A4531C,cmp75F981FCCCD3BDC93DD904EFF3E7D13C,peop5drz.exe|TPMProvisioningService.exe,630880,1.76.95.0,1033,512,2118
filF525F2371D8D83EA1D7FC35948B35C07,cmpBDE4C7E9EB130F190020313A16FFDE84,2fy8rurd.dll|vcruntime140.dll,85984,14.28.29334.0,1033,512,2444
fil0FD00A8450F82480D203CD83C433A913,cmp315BFFA884A0B2CEE3896A29E2563D3A,wouh3fqx.exe|AppLauncher.exe,36680,6.200.6.0,0,512,1839
fil0523DB9D165C60DA05FEB2D78A29A98C,cmp8ECDD9C4669848F62AA50DDADFF9E068,l5vt_5vo.exe|DevicesTelemetryService.exe,1218776,6.200.6.0,1033,512,1816
filC0EDAD7BD3F1C5334DEE5F9286CE09A3,cmp2057382687DA3E43228E2EBE0EE51C3E,dbnsyvqy.cat|DevicesTelemetryServiceDriver.cat,12313,,,512,2301
fil0F4802015D319F0EF4574E0234737D52,cmp59A50EAA50E0B89DBB412E39DA6CDECC,284womaa.inf|DevicesTelemetryServiceDriver.inf,3845,,,512,1838
fil368E97AE6126F807080D68F9791BDA1C,cmp0AD1E008DA6069D6066CDCA972804078,Dptf.dll,2285224,8.7.10802.26924,1033,512,1940
fil424371BC5511D52BD7FD7078F0F3D0F9,cmpA98A160008D3D8310F60A97A418D2383,mbipiknn.dll|DptfPolicyActive.dll,766120,8.7.10802.26924,1033,512,1970
fil9423EA1EB6695FCC1E59A1F5D42E840F,cmpD73919B3C38CC7B75591AF6759A7596D,7ff6h5nn.dll|DptfPolicyActive2.dll,929456,8.7.10802.26924,1033,512,2183
fil8F0B2017ACC13070415DBC8E5F03FC23,cmpBE8176E069170D0107DB524EDCD2921E,zf0h3ysz.dll|DptfPolicyAdaptivePerformance.dll,1078960,8.7.10802.26924,1033,512,2166
fil0FF929FA03B5C74979F2AE57A1F788D4,cmp044A4CCF53C52BA61E1C932EFA3F6DAF,hf0coigb.dll|DptfPolicyAdaptiveUserPresence.dll,1019048,8.7.10802.26924,1033,512,1840
filD5BE0C9D44F81F3D4F9E3B8878411DE2,cmpA4B8432900942EEBF362CFA6275C0144,gmttaug-.dll|DptfPolicyCritical.dll,744104,8.7.10802.26924,1033,512,2347
filA8B60A3FFAE8850E02B427DEE2019EE7,cmp8D4BCA4B5E0DF48CEF466F129F1BF5ED,eut-wzez.dll|DptfPolicyEnergyPerformanceOptimizer.dll,821936,8.7.10802.26924,1033,512,2244
fil2496B1DF6855D748827DF130FC2FA355,cmpFC6B82044BAC89A04248E6E65F27385A,-s6_-ydt.dll|DptfPolicyIntelligentThermalManagement.dll,903336,8.7.10802.26924,1033,512,1890
filBA61AD20384E42FF57AD3BDF4EA0BBA2,cmp6E96D17D2D0B412E8EDFD6A5C5C8FCE9,ly1jpmjt.dll|DptfPolicyPassive.dll,1037480,8.7.10802.26924,1033,512,2285
fil35F2586A87044A92331AE0B3B8ADDF3F,cmpF1B486CDE2A39F7CDDE88E0FBE20C1A6,kulwzz3x.dll|DptfPolicyPassive2.dll,1000104,8.7.10802.26924,1033,512,1938
fil8263C5BB9235D3E04EB53835175967D5,cmp8FDB4D389CEE035AEF1D21584F6C9C30,kfey5grv.dll|DptfPolicyPid.dll,907432,8.7.10802.26924,1033,512,2130
filF8CF349521B85875ACEC03A952249FD5,cmpA003A99189FE28F559D4016C27711878,edkzu20k.dll|DptfPolicyPowerBoss.dll,1269416,8.7.10802.26924,1033,512,2452
fil7E84EC7C02FAE04856EBDAC9C5E0F308,cmp566C84D62AB933159FA9F2B486298DED,-j99ut1w.dll|DptfPolicyPowerShare.dll,895144,8.7.10802.26924,1033,512,2121
filC8EE8E2DB6A18916426E35488C0EB9DB,cmp732A65587659598C6FC931BF2C1B3723,rjs2upyz.dll|DptfPolicyPowerShare2.dll,913064,8.7.10802.26924,1033,512,2314
filF1241E661029629470BB4C1E1ADB507C,cmpCEF1A038D8B14A42FBDA65F64E98AD57,uocscuqx.dll|DptfPolicyRfim.dll,755872,8.7.10802.26924,1033,512,2428
fil1E090D372D558D33863453F9DA64A282,cmpC8D9560227C6C5C02958DF491965ACBD,wsypneue.dll|DptfPolicySystemConfiguration.dll,716968,8.7.10802.26924,1033,512,1873
fil8D5AEA5232167C1558F1CAF6A7AC1C79,cmpDE38174C5AE40DA679FB3F249E15A86C,1nyrgrho.dll|DptfPolicyVirtualSensor.dll,903328,8.7.10802.26924,1033,512,2162
fil8306E6CFE32CAAC739EE34A65A104120,cmp4239C3EC991FBF0F80D4AC53E4FC32B9,ml4xrqyv.cat|dptf_acpi.cat,14196,,,512,2132
fil600B6DF5B481C5042803BAE32CCBDC52,cmpF26FDDC5C2E986F2B52E038FA7377614,jujx3nrx.inf|dptf_acpi.inf,6757,,,512,2051
fil1F07B8258A14B593D6109FB4EBDFA0B7,cmpC326FDB990876E316D2BE92CD24CAA28,mxvph9sm.sys|dptf_acpi.sys,82088,8.7.10802.26924,1033,512,1876
fil998FCBEA2B932CF926FFB3FE4942FE8D,cmp974512E44D0A4C0BD25D407D6AD402A1,dptf_cpu.sys,77992,8.7.10802.26924,1033,512,2196
fil9916569D22EF0AF99601D56CC8E9B18C,cmpECAA35705859875B7EADEC406DBAE6CB,ph49kwvr.exe|dptf_helper.exe,554152,8.7.10802.26924,1033,512,2194
filF46B5FABD172CDC1E1E60C3378011C41,cmp8081C2BA8C6068D8FF4296AD0CBEE271,dsp.dv,840010,,,512,2441
filF06E426B28BDAC6A8B083891505507D6,cmp799A6EB18524038AEA3EF9CFFD2C357F,esif_cmp.dll,141992,8.7.10802.26924,1033,512,2424
filB5A128D31C10B8CE2134EE8B5A1BD017,cmpCFFCEA38D7ED8617C98F4C5F5D97105E,esif_lf.sys,427176,8.7.10802.26924,1033,512,2272
fil9497D9AA99592181C75A46D0A1A48743,cmpA2314540A365AB46A45B833D9A71E829,esif_uf.exe,2284200,8.7.10802.26924,1033,512,2185
fil926F91AC3D4580210DEDD83D28CAA104,cmpA9C29A9BB42DD94552321B7B21AAE883,prgvk268.dll|esif_umdf2.dll,1024680,8.7.10802.26924,1033,512,2175
fil8511D7593694DB8B16A27418B6B9CECC,cmp24B28C93B9AB7CBBF06A6600242CC075,ipftcs.dll,1643944,8.7.10802.26924,1033,512,2138
fil54956DAEF01E1DD408109E632CEAE134,cmp2E7C6B6CA0C251201F0C0BB184555A86,ppm.dv,7608,,,512,2016
fil5A36A0F2114246B265C61E6741F84167,cmp870F97801299C5F92215F14974499327,odkbgyjd.dll|upe_battery.dll,74920,8.7.10802.26924,1033,512,2033
filC02F77B4413D25BD538FE07610387725,cmp894E5615F3E0DD705824C6451A2BDB08,upe_hwpf.dll,78000,8.7.10802.26924,1033,512,2298
filDEED6F5490397E16D4FE2926EB8E3493,cmp09EA8A65C05471BFCB85E12A8D6A1EE7,upe_nvme.dll,117936,8.7.10802.26924,1033,512,2366
fil04A4DF6BA2D8BD97C38331A48D385C5D,cmp1CDCCB35CFB8C36E3299BA1D1902F31A,noo0vnxj.dll|upe_socwc.dll,229032,8.7.10802.26924,1033,512,1814
fil45DCC49BFB102E8067DD2258C5950A3F,cmp90070051D26DB82E54245A14E7B1699A,upe_wifi.dll,70320,8.7.10802.26924,1033,512,1977
fil3A7C1FB583472E5D2E8EE49DD2789427,cmp4CA2D1C63760485928AB7E84C35737D6,upe_wwan.dll,138920,8.7.10802.26924,1033,512,1952
fil684D4BB960B13E920C5037BFA2C0131F,cmp30C7C6126B972E9A3AA0E9D088F3300E,Dptf.dll,2285224,8.7.10802.26924,1033,512,2073
filE58713A62AE09155CE57ED3529F81449,cmpCC464CBD17EF59FFC83172FEF54D7AD2,7xowov4o.dll|DptfPolicyActive.dll,766120,8.7.10802.26924,1033,512,2391
fil9EFCCF670D4ED200CFCEC3E1C1547896,cmp562E4882106BC171A9E49EB2A0F4BCE6,y7pny1yf.dll|DptfPolicyActive2.dll,929456,8.7.10802.26924,1033,512,2209
fil637AB3C676C13A2A93461E36E19E3A62,cmp8F4712C6283EAE16C8F277A2478D52F4,kyzszool.dll|DptfPolicyAdaptivePerformance.dll,1078960,8.7.10802.26924,1033,512,2058
filCA293196825DECCBA15A75160E628A90,cmpB2EA80AA8BAE05DCC711320AD86FF365,_q2i3iqr.dll|DptfPolicyAdaptiveUserPresence.dll,1019048,8.7.10802.26924,1033,512,2317
filEB27D9DB7C1BF059401EF39654A8817A,cmpE05626257E9DFD25C6C89A2477BCB204,8qssrwmy.dll|DptfPolicyCritical.dll,744104,8.7.10802.26924,1033,512,2412
fil372CFB149C69C51403EF0A03801505B4,cmpEAB2E982A6D544ECCEB5DD1AD1219957,6gkt3-ff.dll|DptfPolicyEnergyPerformanceOptimizer.dll,821936,8.7.10802.26924,1033,512,1941
fil8C7AA692A95778ABBAFAF74299F0F1F3,cmpE13E0F90C19B10A54910258BE04C3272,v9ofwj2w.dll|DptfPolicyIntelligentThermalManagement.dll,903336,8.7.10802.26924,1033,512,2161
fil9A4EA8F9CC8627AFADC59721335E4A6A,cmp4F0305B8338506ED20E083C2602A17D1,2ro-4dai.dll|DptfPolicyPassive.dll,1037480,8.7.10802.26924,1033,512,2200
filDDC6D0F27B1A448320A9EA82894F5BB0,cmpD8E7313825249E33E60A349850F8F910,onq0frld.dll|DptfPolicyPassive2.dll,1000104,8.7.10802.26924,1033,512,2363
fil60944EEB430876D78B099B7CC52A22C7,cmp5E6F1C22A79D94C18EC6513BA57C1A22,wbdrdzd7.dll|DptfPolicyPid.dll,907432,8.7.10802.26924,1033,512,2053
fil60F89CE5DCB2C76B64C3AE5B1497266F,cmp2B1A9955E6DF3570BF8AB853F0EBD871,z538ggmp.dll|DptfPolicyPowerBoss.dll,1269416,8.7.10802.26924,1033,512,2055
fil7E9B079498DB7510B11D632CA234D2DC,cmp6E8E451A0C2BE3D2D3897DE6269CF199,wp31_tfl.dll|DptfPolicyPowerShare.dll,895144,8.7.10802.26924,1033,512,2122
fil538B7AF81668B9D83FE0F5046F36B9F1,cmp6A959479D04B4B65ADB6AAE9042CBFDC,bpvq9wbm.dll|DptfPolicyPowerShare2.dll,913064,8.7.10802.26924,1033,512,2013
filCB1EFD62D65B27E50F644E05280F2D84,cmp2F476DFE79F8E4B242521971AC295C95,gng2iuqy.dll|DptfPolicyRfim.dll,755872,8.7.10802.26924,1033,512,2322
filDC72BBC68DE26C85A38800C47AA43416,cmp013B3CAA58D367DD50A42F5B93D51EA0,fyhhf_o9.dll|DptfPolicySystemConfiguration.dll,716968,8.7.10802.26924,1033,512,2361
fil948C41AD1EB9DD643CAD6B0DAC51445E,cmp01ECACE69AE20DF7DF59BE2506B61A6D,avyfrrgj.dll|DptfPolicyVirtualSensor.dll,903328,8.7.10802.26924,1033,512,2184
filBAE0E92E5AB7986D92B3D7AC74A53D6F,cmp4F076841B8B34747B945CB241BD057C0,ertffx6h.sys|dptf_acpi.sys,82088,8.7.10802.26924,1033,512,2286
filA182B86FA960473385723738E4B1E39D,cmpE3EA5BAF22A10DAA18775CA1F65918B9,dptf_cpu.cat,28441,,,512,2222
fil777630250D33E38042134E56EB0624C0,cmpAE2E23ED78022EB5FCB4E7CBA45DE5CD,dptf_cpu.inf,15073,,,512,2110
fil9F0B1A7E0F85CB6758C8A8960AE9B84A,cmp3CBF72C9B57EE9DBAA55A52E01C847FA,dptf_cpu.sys,77992,8.7.10802.26924,1033,512,2210
filA2CA1616CEF1ACF0AD8CA614CF6AF235,cmp25622ECB6D371DBE13AC117342011587,lcpewu7g.exe|dptf_helper.exe,554152,8.7.10802.26924,1033,512,2224
filC25B4FFAD11BB8941ABF01D7294EC0F2,cmp501196E318EF0165ECCFA53B49DA6EFC,dsp.dv,840010,,,512,2302
fil080A3EF5FCC562E58D7439C157C16B41,cmpC79F5A88969C131AF25B530136462388,esif_cmp.dll,141992,8.7.10802.26924,1033,512,1822
filC519852D437E2F01059D1137023E5975,cmp49D0C064A3E3573C1F5352F6433FDB89,esif_lf.sys,427176,8.7.10802.26924,1033,512,2308
fil22F6DFE876E6C155141630DF224C8F71,cmp85AB3D9BB40C2E22AEFC37225FDAC811,esif_uf.exe,2284200,8.7.10802.26924,1033,512,1887
filF09B3A18A6C7725350ADB7A3E0E47495,cmp6F86D8F598175D13167A75E4AF93A32F,t-l54sry.dll|esif_umdf2.dll,1024680,8.7.10802.26924,1033,512,2425
fil6D798E365AD83329F3C98E720537A3C7,cmp52045DE20B904B2F55A3EC3A04811F6B,ipftcs.dll,1643944,8.7.10802.26924,1033,512,2087
fil6595E5446F3278394CEA249388DB0A21,cmpCD143A83F1803F0102FCD46AC9376FA6,ppm.dv,7608,,,512,2062
fil5B2E0FA481C9D435E93693A5DE7ECB50,cmpDA32FA484676DD9EF5800D4BB68B0E3F,_nh3e1si.dll|upe_battery.dll,74920,8.7.10802.26924,1033,512,2037
fil720894B202576F8DF5B19D9DAE072957,cmp9924AAB5BB6F1C71D28B7FEDF33D1129,upe_hwpf.dll,78000,8.7.10802.26924,1033,512,2098
filED6D4DF3AB2AF3A6D63BE99068F77D37,cmp2B7C47BEB5603BEED18CEFDE90BFB2A9,upe_nvme.dll,117936,8.7.10802.26924,1033,512,2417
filE8A1B4F2C7CFB385CEFBF3F3EAC13649,cmp75CA3B1BA7B1D96DDE91943164876D0C,lsm66t5g.dll|upe_socwc.dll,229032,8.7.10802.26924,1033,512,2403
fil86FECA98BB02DCA4621924ED57C155F1,cmp7DF5977EBF6FA9776F12F0A9150107F7,upe_wifi.dll,70320,8.7.10802.26924,1033,512,2146
fil9E1ADB5216E9429B51761D25CA1BF3A8,cmpEB1B7B59D3F55380D72761354B45F7C9,upe_wwan.dll,138920,8.7.10802.26924,1033,512,2208
fil95C715C08CD40C5BF8AE2A8A379021BB,cmp517CEBF5E60D446375CD65B2BE3740BE,dzcr8fhg.cat|SurfaceFingerprintSensor.cat,11020,,,512,2191
filF445D94A9D604D4CCB20A9F7FDAA37D0,cmpB225D4C572362A8180A00DA800440E5A,t86yzcwn.inf|SurfaceFingerprintSensor.inf,6474,,,512,2440
fil75B4CDD213B2317FA7B6A4FB720C1F00,cmpEC18AB70B5E340E5B73212B3B730E5BD,oun2qlna.dll|SurfaceFingerprintDriver.dll,177856,2.2.11.0,1033,512,2106
filA6BFA76CED7B579F6F618DFB928404AA,cmp96B72DD2BFDAB79F15824DC86861D49A,0lieb0gq.dll|SurfaceFingerprintEngine.dll,2878024,2.2.11.0,0,512,2235
filD5A86447C29CD7B5F2FDB94426ECF9CF,cmp43C7BC6E1B5DD05AC02333FB4D1E7855,lyhrdwj2.sys|amdacpksl.sys,352880,1.0.0.39,1033,512,2346
fil4F245CD414A0FDC0B144FCDFF161820D,cmp9B65C34D17950BFE32662D687314B3D1,gjw37g_x.dll|DolbyAPOv251.dll,1821840,3.20301.304.0,1033,512,2000
fil8B4DC1288D4F5CB3F9DE59199813A5CF,cmp39FBCB80415DFA8083B6E6A1D9AF25F6,ofzodzho.dll|DolbyAPOvlldp.dll,1528616,3.20301.304.0,1033,512,2158
fil453D15749897A2251B98FDE96FC96F34,cmpC6BD7AA211BA63D77A5D9D60ECEB8E51,w6pehr1t.dll|DolbyDAX2APOv201.dll,2888184,0.8.4.33,1033,512,1976
fil53CEC0316247082645A1DAF427E2C867,cmpA528E96DE30A6324EA4D7699DEE4F3A4,HDXRT.CAT,287604,,,512,2014
fil25935E6028D0CF6E26ACA733B88CCA5D,cmp23D6A3881118508E6DBCE2E76AD7FFE1,HDXSSTM2.inf,928502,,,512,1893
fil732FEC78CFFA3A94252AF061D813C14A,cmp8F9BC243C31234223E9E1394E7751420,d7avcgq_.dll|RltkAPOU64.dll,7337856,11.0.6000.944,1033,512,2100
fil2AC4170CF376B37A3CAEA6AEB70C1017,cmp6B046B8FFB69875496B0783F8EAE4603,5v7zacrp.dll|RltkAPOU642.dll,7600712,11.0.6000.944,1033,512,1910
fil4F55B79D0CBC847634D819D06D89048C,cmpE7C4C2A9DC8A5DB8656D79F097DEFF91,RTAIODAT.DAT,353876,,,512,2001
filE89F5C5EE54742C0338430A07481E394,cmp0EFE01C758F95A6FE84BE5DC795AF385,RtCOM64.dll,1259784,3.0.0.1,1033,512,2402
filB296767D330B8BBACA6B2441971B1B93,cmpB382C875ADB922A0256EB5CA98293071,h7s0d0h6.dll|RtkApi64U.dll,840920,1.0.1.106,1033,512,2265
fil4AD5BB37EC7577C42163338B5DB77D0B,cmpF27E8277327A7809C57F204420FC4915,tchauqjr.exe|RtkAudUService64.exe,835680,1.0.150.10,1033,512,1991
fil5005F001D3D24329D62ED739283E0877,cmp2588BE618E2154A74F6FFC57E78433B8,RtkCfg64.dll,296184,1.0.0.8,1033,512,2003
fil94E8AF42B5505547A42654E587DBC25A,cmp41B1F1829180FBABFAC3BC75CE32659B,RTKVHD64.sys,6533176,6.0.9249.2,1033,512,2187
filABF7801785772BBD9E0FD008AE634035,cmp76763FBCE1C9F41AAB79650ECD3E7B95,HID_PCI.cat,10373,,,512,2251
fil21F70BCED467143E462608449D261043,cmp3621DE82B35D35FDAA14F3731E547270,HID_PCI.inf,16176,,,512,1883
filCC0928CBE84F56E1E67C02EE04B77104,cmp8CDA1F61BBA743E00ED8B6FB8DD15385,HID_PCI.sys,32352,3.1.0.4027,1033,512,2324
fil598696E1CCD8398D528CD61B2CD33A8C,cmp79906B9E152EFAC0CACF127B1888C7EE,r9490wal.cat|IceLakePCH-LP.cat,16495,,,512,2028
fil6BF250FF0FC6AB69BD444BA93EAC3218,cmp2061E3A036F22D90C3F7C1B2861B265B,uihzg1d9.inf|IceLakePCH-LPSystem.inf,15303,,,512,2082
filE2676A9906A00B0370F3C9B372A611D0,cmp38CA315B290B75E23F1691F461D6BA96,miwkyw_v.cat|IceLakePCH-LP.cat,16495,,,512,2377
fil553F503FA09150E922A29E8753DA753A,cmpBDAAA2E0D5A1DCC89F081DA1626FE8A3,n_hjidn6.inf|IceLakePCH-LPSystemLPSS.inf,4960,,,512,2017
fil42EA8318337AD7E22B243BB2C92FA0B6,cmpF202625ECE546E5429BFF354A9B0ED10,wj99rgxv.cat|IceLakePCH-LP.cat,16495,,,512,1971
filD787C68B7B7F3ABB10950E837AB651C0,cmpBE4231F241D9E1639A2C24B7FFC9ACF5,0leo5-9j.inf|IceLakePCH-LPSystemNorthpeak.inf,2843,,,512,2352
filD0BCEBCE3C6111B4F86DADB6E1A764D8,cmp362D060AC0D0C49B3D5C7C73E588C760,rqi0lyzf.sys|iaLPSS2_GPIO2.sys,127888,30.100.1916.1,1033,512,2337
fil5ECF9DE724CA22A405C0941FADF69C25,cmp2A7944F8BA1D9A5C4882827A66DD638F,nbj696gy.cat|iaLPSS2_GPIO2_ICL.cat,12462,,,512,2046
fil3C9A946F8979D4DCE50B2C144D50628E,cmp9629E293353B7818442E312FFCD069E6,ay1n7sfk.inf|iaLPSS2_GPIO2_ICL.inf,11682,,,512,1955
fil1330EE824B833DA967B2F662B321FBB2,cmp61976D5611BEB6B5B38622A12C57FAB6,_7jrh8f1.sys|iaLPSS2_I2C.sys,197008,30.100.1916.1,1033,512,1846
fil28ED81A7A87D2780378E902BBFBAF041,cmp5C5AAE5C176F88034061BAF9E273ED1A,mgksgl_g.cat|iaLPSS2_I2C_ICL.cat,12447,,,512,1902
fil93C567B367C7FC4EC88CDC425848B6CF,cmpF6FE63445EFDDAE1AFDFE000E4C44BA3,e_tdeyfc.inf|iaLPSS2_I2C_ICL.inf,14808,,,512,2180
fil67255F0C6BF5FA791A79F052B37318D2,cmpD8862E82270C7DD7492419CF89AD49D7,_sg24ozt.sys|iaLPSS2_SPI.sys,156560,30.100.1916.1,1033,512,2068
fil22D283FF70346D2169AEA66E7B025828,cmp8063B26BF12A958FEF73B1DC341E3FA9,zp06yjkd.cat|iaLPSS2_SPI_ICL.cat,12447,,,512,1886
filFC32F82090E12B7BD31C734AAF31FD86,cmpE8569E755790424039B3B2BBD6A211B1,fn1j3yzv.inf|iaLPSS2_SPI_ICL.inf,13058,,,512,2458
fil1433F89F6559CBA3D05FBF45AC683C5E,cmp30376D9C8B7A4F2045691975A2C4D60D,7omexrnu.sys|iaLPSS2_UART2.sys,309648,30.100.1932.6,1033,512,1847
fil0D6A60A3DBBB22F22B2B1AD2FF806909,cmp83DC7B7313556B44A4CD1AC6C8CF31F6,sdmxmy-_.cat|iaLPSS2_UART2_ICL.cat,10611,,,512,1831
fil30E6FF96A8DCC522546387B4F170C6D1,cmp615B506915FA0FF6CFC33A39C83ED1B3,riwmsujf.inf|iaLPSS2_UART2_ICL.inf,11596,,,512,1925
fil007B1484010C19FC1F77A621D1945259,cmpCA9738CFFB3447B595869E5981D77445,extinf.cat,11263,,,512,1803
filEAC4B6240E93B477A6EFCD7E26B0A20D,cmp3AEA16A1AC75290034E06B818AA8BE39,ogecatlz.inf|iigd_ext_hv.inf,20118,,,512,2406
fil12A364D7A56D0414D824D0B7D9648DCD,cmp050B2E1178C16876B02E4154E6C40950,ud_lwiyo.cat|IntcOED_OemLibPathExt.cat,12638,,,512,1844
fil7EC991A0BB10702A8ED6B19F68BC2F53,cmp0B9DBB9617A855C8C5EDFEA22B8E5F6E,dekz03zo.inf|IntcOED_OemLibPathExt.inf,4220,,,512,2123
fil4301044A22F7D1FA0E82647DFB7EB028,cmp091FCAFEA0E7AE39E120B50ECA6B0439,k5rt1gwt.bin|icl_dap210lite_lib.bin,241772,,,512,1972
fil48EFA135F3E394910F1871DFCA5929C1,cmpF9F394D4A25BEE648C671AC93670AA81,as8s1g_w.bin|icl_vlldp131_lib.bin,98412,,,512,1987
filFE4741127FBBBA4C6941737F70957682,cmp55D7B80DCC4AB415323AEDC3E0611C03,xy3p9n73.cat|ISH_BusDriver.cat,10411,,,512,2466
filE4B0F39D6E59B26D66D355E26DA9123B,cmpDEF36CBB35F49E6647513DC38A23F626,a5zas8-k.inf|ISH_BusDriver.inf,15174,,,512,2387
fil5359111478CDFF386D0A40F7EC4FF53E,cmp12ACA1681ECEB59BEB7E844A8032B261,5x1wr2rt.sys|ISH_BusDriver.sys,86112,3.1.0.4027,1033,512,2012
fil5F1591179321BCCFC53229DDC1EA6B9A,cmpAD88B42FF4C7CB81D95FFF2703445BB0,ISH.cat,10064,,,512,2049
fil79D5EDF512A73088A271762126A5ADD1,cmpE7297EE9F9E199E40591DD126685756D,ISH.inf,17996,,,512,2114
filF30086E5BCA777A7A86E0BA4DC7571FA,cmp14883C9875AF3CB0FD040A0C963C3ADA,ISH.sys,160656,3.1.0.4027,1033,512,2433
filF4259416789F857F8F63DCA88D649B96,cmpB831768C7A63D1E0E1372C989E861111,ynddj1zm.cat|iaPreciseTouch.cat,10701,,,512,2439
filDEC2360668ACBBC077B38CCD3BF9F95F,cmp92BDA095991C39AE56887B327EF04FD4,wjqkln1q.inf|iaPreciseTouch.inf,15452,,,512,2365
filF0C6FDDCE0C53F1D7D4D5A135FF960D0,cmp38ABF794BE70249A03A4D3B4F0AEC9F6,_6tuxw5a.sys|iaPreciseTouch.sys,809656,2.1.0.96,1033,512,2426
fil1BF1DA8E5626DECAD0AD4D17891C2908,cmp317BCD10AB9B15B50696E7C124847846,HECI.cat,14847,,,512,1863
fil53285CD455FDA2FC4BEFFB8982121F9E,cmp18A9F4CB8977797479D3420B4C60AC12,heci.inf,14964,,,512,2011
fil7EF9503AB20388B5EE50E2CCBF3BAAD5,cmpB6650E2075B3303E429508F1940F009E,6bhf7483.sys|TeeDriverW10x64.sys,335944,2512.7.3.0,1033,512,2124
filB8E1EC1C852EF08E508413CF22ADF186,cmpFF97C3D3BD84910C0DA0ABBC1EFD477B,po7hje77.sys|TeeDriverW10.sys,281136,2512.7.3.0,1033,512,2281
fil3851C984E69D38688D76B122FB621F37,cmp00FC6304F69C36DED25AC2BABD39BE50,zt08esvu.cat|OemExtension.cat,11040,,,512,1943
filAAA88B61EC80509E9BC450CF2CC17287,cmp882AB642887B65BEBB0AA9614B6AD7D1,ebsmyrbm.inf|OemExtension.inf,4827,,,512,2249
fil9B0D99A05AF95D671A187A2D484A69B0,cmp0FAEDC5F9D9D599A70FF44D2767C8F69,7iyzkbm-.cat|SurfaceME.cat,11450,,,512,2202
filFCEB49733C56DD4ABD53C8CD6BB76B83,cmp92CA7130367D607E478D199CCDD118C5,_w_knfxy.inf|SurfaceME.inf,1218,,,512,2461
fil85AA2C71B92DC3BE81DD0C9DF8205F20,cmpD05D08E6BC7167A5C090914E20A1F7AB,dfp42ks2.bin|SurfaceME_13.0.2490.3.bin,4021695,,,512,2140
fil5F1E99558F0FBE8E5F5C8BFB71D64473,cmp080E73D68C8C7BF180F2BA33F55845E7,lactewsf.cat|msu53cx22x64.cat,21390,,,512,2050
fil3A25D02F597979C72476B750316716BD,cmp74BC86B3E17791010D79F434B0623FF2,xnx0xriq.sys|msu53cx22x64.sys,1165768,1153.16.829.2024,1033,512,1949
fil9F3E08F629AC90E29698C84C52C5E3F2,cmpC086DF4E0B3E884AABC384D3E1EA35F4,g1n_0wfe.inf|msu53cx22x64sta.INF,171834,,,512,2212
fil559F85D1C55AD9971DC88EEDAD1E50F2,cmp6F9BCBA0C540BF50D676B66560CDBE7C,irncrhqc.cat|msu56cx22x64.cat,21418,,,512,2019
fil984E7CDFE4AC813316D1C17D6BFDF291,cmpC94FF4642C5B61C758324E1B9A91DFA2,9doie45x.sys|msu56cx22x64.sys,1170264,1156.16.829.2024,1033,512,2193
filEACCD62925715AA8E174C69A4AB7AAED,cmpC0DF443B8D9D16E6B949630B107D258C,qjcqckhr.inf|msu56cx22x64sta.INF,156604,,,512,2407
fil2B1DDC41B144128190B437F7DAD87356,cmpC5F82A1E50A773A8D025B019F337F9B5,ov7251.cat,14385,,,512,1913
fil231C86207876DE9825023A1F2B1B7DFD,cmp25C7CE35ABED3FFB68C9500B291FF135,ov7251.inf,6086,,,512,1888
fil467D97F6507DF980E016DF497B6583AB,cmpEE97C251E37CBD83D8F9551FC972ED25,ov7251.sys,171096,42.18362.3.1,1033,512,1980
fil3CB74E6AC53B4B9938130E2496A5CB71,cmp637717C80DD0ACDF7FAED9AB52A40450,ilwg_mf2.cpf|OV7251_6SF002T2_CNL.cpf,32220,,,512,1956
fil4C6356048ADCC19D96857DAC1CA8F7D7,cmpF48CCEF2F53B703558ADEB698955FC4D,xf1b2pd5.bin|OV7251_6SF002T2_CNL_pipeCfg.bin,2640,,,512,1994
fil280B062FBF215E82B9ECBEA39E3BA6F9,cmp715F8565ED4CA811B4F60A394C3BEC11,fvvghr1k.cpf|OV7251_MSHW0173_ICL.cpf,512,,,512,1899
fil6DAACED13EDFF166E9FAC98E26A56115,cmpB338E7D82A35E3CD50E647FCDF83509B,ngkzokf7.bin|OV7251_MSHW0173_ICL_pipeCfg.bin,62952,,,512,2088
fil14643A1BAC946D1673B48593C181EE55,cmpA92C848F0C9BD46A217DB3A7C139F73F,wh4an0gp.cat|ov7251_extension.cat,14304,,,512,1848
fil218774C04EE78266B13F89BC366C6712,cmp9843B197BD84C5220233B4103CCB06CC,oy8j5zpp.inf|ov7251_extension.inf,6604,,,512,1880
fil5BBCFB3453DB6E09327AB48639FBEEAB,cmp80F3AE61A305D6C9A644154F139FFCBC,cdugladt.cpf|OV7251_MSHW0192_ICL.cpf,79120,,,512,2039
fil1AAAF92D4CFA520727ABFAF20E773C90,cmp8A5AAF600167372F47F7E0A935079C30,6nqj1drv.bin|OV7251_MSHW0192_ICL_pipeCfg.bin,5520,,,512,1860
fil0C35831C740FB7B59C9EF57B3DF9DC22,cmp0F5394D8375BB7583770504DDA74531F,f4gnafpx.cpf|OV7251_MSHW0202_ICL.cpf,86340,,,512,1830
fil54217A397DE34FD45523D45D596C5611,cmp32E440322388604A7D183849A842420B,pfqgk5y4.bin|OV7251_MSHW0202_ICL_pipeCfg.bin,5520,,,512,2015
filB77B5635E55ED7C3038EB334E29709FA,cmpA9BF742F8D9F1DD8928E517849B77FAF,hhtkajzn.cpf|OV7251_MSHW0212_ICL.cpf,86340,,,512,2276
filEC5A04B154CF17FB03F8E63C6E252DA9,cmp62CAEC28474D58431B14C5FF3DAFAA18,a1yzpxrb.bin|OV7251_MSHW0212_ICL_pipeCfg.bin,5520,,,512,2415
fil79B61C4D01B16D2558FE388EB873ABA2,cmp7BEC8F94C077B7C34A7E0BEC29C3516D,ov8865.cat,13524,,,512,2113
filEF4E9C7FF4F3A30155BD7FCA380980EB,cmpCAF40F805B26D37FC633AD2D6DF89B13,ov8865.inf,4544,,,512,2422
filF5D352362C39E96D564642C9E860B921,cmpF1DDCAEEBF6764CCEE0A85AADA4F5AC9,ov8865.sys,176216,42.18362.3.1,1033,512,2449
filB476E52F4584E95BC9874F768D121150,cmpE442602BAE125A93A643551BF7D1A5E1,g5d7zifc.cpf|OV8865_XXX_CNL.cpf,317544,,,512,2270
fil31CB261915DDA47D84E0C46CD234B074,cmp87985752EA8738CDE7A7F9EACCA75576,il-whpha.bin|OV8865_XXX_CNL_pipeCfg.bin,325172,,,512,1929
filA3917165278154B092AB84D939510EB7,cmp8355A8AD7B278719B184AF691FF0F868,tv97oume.cat|ov8865_extension.cat,15549,,,512,2226
fil4CE6653F5F62352DFA7B8F235C519029,cmp44F237C2F522482B534FDA4A71F4295A,bbpdqtuz.inf|ov8865_extension.inf,6936,,,512,1995
fil4C4D65D0B276C50358B02CD011D46914,cmp921130D80F493109FAB5E5CC19C0A832,bbqkbf7f.aiq|OV8865_MSHW0191_ICL.aiqb,400092,,,512,1993
fil3501331B5DD9B58661C7A099E70C0B51,cmpA8680D35DE8ACA2E36D709161A27B759,2fpkdwc0.cpf|OV8865_MSHW0191_ICL.cpf,240,,,512,1935
fil7D12600C28A71814E40CAE46A06E43DB,cmp6F68FD7677179DABA383BCD0CCE0CDA5,bb4ihyt7.bin|OV8865_MSHW0191_ICL_pipeCfg.bin,393232,,,512,2119
filA6DE44A93C0173C2BAAEFC5B29A84FFF,cmp8266CB9B3F1E2FFA97CE91F0F9A55E45,hbchdknr.aiq|OV8865_MSHW0201_ICL.aiqb,587476,,,512,2236
fil11948EBD14C5DEAE2FB4482C4ADFDB20,cmpB1D5F81A783DBF80C0F8537EC57F2A19,-4j_nxue.cpf|OV8865_MSHW0201_ICL.cpf,432,,,512,1842
filA5DC3D9BC02F238972FB53C40A722A10,cmp25E2F88C546E5E0825C718B89587841C,0h98kiyd.bin|OV8865_MSHW0201_ICL_pipeCfg.bin,393232,,,512,2234
filA7828D6646831D7D81DB76CC912FB32B,cmpAE3B3C309F3D456D706F64433E05E764,fqhsfguo.aiq|OV8865_MSHW0211_ICL.aiqb,400092,,,512,2237
filE100891CA01D9B05F8982B4E3C063B40,cmp81AC09B31605F37CB8C05108D3894A08,ttft8g9a.cpf|OV8865_MSHW0211_ICL.cpf,240,,,512,2376
fil663580D91253FF880F6564A2EEBA5F6A,cmp5F329A01A353E30D1283BF0C855CA2BF,cgsrooqp.bin|OV8865_MSHW0211_ICL_pipeCfg.bin,393232,,,512,2065
fil45F07FD7F0281B31614D75647E837AFE,cmp0CF93368919F00DCE50C1EDEEC85D119,HDXRTExt.cat,21250,,,512,1979
filB998A5F8E08D82B8585F34D90885836C,cmp084F2ABB1DDDEB39662E406117D133BC,elcm9vnj.inf|RealtekExt.inf,13066,,,512,2283
fil8AD9E5B742FB900BD0A105E1B24D900C,cmp8E7B905412C7F30C29DDBEE89BB240CC,d1ywpnxg.cat|RealtekHSA.cat,9790,,,512,2156
fil57913DBB495635E6F55C78A069A8A7E4,cmp7955FA73DC4160247E2ED9644CA50F73,4ahwdlj6.inf|RealtekHSA.inf,2296,,,512,2025
filE3209B20C17CCD2016E4A86F7267ACD6,cmp3908A17BA98C34195EE9E5D6E671E351,jgnbjiyg.cat|SurfaceSAM.cat,11350,,,512,2383
fil558F0736787189A25E16DBFF4052D88F,cmpCE4011334D04498FD25EF76791681243,e_opwgpz.inf|SurfaceSAM.inf,2426,,,512,2018
filDDC92AC7C584A475B90EB0F8FCE91AA7,cmp62992F57EFFF3DC06063EDEDAD27E346,modah48f.bin|SurfaceSAM_14.800.139.bin,1382810,,,512,2364
fil75329A366B5D015AFBF2098527063061,cmpB8E35F5BED23ED529FB82AC2EA1FA4FA,RsCRIcon.dll,9908808,1.10.0.0,1033,512,2104
fil6A331D8CE7D12B4CCC014F84D0D39020,cmpB62E8FEBA9192496F6B64C64DD3E4181,RtsUer.sys,452304,10.0.18362.31252,1033,512,2078
filA07B49DAB802FAAC80DB61BDDA82F1FE,cmp83F3377CAEC19C95E8FF8562DFF0A351,RtsUer64.cat,10907,,,512,2217
fil67865E58829D0BFB47C81159088DCDE4,cmp298A6C0DBF241D252F93B341624C9EDF,9olprsyj.inf|RtsUerSDOMs.inf,3119,,,512,2070
fil0207868323F50DC8BF26268F9E4C2219,cmpCE4E17C18E4F7327399112DDE0D2122F,tdsnvaxi.dll|SurfaceBtleLcPenTelemetry.dll,987136,6.214.10.0,1033,512,1809
fil0DBB4CB308206F16EA0E7442725A691A,cmp8E0009BD4F59F4D95C43FC709A57FBFF,wulcnm6p.dll|SurfaceDriversTelemetryConsentSettings.dll,825456,6.214.10.0,1033,512,1833
filA796634E4A1AA04ECA0FB24377BDE8FF,cmpF7F8C87CED4E5931238D09E3D514ACD6,2ukmeiml.cat|SurfaceIntegrationServiceDriver.cat,12993,,,512,2239
fil31DEF85C28B6DE7F8CB66343DB9ECF1C,cmp3FD32B11A8DB9AAB43C632663D0A7463,cz0rjtr9.exe|SurfaceService.exe,2335232,6.214.10.0,1033,512,1930
fil20BB508E03FF39C6D276DCFD0AB7DB8E,cmp05911389BE0FC77750E23A7506ECDB1B,izg2rd9m.inf|SurfaceServiceNullDriver.inf,3068,,,512,1878
fil8D79B28894736D38589BDE0C7BC91AD1,cmpF175536AC9D38E0973B3406B3318ACB3,ji5k7jd0.dll|SurfaceServiceSensors.dll,472176,6.214.10.0,1033,512,2164
fil6380F54113A4B369A8563B1688A29474,cmp7961E533526DCBF2683D8A12A13F4D32,ko1g80d4.cat|SurfaceAccessoryDevice.cat,10415,,,512,2059
fil89CDE7FC5FC660FC32A1F7F9A6CFD120,cmp39EEF850441E34037582BD91DD0A45E0,_gdoyivn.inf|SurfaceAccessoryDevice.inf,1869,,,512,2154
fil6CD09BB995EDECCA756246C5C2095D7A,cmp7A0453399995770268DE4AE1459C9EFF,llq--nop.sys|SurfaceAccessoryDevice.sys,73616,1.1.511.0,1033,512,2085
filC6846B94B2553AA2AA87609D5AB5821F,cmpF2B22CF03D40C6270DC88BEC4229542B,ebv_vwhl.dll|WdfCoinstaller01011.dll,1822224,1.11.9200.16384,0,512,2311
fil1C4A01CFB5A7DADA1F7A2BFFCB18A7CA,cmpE0126318B529F1085C2D91AFEE9C95D1,zzce-kb7.cat|SurfaceAccessoryFwUpdate.cat,9818,,,512,1864
filD2FA67110DDD97473FDC2515CD29AD00,cmpE3A9669095E9CB7192363EA1FBAA2020,d7mucco5.inf|SurfaceAccessoryFwUpdate.inf,1919,,,512,2341
filB7D10534B069E6BE38CF3432EBED52B2,cmp795B2834EFE7841A9A9B70424B438456,0x40sv0o.cat|SurfaceAcpiNotifyDriver.cat,10208,,,512,2277
filFE114B53620871742C860CF4221FECF0,cmpE022AA9CB50204CEBC6D9398D9DF9EB0,5kemyxrs.inf|SurfaceAcpiNotifyDriver.inf,2250,,,512,2465
fil928B2366B6B84BE77CE2317A15ABED75,cmp5F50873D16A6C4BA66B641C54DEFA031,5oc02cv8.sys|SurfaceAcpiNotifyDriver.sys,281400,7.52.139.0,1033,512,2176
fil3284B6AFCAC210D6627064178AC4E8A6,cmpCD12268B2634F9A9CC00889C9C826A97,drtmiddm.cat|SurfaceBattery.cat,10284,,,512,1931
filB1076B968BB1252A62C500B2B50F5F18,cmpB92F4058D93E6ED158C509B4391755AF,lgvbrajn.inf|SurfaceBattery.inf,4440,,,512,2263
fil40A10848E6229281FE9E6614C869A775,cmpC606E0F66544EC3469078384E4D2B1A0,xzyy9mkz.sys|SurfaceBattery.sys,308024,1.60.139.0,1033,512,1961
fil12EB23A167635F04A1ACE8136F17BEDE,cmpCE01AE1EB61DC1FB6826E719F1EA2127,d4fevn9u.cat|SurfaceButton.cat,10193,,,512,1845
fil1973F928553337630F4D4F5E1D06130D,cmp200E0BFFA7632D13AF47FC5AFF446CB1,8nyktb3e.inf|SurfaceButton.inf,2506,,,512,1858
fil053A685E172DB151D725C6823F131BB7,cmp30737069FC30C8CED4C37F1FE5DB9FF9,vloi4u4v.sys|SurfaceButton.sys,374584,3.43.139.0,1033,512,1817
filD7CD750B5A109C78A0F1C42CC24E6BB7,cmpB8C702CD50B3BCD6A1B0A83F42CA3227,fk_jlwws.cat|SurfaceCFUOverHid.cat,11432,,,512,2353
fil74857973CAF08AB32D1C79E16B489228,cmp3E02C69B2CB5EC771C6CC0F4A0B83D05,ajqinhiz.dll|SurfaceCFUOverHid.dll,328176,5.65.139.0,1033,512,2101
fil8702FD571B2DBDE567770066F99BCE74,cmp6FBBFAA80BAC3E77E2A0820B9ED8FB74,oqd_2tkt.inf|SurfaceCFUOverHid.inf,6876,,,512,2147
fil416A04A107FDDCB337FF49811AF85A62,cmpF511A3887CF8D809B0D73CCACD4D9DE9,v0zvgdb8.cat|SurfaceCoverClick.cat,10781,,,512,1967
filD540D3CA0FE04D32DDF406D184E8132A,cmpDD711A46A7B56F5EBFA0CC0563E55C8D,sjr84whx.inf|SurfaceCoverClick.inf,2235,,,512,2344
fil0EA83D0D31882B1DEB4159B851B4A633,cmp625756D5AC7130664209CD418DF51096,epxujgp4.cat|SurfaceDock2FwUpdate.cat,20096,,,512,1837
filF158799EC53837F989FC431DA118C7B4,cmp06C5395B68A1994790D13A9D4E8A27ED,ldalks5j.inf|SurfaceDock2FwUpdate.inf,5335,,,512,2429
filBE2D73AFBFDD9CD2DFCAB67ED577D46F,cmpEB16F11F5D1937C5C626E7CADD388716,13wz0aoa.bin|SurfaceDock2_AMC_APP1.offer.bin,16,,,512,2292
fil10B61891FBF9F16E977EE0F1F2FAB558,cmp824518ACAB915CE1AC0E1D7FCBDFC0E2,qt3-hgjt.bin|SurfaceDock2_AMC_APP1.payload.bin,319343,,,512,1841
fil1C5C8DA89247B3EAB10ED5006DB29B9E,cmp93EA29E56F4C344729766FDD0952F142,eqdnn52f.bin|SurfaceDock2_AMC_APP2.offer.bin,16,,,512,1866
fil84A208482BE639A7900EE821A48564DC,cmpF75AB6CEBE9F01F01ED452B47DFB3A73,7cctessk.bin|SurfaceDock2_AMC_APP2.payload.bin,319343,,,512,2136
fil9331EDAC83BFE1826C0457C0BF6DB85E,cmp0A23E60A3ADCA1C494812112ECC39B74,u_ko3h7q.bin|SurfaceDock2_AUDIO_BANK0.offer.bin,16,,,512,2178
fil5A256B03E42BB636FFCCE3A24B250DA6,cmp53A3F9F80F3D6A35A96D39D53DDB6A79,gfp1r-oe.bin|SurfaceDock2_AUDIO_BANK0.payload.bin,88175,,,512,2032
filA27314B9BC6D9A546C91362F85B0713B,cmp5209C7C2DBCDBFC9AB1D4008481986B8,z6maud6j.bin|SurfaceDock2_DP_BANK0.offer.bin,16,,,512,2223
filCB76FFCF093FCDDB673427CC4564F0BA,cmp12D7D977C085DC26CC5D381646DE66E4,64tcsijo.bin|SurfaceDock2_DP_BANK0.payload.bin,174191,,,512,2323
fil99F43FD942D88FF9247910D4718A95E3,cmp2D2F29A20CEA166F3C78378239685090,5vehqtgj.bin|SurfaceDock2_DP_BANK1.offer.bin,16,,,512,2198
fil2198DE72C33430C2788C14CE46C4A9CC,cmp6D9A78D875D74BAA9EBD688D83F04D74,rf8j_-tv.bin|SurfaceDock2_DP_BANK1.payload.bin,174191,,,512,1881
fil3130ADDADEF66D8C42621C8094426320,cmpDCEE0BD4A051DDB0D28426E151FFBEF5,abllm571.bin|SurfaceDock2_PD_BANK0.offer.bin,16,,,512,1927
filEB2121A27F3C39118B3E81E7CA8AB3EF,cmpB64567C56BFBF74E2EC05EB914ACCE80,hwqapzmm.bin|SurfaceDock2_PD_BANK0.payload.bin,20471,,,512,2411
filBF8F3253EC92F31597B56591760A0C8B,cmp205D14AA231F50A9ACE25729B81CF10A,x8trctmk.bin|SurfaceDock2_PD_BANK1.offer.bin,16,,,512,2297
fil66F32A87238EBDED1361912C072AF91E,cmp6F9C0CFD842ACB13CE28548148F8834B,fesvbvwo.bin|SurfaceDock2_PD_BANK1.payload.bin,20471,,,512,2067
filAF9F379BBAB6E091821F439028270C20,cmpA52A69DEDC2F5C75440ECD7858B380C5,ghsukstq.bin|SurfaceDock2_USBHUB_DS_BANK0.offer.bin,16,,,512,2259
fil495F3D870F8327D3DD38A3943E0508C7,cmp17E1F7D45725A4F514C225140777976F,znvz2--6.bin|SurfaceDock2_USBHUB_DS_BANK0.payload.bin,55919,,,512,1988
fil5A443BB9B836F2599197D0278755D131,cmp5331525AE892E185FA6B41708AF6C22D,bia5vzd2.bin|SurfaceDock2_USBHUB_US_BANK0.offer.bin,16,,,512,2034
filF211473CB4A27D5B6F7FF0074A38F5A5,cmp759F17791D2B5476AC2787771BE8C550,bbbrvh4f.bin|SurfaceDock2_USBHUB_US_BANK0.payload.bin,55919,,,512,2431
fil00D443D03CE1FE50C077675417EC18F1,cmp6D523C7746FDBA98CC72295F812BA76F,0gqbos00.cat|surfacedockintegration.cat,10441,,,512,1804
fil1BEC0AD16A2CF0E9960C037F0F0DC810,cmp042B43376C263AE7822E5EF3DC0CAA86,dqlqva5q.inf|SurfaceDockIntegration.inf,2842,,,512,1862
fil18AEE4B406F80023FB18F38ACE794139,cmp7E2A41C8908DF93066BB71F140750143,y0fhiwy2.sys|SurfaceDockIntegration.sys,36064,1.24.139.0,1033,512,1856
fil6F0100C2F2F371D244523B133E31680A,cmp687D0297F1826C7CBFC8D020CE5CCB80,raxdbq9r.cat|SurfaceHIDFriendlyNames.cat,10493,,,512,2092
filE587073F9145A4B8C398795D267C5034,cmp82C8267F283368CC4196FA6BBBF019CB,exk0ryhk.inf|SurfaceHIDFriendlyNames.inf,3066,,,512,2390
fil2BFABF907ED42FC1F17A0C8A0ECA32AE,cmpF69ABA6908909E42BC9DDBF158E0F0D8,wmziu6k8.cat|SurfaceHidMiniDriver.cat,11030,,,512,1915
filCB1B8A7D8B933F498406DA07BFADB586,cmpB257B68A59C7CCA054E10EFD67F23C97,ni4zeyt9.inf|SurfaceHidMiniDriver.inf,3515,,,512,2321
fil6F3F1B70F339D729AE90188EF48CE336,cmpEFEDFD8157EB37895347DC257BC7A61C,ewg1ou2p.sys|SurfaceHidMiniDriver.sys,305112,3.31.139.0,1033,512,2093
filBB3EFA39E5A39300140D148ABA3745F5,cmp74528325FB5A39E1F00F17CD191D22D8,dxxjecpu.ppk|Surface.Power.Policy.Defaults.ppkg,15015,,,512,2287
filE2CC4223C47B1E160088942EB8E9BB1C,cmp695B710CA77CCCC70B254FFDFB74BE5C,-zqt9hxd.cat|SurfaceIntegrationDriver.cat,10769,,,512,2378
filE03166ED56A14A206BB803B58AC61D37,cmp70C98EF36D05024CD5B814E9C19BD315,bfrglqwt.inf|SurfaceIntegrationDriver.inf,6976,,,512,2372
fil2A894D8915AEBFD86881F969F89F1591,cmp0EB7BD628772B5D926A9CFAAFE0D492B,9so_zmc5.sys|SurfaceIntegrationDriver.sys,311280,21.31.139.0,1033,512,1908
fil3D42C4FC339F1FB6FE3E6BCA7647F4F4,cmp937A4EEE9FD9F2D022C9313D6EFB0B6C,5rupiknl.cat|SurfaceKeyboardBacklight.cat,10503,,,512,1957
filBCE86E79C96C81CC20CBAE32C882360C,cmp37441F1368084F73813B47E56327E0F5,jdfgfqk1.dll|SurfaceKeyboardBacklight.dll,163336,6.19.139.0,1033,512,2288
fil8396642137A002DB60E47E1AB449E9BB,cmp05A3EEDF3E8B9CBCE2D0DAE368E7EBCF,zzglfebw.inf|SurfaceKeyboardBacklight.inf,3291,,,512,2133
filE3757FD13E60412812411D005DFCC32A,cmp0506CD6A35FBBE5246B37DE61A716E9B,v2euce-b.cat|SurfaceLightSensor.cat,10380,,,512,2384
fil59C062F34C800E10628EF80826DE6988,cmp0EAC4D80DA38C2DB24DAF8F3482B2191,rbcxus44.inf|SurfaceLightSensor.inf,1817,,,512,2029
fil289E51843EA87EDAB7BB8624C60AE17D,cmpD627CED21B050C6AEA437B17A01F216D,tnsr0h-c.sys|SurfaceLightSensor.sys,228368,1.35.139.0,1033,512,1900
fil3BB1A0F12F6537A876E2C3540C0A3D04,cmpF1EDA8D8A028E26BB1D1654490806305,dclyn8my.dll|ColorCalibrationComputation.dll,778248,3.175.137.0,1033,512,1953
fil3824B8269D8D058A34E935ECF63124E3,cmp66258103B9EE9CCADBAE136E6C8115DD,t66x8ppf.icm|SurfaceEnhanced.icm,8884,,,512,1942
fil6D2C23E00055B7E897131C6AE5B6ACAE,cmp78E35989FB386D3D64A113B2AF596AA9,fmuagxgw.cat|SurfaceOemPanel.cat,12141,,,512,2086
filEE0C40916DDF395F2D60ABDDCF287C87,cmpA52F419E43713FA5C4BC7CE6F3AA9C60,l80eienh.dll|SurfaceOemPanel.dll,601080,6.81.139.0,1033,512,2419
fil06DAD1B67EB6120027BF29497D4DE258,cmp9E0AC86A88BBA45252F9606079C4A078,vdxxovyi.inf|SurfaceOemPanel.inf,14303,,,512,1820
fil09B5CF016B32FBFA499A9D66B78D7F3A,cmp658E52B3CCD49791090D2F211E90BCB0,izuhpkeq.icm|SurfacesRGB.icm,7200,,,512,1825
filDDA8A4418B6A3BC00EC1A6C572D6C510,cmp4E6448074D68B04081C789B1437ECF10,hhnvbrcb.cat|SurfacePD.cat,10178,,,512,2362
fil0C01F64A94C158EBA9C33FC8F241B327,cmp21FD357E533438CAE9DBAD1B52DC1D7B,nt9ob7bn.inf|SurfacePD.inf,2368,,,512,1829
fil6478AF8D6369FEB76107C1036578A5F2,cmp03633B9787C1E88DD11B8FF53CC5E55B,n41d2vk4.bin|SurfacePD_3.6.1.bin,39146,,,512,2061
filB27F29901DF8E01A9A94588A2C96980D,cmpA707532BD25D5DCDB7DA7E45DF1896D4,47ffvoyx.cat|SurfacePen0953CfuOverBleLcExtnPackage.cat,14713,,,512,2264
filCE7C2CD6BA5F203E20CC7A0FA75F2C6E,cmp155364EF34729FA73FA53A358E794F7A,9kdqvmy5.inf|SurfacePen0953CfuOverBleLcExtnPackage.inf,4830,,,512,2332
filB308887D568C306FE2A563CCCFE18CFB,cmpBF1943F82346506DB58947D680AE4BAD,c1w8ltcb.bin|SurfacePen0953CfuOverBleLcExtnPackage_K_BLE_HI.offer.bin,16,,,512,2268
filE737F3A9C6793044A7125BA7C7EA23B9,cmpE286B3A4429FC1DCD41C7E260DDBC3B9,1gaaqjp7.bin|SurfacePen0953CfuOverBleLcExtnPackage_K_BLE_HI.payload.bin,39717,,,512,2395
filE917404D5E85518C3C46F6232D9CAADA,cmp157AF60C20C43A2BCF0DEBAF8AC3E4C3,fdb-j31t.bin|SurfacePen0953CfuOverBleLcExtnPackage_K_BLE_LO.offer.bin,16,,,512,2404
filD96AC39D2DE15C6D790B981C79DEE0AE,cmpB2C1B083DCB0E1DD27C29F0435436E5E,jzzugnnn.bin|SurfacePen0953CfuOverBleLcExtnPackage_K_BLE_LO.payload.bin,39713,,,512,2356
filE6FD97E926D1FD11412C6D6287624A46,cmp6C4E797437EA4286916BE9E88BE0DD16,j-mbso-0.bin|SurfacePen0953CfuOverBleLcExtnPackage_K_MCU_B0.offer.bin,16,,,512,2394
fil7F450A138504FF62A6AB277F92CC7CEB,cmpCC73469FB1AAE8A9102C88F05AA3DD8C,_n1a9box.bin|SurfacePen0953CfuOverBleLcExtnPackage_K_MCU_B0.payload.bin,143543,,,512,2125
filD88F1490F5617C58CE21F567EDF9E19B,cmp733FD9519192967FF187126B0BD84894,cogjnygc.bin|SurfacePen0953CfuOverBleLcExtnPackage_K_MCU_B1.offer.bin,16,,,512,2354
filFC35BF73D7EA64BF34A374044169DD8A,cmpAC07B5C79248EC134690336ED52E8559,2yg6hrod.bin|SurfacePen0953CfuOverBleLcExtnPackage_K_MCU_B1.payload.bin,143543,,,512,2459
fil4818C080869D62460323C0D0DFC591DB,cmp2647ED01846CC8F46B515FF4BD1B931B,nwzbw0wy.cat|Surface0953FwUpdate.cat,14030,,,512,1985
fil0E7E8DF3212EF6F5497EA63FF108D690,cmp066595227C0F1B63B51D204588D6AD77,iyfnck8m.inf|SurfacePen0953FirmwareUpdate.inf,3641,,,512,1836
filAFA3D93480850490BDA82055DF2A1AC5,cmp2A8DD9F6BEB5EFC8B7C5FA787F63BE73,g-yakpge.bin|SurfacePen0953_Annapurna-HI.offer.bin,16,,,512,2260
filC97A05EAA46A0C88D4110CB942D04F39,cmp46B82E3BBF68AEA4D98AB62533B0495F,aofdznij.bin|SurfacePen0953_Annapurna-HI.payload.bin,39717,,,512,2316
fil20E4B3BB771F067D2EEE0116D133E60F,cmp9360DD3DA3FFA8AF22A4ABA1EE19D5B6,8tywmssn.bin|SurfacePen0953_Annapurna-LO.offer.bin,16,,,512,1879
fil9F12FE357D04C3FD7A3FC7B1E8B64727,cmp76FEF356A258204A1A33072F4EEBF0E5,pu1clqxm.bin|SurfacePen0953_Annapurna-LO.payload.bin,39713,,,512,2211
filEEF7191459CECF7DCC87E883FE7ECB1D,cmpCBD760A999AA1683B6C9DCEAD6C529CE,rblfsllc.bin|SurfacePen0953_MCU-B0.offer.bin,16,,,512,2421
filFF2FBD909230F7085B437C67FC097824,cmp03EA2DA98C239E4F227D01C2627DAFAE,-yqeozpu.bin|SurfacePen0953_MCU-B0.payload.bin,143543,,,512,2467
fil5CE00979BB266497E68B0333306B468C,cmp0439385BE07D63041647AD752D5EE187,rryeb1wk.bin|SurfacePen0953_MCU-B1.offer.bin,16,,,512,2043
fil262BFDC42F5DFF99D8B4967B03E275F7,cmp09ED2267720F7A0CC08CBC8BA87A2DF4,dc_yclm3.bin|SurfacePen0953_MCU-B1.payload.bin,143543,,,512,1896
filD091A8DF2B7203FB17E19D380C55D89B,cmp1FA92E5697F72E1950ACE0B57028CD0D,aaywg7nn.cat|SurfacePen0C0FCfuOverBleLcExtnPackage.cat,15778,,,512,2336
fil329FB21D972009CE098B3CD0A9C607A5,cmpE323849E8BA14BA85D29A44F600A57CA,f2xnm41b.inf|SurfacePen0C0FCfuOverBleLcExtnPackage.inf,4762,,,512,1932
filA1064D8C22B73B6BB1BC2CE111E67D68,cmpB9D89FA704A2A8B045ADB301FE410058,jdo85pra.bin|SurfacePen0C0FCfuOverBleLcExtnPackage_BLE-HI.offer.bin,16,,,512,2219
filC977F63279227B2E8983F40267D05880,cmp83040FB8506B7F0CDA47670AEDE8920B,6koxlnse.bin|SurfacePen0C0FCfuOverBleLcExtnPackage_BLE-HI.payload.bin,125571,,,512,2315
fil7209124708BB2E5C7E5D418E90A3B28B,cmp695FB5FB73BC53A9A8881B783F473AAC,1abpxjkq.bin|SurfacePen0C0FCfuOverBleLcExtnPackage_BLE-LO.offer.bin,16,,,512,2099
filDF16B1F9681A643A5693FD1495A921BF,cmp0589FB57F1D8D43E12906F91F0627937,ylxmdlzm.bin|SurfacePen0C0FCfuOverBleLcExtnPackage_BLE-LO.payload.bin,125571,,,512,2367
fil56F5139C21E209B891E199A3FA5CD79C,cmpF7621D3092785886E4D7A00FFFA8C574,shmvcbcl.bin|SurfacePen0C0FCfuOverBleLcExtnPackage_HAPTIC.offer.bin,16,,,512,2023
fil85CB48F8AB68EE3432916DD1000AB330,cmp4647FC36A31B0FECF406BB07FF217BD0,qqan_v_7.bin|SurfacePen0C0FCfuOverBleLcExtnPackage_HAPTIC.payload.bin,66552,,,512,2141
filF3367562F1F0E8E53BE33322189DA447,cmp33F196C8F6BD72EB22B5115986483E81,8uu_voir.bin|SurfacePen0C0FCfuOverBleLcExtnPackage_MCU-B0.offer.bin,16,,,512,2435
fil77183870D25F3E404FC0DD188F09467A,cmpF2C85ADA208A8FDE6DC17105ABF21E0F,fqn80orx.bin|SurfacePen0C0FCfuOverBleLcExtnPackage_MCU-B0.payload.bin,106476,,,512,2109
filE3F586D4D8CBE41EB6EB299CE8A5F84B,cmp8ED79CA7ED13A3D799D92E22D4C4F352,pgk2-65q.cat|SurfacePen0C0FFirmwareUpdate.cat,15159,,,512,2385
fil1B81641BCA73E717D77FF20F20C68A74,cmpE32B5566182C7629B2377216145A8104,gjam4x-f.inf|SurfacePen0C0FFirmwareUpdate.inf,3661,,,512,1861
fil1C4CCB0D8F6F93367A827C6123F53610,cmp1CA3EF8BDF1BF0F0EC22AB902FCBF17D,yewwtwd3.bin|SurfacePen0C0F_BLE-HI.offer.bin,16,,,512,1865
filCE990E36548C74C9355F1088E79C8D81,cmpC062C14A8E64FC3F9A6A0217AAB33913,jd9uanz7.bin|SurfacePen0C0F_BLE-HI.payload.bin,125571,,,512,2333
fil6B2175E77D1FF7BBE493503CBF435140,cmpADC09B5CEDE06A952C963E1EE30B8967,tdakshqg.bin|SurfacePen0C0F_BLE-LO.offer.bin,16,,,512,2080
filA57C2424F0AE6EB5663CEBCE1537FE5D,cmp4E79C932FE814A123C5392109FE26A7C,4iaaotw8.bin|SurfacePen0C0F_BLE-LO.payload.bin,125571,,,512,2233
filFAFCD514D4AB8AA696260D78B7E6F64F,cmp15509CB27A3A56ACFD7E500E8B9FAC86,jw2wqmss.bin|SurfacePen0C0F_HAPTIC.offer.bin,16,,,512,2455
fil25BA5254CF2DAE03EFD5AF847007E266,cmp4F4CEDC3169F3EB02C9C45534FA18FAB,pebj23sj.bin|SurfacePen0C0F_HAPTIC.payload.bin,66552,,,512,1895
fil5A83B747044F79BA3D81067835FFC908,cmpD45810D2ADA81E394F6A3AEBA1E7F143,bmcsnut1.bin|SurfacePen0C0F_MCU-B0.offer.bin,16,,,512,2036
fil2940BFD4E1EA79A7E0114139125D8BEF,cmp4D90706B977C823621B1F218CB2ED37D,rs54ndu8.bin|SurfacePen0C0F_MCU-B0.payload.bin,106476,,,512,1904
fil84A917D860B04F71B10495A81522F536,cmp64918A0554F2EB1063F8CDD610B9A22C,ywt4eqe_.cat|surfacepen217fwupdate.cat,10499,,,512,2137
filC68AB61343D0EBC0E1CED5A04E920F10,cmpC9090DF4462B771552DB30C5D5D02EB2,ls-rmcmw.dll|SurfacePen217FwUpdate.dll,521224,1.7.139.0,1033,512,2312
filCE6E72CF62ADDA40D39BAAD47126CD1E,cmpDD456235B1AAA9A7625654E418C77C0F,8ds7mrz4.inf|SurfacePen217FwUpdate.inf,2458,,,512,2331
filE0C9DCF75F4EB84CE95AD2E53F94915D,cmp91D5D680D9697100234540FA14326BF3,_yyeb2sc.cat|SurfacePen217Integration.cat,10547,,,512,2375
fil042BE2CD275D9958B46FEFBBAC18ABD7,cmpDC27396D8FAFA65C6A57E1FF6A9B1E4E,8goztij8.inf|SurfacePen217Integration.inf,2935,,,512,1811
fil8620D6FE2BB5938DD6F6C98E7C108945,cmpC681D02E9BC286F7026EE2D7119DA3C8,nxvejfac.sys|SurfacePen217Integration.sys,35856,1.5.139.0,1033,512,2143
filB40588D5FA03EB2F29ABB5C6FD46E73C,cmpF7BF22F74869BFCD4C652B0C4967B3CB,-kmymm-1.cat|SurfacePenBleLcAddrAdaptationDriver.cat,10427,,,512,2269
filCA652F24BDD59BC3BEADF9ED3319FD2F,cmpFF6657439D109ABBFF51AB5ACAEC5925,qymfeg5w.inf|SurfacePenBleLcAddrAdaptationDriver.inf,3767,,,512,2320
filE0C2BED47BC69B020D02F3309A9ED628,cmp130748369359F82CA064159F9ACF5D64,owd0sra8.sys|SurfacePenBleLcAddrAdaptationDriver.sys,172344,2.17.139.0,0,512,2374
filF52751A81DE68EC27E0BDE41BDDFD6BC,cmp09FDDCFDA7265F6ACCC54481D4C7C2DC,38gc-oez.cat|SurfacePenCfuOverBleLc.cat,11302,,,512,2445
fil31A6E8CF83D8CCE5A0A92AF2E0A5A92D,cmp49D977CBE53194C2DA0D845D5791E6B4,zwroxxjl.dll|SurfacePenCfuOverBleLc.dll,333200,2.23.139.0,1033,512,1928
fil30A8F6E933DB2D68F90BB9C83408354E,cmp85C4A5B8E2CFBA90C7EFB7D6C4AC7769,9mztgsm1.inf|SurfacePenCfuOverBleLc.inf,6072,,,512,1924
filAD88A972DB3525B26B2D8209369A9A6F,cmp3F97932371DD5400E2FC6F8F361A0FB0,f7eyocec.cat|SurfacePowerFilter.cat,10443,,,512,2254
fil1CA82EDDE4D430A123097D0B0962C6C8,cmp1137EEC8BD521234092247FB3F3B2641,yq_u1i9i.inf|SurfacePowerFilter.inf,5796,,,512,1867
fil6436A7A95177EC0E5380DE587AD30E6B,cmp85A34FC10A14355EC487F191E810D124,frxoltcw.sys|SurfacePowerFilter.sys,270136,1.39.139.0,1033,512,2060
fil4D7AD449DC4E9C60CED7AD093E0EEB5A,cmpF6831BDA762E191B7636888875BF0E58,s8nwzxpi.dll|sptcore-events.dll,30008,,,512,1997
fil5C46FA17608D75B8DD9F79AB18FDFECA,cmp0CF21CC5C4346DEFC341A6F4493A79E2,grbssutj.cat|SurfacePowerTrackerCore.cat,10309,,,512,2041
filAED2349D6CA0D6DA1B0511E0AD88BB52,cmpE6D36CF155F7079977F44D3A1733178C,dcihrm58.inf|SurfacePowerTrackerCore.inf,5272,,,512,2257
fil184DBAA47CAA19F3128A3C1DFCF99953,cmpA35ACEE37A587BF64C89C133D7941672,rsx_eeup.sys|SurfacePowerTrackerCore.sys,265520,1.44.139.0,1033,512,1855
fil4AA0D0BE06E90AD7F7A78C6C2D6A375C,cmpD8B3015B9890C1FE4D039549178FF7D7,i-j04ymj.cat|SurfacePro1725TypeCoverIntegration.cat,10628,,,512,1990
filE45F5514EFED41E39067A415288DBB0A,cmpD04B4341836747805C5D614F66CA392F,9iwmobrr.inf|SurfacePro1725TypeCoverIntegration.inf,3483,,,512,2386
fil0DAF987D2376021F63178AB3B2DAF2B9,cmp7118FA96583D005520BF557B1F599D44,spbqh-ql.sys|SurfacePro1725TypeCoverIntegration.sys,60504,1.0.2.0,1033,512,1832
fil07F682EEDEA11FF8634A7F754EB46116,cmp6AA2BC3394160527141BA510B62C597D,yat40jw0.cat|SurfacePro4TypeCoverIntegration.cat,10604,,,512,1821
filD9668597545D5C2A6F6078F6D3FD81B2,cmp5334A404A6E55840184D0B58CBFE7F59,nhdaect_.inf|SurfacePro4TypeCoverIntegration.inf,3420,,,512,2355
filD36DD035DB9177A1ABB2A58AD0EB4130,cmp807CD68049C447EB84127638CD912F93,0c5eqvv4.sys|SurfacePro4TypeCoverIntegration.sys,60496,2.0.303.0,1033,512,2342
fil38E7C698C3ED2AC6BBBE29AF269B1006,cmpB398C6D56ECCC1BB49D7110AAF9D4EA4,mvazhwwi.cat|surfacesarmanager.cat,11465,,,512,1945
fil80779992D1C7E408BAB06BEFCDEB2626,cmp2FAC5308E86B2543E0E0F959813BDE67,pdu-foxc.dll|SurfaceSarManager.dll,442920,3.100.139.0,1033,512,2127
fil2B4D5520953FA828264DBB5C2EFBC978,cmp4378AAEB1E8C1DAEA2EE6D2999DF8497,xur34l7q.inf|SurfaceSarManager.inf,2547,,,512,1914
filF982803D6CD755DEAB80BF2315D1B7E9,cmp8162536875FF052567408FDE441B3CEC,_03g6inj.cat|SurfaceSerialHubDriver.cat,10252,,,512,2453
fil7A2CD9AF4E07EB1902FA688DC9442FA8,cmp6C35EE61A4D5FF5DABF4DE2073AFACD3,5gimndvu.inf|SurfaceSerialHubDriver.inf,2539,,,512,2115
fil1E0F7D2D9866186FD8D17618581D8959,cmp622E8716DF4399AFF93087CDF9273AC6,jvkwy2zk.sys|SurfaceSerialHubDriver.sys,366056,9.54.139.0,1033,512,1874
fil7ADD7907BE8CCF7CB09D9C3A0EA062B3,cmp5167CF83E9E68F6BC4E721C4F82E234B,ibexn6uu.cat|SurfaceStorageFwUpdate.cat,11317,,,512,2117
fil566D9B603E6A66DE1BFB8D0F0906C312,cmp3369129034D1A56393559838EF05535E,stnzxwqb.inf|SurfaceStorageFwUpdate.inf,2909,,,512,2021
filA496FD11EB0B22E129A44DF833F0BE9B,cmp8814D0CFBA752F2BB0AC5DCBF83CB5FD,i2lkcymo.sys|SurfaceStorageFwUpdate.sys,3124448,5.34.139.0,1033,512,2229
fil6954A8DAADAC619B53DED8B9DBE610E4,cmpC1DAF58CFD7A2435DB34D7E1B7CA0BE2,9rsdvwe0.cat|SurfaceTconDriver.cat,11161,,,512,2075
fil79937EFE72E34E98254375D1C9774054,cmp6FAD4E3015AC1B0F2B97557AB1A328FE,f8lh21hw.inf|SurfaceTconDriver.inf,3450,,,512,2112
fil52A12B1E7E4EB0BFA01C8CD0B7C78935,cmpCFFAA74BD1CBC137ED1FA17EBD332174,fyegnpfc.sys|SurfaceTconDriver.sys,290616,3.50.139.0,1033,512,2009
filFC29F55268345669C699FF60EBA413BF,cmpA739A23495CEDAF9819B334EC347F39E,jzn3vbul.bin|SurfaceTconMSHW0124.bin,28924,,,512,2457
filE2EB32D2ED70C48FA61ACC0A8A666C5F,cmpB0C0F3967618131D9F12670622154BAC,hfd7f-z0.bin|SurfaceTconMSHW0125.bin,28924,,,512,2380
filE77B56B6092F512B2C58400B5C82C784,cmpC079C4031A0FBD14039DA0485269BDB2,akejwsnz.cat|SurfaceTouchFw.cat,10234,,,512,2397
fil2FDC0D4C0BA1E4E8C9509F447C2312F9,cmp4109D6D56F6BC2EE835612426EE6F8F8,bn4i1hns.inf|SurfaceTouchFw.inf,2454,,,512,1922
fil6749F9E2CC3A72612B5EDE08BB99ACF4,cmp49B73E4E049B01BD696004EC5EC4B97C,o7ks-3a-.bin|SurfaceTouchFw_3.1.75.139.bin,390681,,,512,2069
fil69917E55E519F47F695BDCC99AA3D60A,cmpBC6A93F153F66A3D90BAE64026409935,gkar6e_5.cat|SurfaceTouchPenProcessorUpdate.cat,10299,,,512,2076
filCED880C8B705093090AFA86D354B54C3,cmp181B47E2E8D7B904872C3A9A650B1C63,438fet74.inf|SurfaceTouchPenProcessorUpdate.inf,4838,,,512,2334
fil2F94DAA4ABFB526B8CDDC2B350609081,cmp11027BE1D66D3A17F5EA42090D29376F,jpdxcx85.dll|TouchPenProcessor099F.dll,10747352,0.3.331.137,1033,512,1920
filBEC81785E427C969C760414D7FE0527A,cmp24C476BCA7D88F9010F864A5341AE1BF,b-wnezbm.cat|SurfaceTPM.cat,10236,,,512,2295
fil97E8703CDEFAF4E19D66F4BF8F6F5D4F,cmpFF19DAA01686E81B37875028BBF7ED94,eixj-ffp.inf|SurfaceTPM.inf,1173,,,512,2192
fil46CFC0DD16A42A0EC040DA35FFDF4013,cmp4EB5DA379071325CA194D58687D0C470,q6xydh9h.bin|SurfaceTPM_7.2.2.0.bin,242265,,,512,1981
fil1CD83E64027E9D2FA409820D97198F21,cmpB67744DA1CD90674A27D4F2432780CE4,nu8d3hqo.cat|SurfaceTypeCover.cat,12440,,,512,1869
filE6504868A343A811A7FC4B1F95C1686D,cmp9AADCA5FD496983669593676928E4696,gtexjsbz.inf|SurfaceTypeCover.inf,6871,,,512,2392
filA06691D4845178CB1B09F094D9593288,cmp9FED66C5662444BA7C01BF3C30F4C47E,new3mjlm.sys|SurfaceTypeCover.sys,61240,1.1.504.0,1033,512,2216
fil05D09D696E49F8E166F784BC9AF6CF27,cmp036B3E8B1623A20316C4F5148511BA3B,tjih6p3l.cat|SurfaceTypeCoverV3Integration.cat,10564,,,512,1818
fil893FD0CCFEB1714C799D80E7E2F24901,cmp041EB0807B0FB0921C41479EC4DADD54,sdi4rsxg.inf|SurfaceTypeCoverV3Integration.inf,3320,,,512,2151
fil8548BBFAFC6A33F1D787A9A5BC1868BB,cmp3F59E6862E326027494DB79265AFF477,v6yr0twy.sys|SurfaceTypeCoverV3Integration.sys,59984,2.0.305.0,1033,512,2139
filF54F2B8D0476C350DE98A65EC3241166,cmpC493190B908573865F1D7D4D0D4CD800,vuarrgot.cat|SurfaceUcmUcsiHidClient.cat,10236,,,512,2448
fil16DC40CD42A1952CA4D01846E98DEFE5,cmpFE6D0368EE65E74CF6C9D1F3ADAF5A15,gronwp_p.inf|SurfaceUcmUcsiHidClient.inf,1849,,,512,1854
filDA5323046D3A114B8D9C39027FA24F76,cmp75A0330FAEC1B1EF40EAA3EF1E478E6E,zk9b6kei.sys|SurfaceUcmUcsiHidClient.sys,202040,1.19.139.0,1033,512,2358
filEADD153DDDFF176F57F414F76AC5C8F7,cmp7CFA16CFE89AFC545154326F6FF694FF,uzgtuuk3.cat|SurfaceUEFI.cat,11502,,,512,2409
filA5553A8F00E37CE3BD91BA370A2BB31E,cmp9D2CC306706AA61E1A9B69913D7D6682,a7ndcgod.inf|SurfaceUEFI.inf,1233,,,512,2232
fil938A208E83834629D842C084E5CC6784,cmp1A4F91BA1C81858B52552B27040ED459,0cd4uwdk.bin|SurfaceUEFI_24.109.140.bin,4524289,,,512,2179
fil303E0CFCAB6CE119E77D085295935146,cmp844B89650BD07EE610A2CBF458DBDCA3,ae29ve3c.cat|SurfaceVirtualFunctionEnum.cat,10543,,,512,1923
filB53BCD790F6E40CA83374519F6AE9A5B,cmp4BB8E0F4017C4DD99508F7A401EE58FB,jdovb_cy.inf|SurfaceVirtualFunctionEnum.inf,3244,,,512,2271
filEBFD5FAFFCCFB22422E3B6BF49E49B50,cmpDE7EC4B2E38DB4493E6BADFCE4ED0488,6m4jxyhf.sys|SurfaceVirtualFunctionEnum.sys,185360,1.18.139.0,1033,512,2413
fil2C24E86D2E112A648473837CF33D975D,cmp1890612D889E991EE1A776772B33141D,4-g6apuc.cat|SurfaceThunderbolt4DockFwUpdate.cat,20940,,,512,1916
filCA59C14E1CC85BDF35F5FED4F4B9F3D0,cmp5D996A4CEF4A234E69205D21BD991A31,tk2b2kyr.inf|SurfaceThunderbolt4DockFwUpdate.inf,7685,,,512,2318
fil42369873E5328948C08DF14DCA885D30,cmp4BD23BDC0ABBAA2BBCD2CC9F5F6289D2,lpzmrusi.bin|SurfaceThunderbolt4Dock_1_AMC1.offer.bin,16,,,512,1969
fil5912BBFBDB6B9974A5F36BB220C91AFF,cmp45DA9BFF08820B593523409C6CE762DD,jc79hbb8.bin|SurfaceThunderbolt4Dock_1_AMC1.payload.bin,319343,,,512,2027
fil58070CA5DB6000E85E603AD03F910497,cmp337B4827F9D3D7D3B41778264AC3AF64,sm_nuegs.bin|SurfaceThunderbolt4Dock_1_AMC2.offer.bin,16,,,512,2026
fil2C480085EF2788FA66C5E188226E92C9,cmp9E4119BD253B42FBBE5EF1B8EDE41A84,zpvikuku.bin|SurfaceThunderbolt4Dock_1_AMC2.payload.bin,319343,,,512,1917
fil2A5C34711BD914D1F773F6E1E66CF869,cmp31E5A8A6F03CBE714DBE8D29E61015D2,jyttqor2.bin|SurfaceThunderbolt4Dock_2_UFPPD1.offer.bin,16,,,512,1907
fil397B42E9AD459582D9B5BFBF5DA956CE,cmpADF98DBBF29543C0D30A6437E57C4E6E,d5ivki46.bin|SurfaceThunderbolt4Dock_2_UFPPD1.payload.bin,19043,,,512,1947
filEDB1369E41D26583CE552FB08C99DF1D,cmp93D70248A6481113165519D8A73EFBE6,wmc7jzl_.bin|SurfaceThunderbolt4Dock_2_UFPPD2.offer.bin,16,,,512,2418
filE301986224A4D987A93F2D8C1849D8F7,cmpF650E1047699065ADD79C5593EDB1DFB,gfwt16vq.bin|SurfaceThunderbolt4Dock_2_UFPPD2.payload.bin,19043,,,512,2381
filD6B62E84DC4C6E87DD5DD6A9035D2116,cmpC98B779E0321444427620FC4B2F61F9E,eikqs1n8.bin|SurfaceThunderbolt4Dock_3_U3HUB1.offer.bin,16,,,512,2349
filEC4E16FDCF6EA6E5D0724FB15A1054F2,cmp9CEA77BE01FA3A0CD4F83CA237485DB6,72n_j964.bin|SurfaceThunderbolt4Dock_3_U3HUB1.payload.bin,88175,,,512,2414
fil046F7373CCA2E87AB85F69FA982D71D1,cmpB29E0636DAAE8742F6536F6C3AB4076C,d2fgp9xh.bin|SurfaceThunderbolt4Dock_4_AUDIOS1.offer.bin,16,,,512,1813
fil16C3950EA7E9B78EF35F349D5B4466DE,cmp0AD3CE17D96E01A95F8353FF442236F0,ay-vvbdh.bin|SurfaceThunderbolt4Dock_4_AUDIOS1.payload.bin,7535,,,512,1852
fil367333644A7E6928844852AB07AF6451,cmp7BDBA47C0365093B702AD3105B26604A,xfesbfxf.bin|SurfaceThunderbolt4Dock_6_TBT1.offer.bin,16,,,512,1939
fil45E84715EC88DA2C9F28EFCBB4783EEB,cmp2B0221D9734591F858AB7D4FE1A807A5,pdbglk7p.bin|SurfaceThunderbolt4Dock_6_TBT1.payload.bin,389231,,,512,1978
filF84F8D2F2ED4F5CB85CD83C7A345AD57,cmpD4B72F48EA19CBAA5C67DD38D4252B21,qc4ia2tv.bin|SurfaceThunderbolt4Dock_7_DFPPD1.offer.bin,16,,,512,2451
fil60142FAD74FD169227AF79271DC2B24C,cmp2DFA33C3918A0BBB89892125EB6E0C13,ofkafvzk.bin|SurfaceThunderbolt4Dock_7_DFPPD1.payload.bin,19043,,,512,2052
filE585DE2030F4F555157D57B76D1E4825,cmpD614783239402C9B040889D5DEC43666,ljfa4opp.bin|SurfaceThunderbolt4Dock_7_DFPPD2.offer.bin,16,,,512,2389
fil87A25E93F07AC94C0F16ECCA41C93475,cmp39E2E948749ED33CE8757C0886562E81,sktsbqez.bin|SurfaceThunderbolt4Dock_7_DFPPD2.payload.bin,19043,,,512,2149
filBCFE0F8E95818FFED459C3ECB1CA18D3,cmpEBA5F9208CA8392271C17B3BB6747128,x1ydor7e.cat|SurfaceUsb4DockFwUpdate.cat,15089,,,512,2289
fil562E6B2EABF145CEF30FAC64A340A25B,cmpB8196EC44A46B8971CC8E91A319FDB12,mh8q7lgx.inf|SurfaceUsb4DockFwUpdate.inf,4045,,,512,2020
fil82CD12F5FF177F6B449C1A10C97E33D8,cmp44D689C7FB1F48100A16AFDF86BD20F1,uyyvo19_.bin|SurfaceUsb4Dock_1_MCU1.offer.bin,16,,,512,2131
fil90440940478820F229F910C01B243034,cmp43A0749F970C644D350F5047B9A7FBF5,otmozmln.bin|SurfaceUsb4Dock_1_MCU1.payload.bin,647279,,,512,2168
fil252B4EA69014EEC1400CE3145FCDF462,cmp9B05C00F1F8CB62B311F82DAE4097140,-scsbinq.bin|SurfaceUsb4Dock_1_MCU2.offer.bin,16,,,512,1892
fil65BBFA9FA27EF9FC3EE20DFCD4E0CE7B,cmp2D431297994A8D4FD9D6920EC921DE52,rcmypu8s.bin|SurfaceUsb4Dock_1_MCU2.payload.bin,647279,,,512,2064
fil684928039F53D165F23462A391519C44,cmp54CBD8BA2DAED873254FCCE4AB9A88D8,vpvofz2c.bin|SurfaceUsb4Dock_2_USB4.offer.bin,16,,,512,2072
fil155D6F110624DB0DA0982D94E70B1578,cmp885BD0C4358131F4CA0949A8F6851FAE,nldqzg8o.bin|SurfaceUsb4Dock_2_USB4.payload.bin,690287,,,512,1850
filF7AFBB312113E400F398597B7FEFF401,cmpCDC67419A81FBB5B5EDB941D1E80539C,9cnuhx3d.bin|SurfaceUsb4Dock_3_HDMI.offer.bin,16,,,512,2450
filFD9C5144F12F056645D6E050D08B79DA,cmp28C29D946AF29881C693A8C81B371BB8,kos9bglp.bin|SurfaceUsb4Dock_3_HDMI.payload.bin,260207,,,512,2463
filAA4CE390BC2A10D05833D9DB5F0EA39B,cmpC173C6F2EF46E17F9C56D7C2FCE80819,tkjbexbe.dll|IntelIHVRouter08.dll,1618848,23.12120.0.1,1033,512,2247
fil6CA0F072E5D25D8E0F0546E43CACD8C4,cmpDD43DE4939455D9EACE90CB9086B8F91,vhvxrou2.dll|IntelIHVRouter10.dll,1618848,23.12120.0.1,1033,512,2084
filEF8C3E24F833A7B773BD058C87D79F88,cmp90730DC49BC0CD26C72CE03E46474E0E,_hjoazhp.dll|IntelIHVRouter14.dll,1618864,23.12120.0.1,1033,512,2423
filD394CBD7BE7A9E5B33631AF64C14725D,cmp3443FABED907A9C4E61D66BC78EFF733,byi5wl1f.dll|IntelIHVRouter16.dll,1618840,23.12120.0.1,1033,512,2343
fil6BC8E6F34C7E9E217BEC82DEE34A6495,cmpEE2FBC2F4D7647CAB7240DE1DE721EBD,Netwfw08.dat,3157140,,,512,2081
fil50CE013032EC8D7A3631237E827BE0D2,cmp2D22B97BE29B10F131CBC9AFA5494378,Netwfw10.dat,15574168,,,512,2005
filDF1AA49D129945051B04481C3ACF34DF,cmp7B704C31B4EF22D6CA703E0458845275,netwfw14.dat,16800816,,,512,2368
fil955211D6056D881B75CF819FC8F6D341,cmp26B74AC2F809CD7DA92460F6D6E92EE7,netwfw16.dat,10554940,,,512,2188
filB2F0C05ABB1C537A14767379DB7287AF,cmp710E2CAD34CEB78EE598E5EDF0BDE3D8,Netwtw08.cat,109041,,,512,2267
filC0DB3D8388E61557C9244415AA3C36F5,cmp5F97603331E80DC26869F70B457BF45A,Netwtw08.INF,864138,,,512,2299
filD21CD4480E0001B4F76CA9B5583C131A,cmp732A560099324EBC1C24AF53781E0F18,Netwtw08.sys,8922528,21.80.43.2,1033,512,2338
fil91993019036B0111AE16583066454D50,cmp649BCC160B909F1FDDCF8632BBC876E5,Netwtw10.sys,5221272,22.180.29.2,1033,512,2172
fil29BA97C12C99EBEDBBB771842F0A1F6B,cmp9D647B4733E066A268DB90C7BE799E97,Netwtw14.sys,5546936,23.50.6.2,1033,512,1905
fil626B2ACBA6A1C77D321141C04617E685,cmp104B6CC92F8EFA339D3CBA25605F7D66,Netwtw16.sys,5866912,23.110.0.5,1033,512,2057
fil1CD83C20CEBA5B5FFAAAEFB51A34070F,cmp0E798001697A27612985A2B756FC62E4,AcxDAC.cat,24120,,,512,1868
fil4EFB8F9BA83960A22B3310AF3D163AC4,cmpFC8CC017F86E826EFC2DAB3697E2F47C,uapzt0z8.dll|clangFEWrapper.dll,33585560,,,512,1999
fil845E34B15699B42177E372FFD11F246B,cmpA5F7137E77831A44DF7FFBE122EE4F29,_dtuwm7p.dll|clangFEWrapper32.dll,26560952,,,512,2134
fil2672B54BC6B0EA24466B72460094E368,cmp702AF4E062E6549FC25D265A2C5FEE73,1bewr0n2.wmv|ColorImageEnhancement.wmv,375173,,,512,1897
filC0ECA13138A7DAA2334AD575923EDA59,cmpA5085B5ED63F95B546E0D11F2788DB60,n9hlu8au.dll|ControlApiWrapper.dll,447584,1.100.5535.0,1033,512,2300
filF5038FD786433D133BE1CB760A52FA73,cmp67AB1F63227871EECB0D7569A653C284,me8eyyzx.dll|ControlLib.dll,267520,1.0.93.0,1033,512,2443
filEB0A12250240F805FDEBDD035D8A9BF9,cmp92AE3E3610D004340E5C8D18FABEFBDB,fyg3hux8.dll|ControlLib32.dll,220056,1.0.93.0,1033,512,2410
fil0A2EA235368E54115EB9F54E8BFD6B7A,cmp09AE284D3746250C1A2248D0D43A231E,cpa_32.vp,1125,,,512,1827
fil2FB5B04098B0DE85C0E418E7CE4D13B9,cmp170EDB8958B0EFDF4EBEB087394C0904,cpa_64.vp,1125,,,512,1921
filE06AAC314DDFE9AA5E040AA23A43558E,cmp60014764E6F4FB1A469BA2066FC95CFA,am-fpgvh.bin|cp_resources.bin,2572396,,,512,2373
fil437D558C78BFD05E7C23EE9B709B4A3B,cmp2281DADD2EACFEAE46349CDA3EE06A8F,cui_dch.inf,40558,,,512,1974
filA84AB29C390378F0CC499EFF4BE089D6,cmp7EAD5DB7B70687590BA8D0D67913ADD4,c_32.cpa,1361159,,,512,2243
filB82F1C8D86777406A4401590A6A3535C,cmp2F5848E8E8EFCC2AA466AE3AE2F58471,c_64.cpa,1376256,,,512,2279
filA44F2FF80F998A75A9D71A4B3BE490B0,cmp4EF1FD9349F454290A230E7AFDA95FD4,dev_32.vp,57143,,,512,2228
filB96C548228EED56E92A0172E913A2963,cmpB19E7D4B8BB088B8CB3702C5217AB5B4,dev_64.vp,56359,,,512,2282
fil66BBAC2F5A4000712C76B2394A3B7E07,cmp5E1030E933EC4F0215A73D29A1DEE645,3a4zvwxe.dll|DnnlPlugin.dll,17109544,,,512,2066
fil51B4FD6E4CAC2E430CCE239B9C3B1208,cmp092A9EA942817D48964092C11F5B617C,ji_xphbp.wmv|FilmModeDetection.wmv,641530,,,512,2006
fil04ABB299B5DB032678F156F9B50AE4F4,cmpFA896AC154143D083C37577C3E34A436,1i_onvbx.exe|GfxDownloadWrapper.exe,181888,8.15.101.2130,0,512,1815
fil90D1B86EB8F41D2FD98DD734158F71E0,cmpA6506C050267B05B2C33CE1DE0AEEDF5,h265e_32.vp,77061,,,512,2170
filB2C1E787476BF19987151CA33B4D9E33,cmp134F9931EFC3B36DCF1B55C430BD23C5,h265e_64.vp,13815,,,512,2266
fil4363C2176FDA768874251EBCB3DAC495,cmpE2815311DDE801E564324C3566093457,HdBusExt.cat,24117,,,512,1973
fil60C666F0D117F04C536E7A24D55E90A8,cmp3BCF3F83E3FD546EB6D0F435D47AA50A,HdBusExt.inf,5600,,,512,2054
fil40A15088A3295FC71CCFD4270F24457C,cmpAD40B806F4F2C2451FB0ED248807C1CE,he_32.vp,75457,,,512,1962
fil0A181470B6C467F730836766470AF207,cmpFC017979B1635FC6FF972A1F921A09F6,he_64.vp,13227,,,512,1826
filEA0A7884E3DD1FEAAF3A612F328CA0FD,cmp14354CC685B0AAA7AC9734A7D36E69A9,f1xfrplm.dll|ig11icd32.dll,14354016,31.0.101.2130,1033,512,2405
fil5D09F37AD8FC0224E888CC5D254B8FF2,cmp806E4BABDCACD6A03F7CCC9B3987FD5F,npffao7k.dll|ig11icd64.dll,17901664,31.0.101.2130,1033,512,2044
fil1D16CBE5BA2435D9F0F552744E3E7BE3,cmpC9797B694D1B63143E48991770337561,ig9icd32.dll,13910032,31.0.101.2130,1033,512,1870
fil9FA5411C60FF29E439D48E4814753FE3,cmpEE9364F1151589C98DBEBE95B80F56BE,ig9icd64.dll,17417712,31.0.101.2130,1033,512,2214
fil4DDE74725B04374A2102713A2C4BD110,cmpBFEC3FBAFCB24D374187E437FC5E3225,iga32.dll,2381200,31.0.101.2130,1033,512,1998
fil91F7039403C98E0B6733F947946F8B42,cmp683D06923A936A5F3188FBF5362402F4,iga64.dll,2963232,31.0.101.2130,1033,512,2173
fil5097F8D1743F6A047BCE212AA639E508,cmp2C614505E3E37EE733BB873A05DC5FE4,igc32.dll,50520248,31.0.101.2130,1033,512,2004
fil165652DAD50A6C3D65117BB31A1F241A,cmp526FD48DC4DB9E80FED77E3AD92A2120,igc64.dll,59590480,31.0.101.2130,1033,512,1851
filAF16F3D3ECDEE3D7D950447EEA845CD7,cmp695DEEA3B7D53857930F38C6A1FAD600,igcc_dch.inf,6160,,,512,2258
fil9236C96C4281E05548AC2E89B263F7FB,cmpCAADB2E713A1FAFD8A6DB084B8C5AFE6,wv2kejxh.dll|igd10iumd32.dll,695136,31.0.101.2130,1033,512,2174
fil9300261C90AA92D779E29E10BFA0AE69,cmpAAA38C821A7AE1BCC646062135FC330C,0svajsrq.dll|igd10iumd64.dll,721576,31.0.101.2130,1033,512,2177
filB63DA6BD0FEB44D5358F4F108639FC0C,cmp858733A32E46955B26CC38973BA14C09,nyj6vwti.dll|igd10um32gen11.dll,7396216,31.0.101.2130,1033,512,2275
fil9DF3A2343BA9FCB4AD6EF2BF7B569B0E,cmp9525907161EE31B4B02F70703D11E0AE,fnwxyzun.dll|igd10um64gen11.dll,7636960,31.0.101.2130,1033,512,2207
fil87412766C45854E7B9BF4137CC894E0C,cmpB675D1F7F14E75181E48028BF9DD614C,nr0vpckg.dll|igd11dxva32.dll,51540008,31.0.101.2130,1033,512,2148
fil86D66E43FCBB7534EA2369F8FB7F1553,cmp83A860F9A7FAE679B5CF25AD7EAD25B4,loj0dn6w.dll|igd11dxva64.dll,52638368,31.0.101.2130,1033,512,2145
fil202D166FD9FBC7296D255F0C7F3AA020,cmp55AEB32C964617130020BB2040BC8EBB,-na2pelj.dll|igd12dxva32.dll,51516296,31.0.101.2130,1033,512,1877
fil3A281401CF9197BF200EFD1094858133,cmp9FCD849046DE7B926F8965814603FAB6,0gt912wd.dll|igd12dxva64.dll,52642800,31.0.101.2130,1033,512,1950
filA79D5E6CF0542981E595B75E04DCB2C3,cmpC970B6F494621AA071DA8C6E0E43B8FE,fcewsm2l.dll|igd12um32icl.dll,10540424,,,512,2240
filC62AAE769A2BEA8D0D6C42FCDBC09D12,cmp194C47120790FDE715EB9E374D3D4D68,ovli_9qb.dll|igd12um32kbl.dll,10470000,,,512,2310
filA8E1FDAA12618FDBB10183D9CFC636C2,cmpB6754C0D6DF38425617F0407A9EAD550,knqufkzm.dll|igd12um64icl.dll,11091872,,,512,2245
fil2AB3CA77498B68C2F08CC9FF311E6030,cmp5573EF71E4AF88DEF125C1FD595AEB5E,bnpv8ext.dll|igd12um64kbl.dll,11029944,,,512,1909
fil6C3B64F5CC4B3E719E4FE8C60FFB38D6,cmp185383AF92BD86E6857EFA72F442E306,gcdmifud.dll|igd12umd32.dll,138136,31.0.101.2130,1033,512,2083
filAE64597207FE055F149CC3D5638B0160,cmpD68BD4F3A5A73937DBF5836DAB334BD7,ap6ygdsj.dll|igd12umd64.dll,175680,31.0.101.2130,1033,512,2255
fil3A5851A8FB28E748DA84A65B1F040967,cmpEF706332B8770EC6D249F3DF39B4D01C,coaahg65.dll|igd9dxva32.dll,51265192,31.0.101.2130,1033,512,1951
fil5BC2C34E21EE869AB704FA57BBFCC97A,cmpC930B982B76C88E50BE2CA228276E434,k0piws1h.dll|igd9dxva64.dll,52361272,31.0.101.2130,1033,512,2040
filAD126FC328BED0A640F235105F88B60D,cmp9578F773F37F9D1600F80DB74186DEFD,igdail32.dll,198264,,,512,2253
fil2597FD393BC9B2880D314D8FFA933E46,cmpE6E673A855D94806CE88E19DBF6033A5,igdail64.dll,234488,,,512,1894
fil65BA184C5F4B97538B50F8C72A687F5C,cmpE9BC2BB7FAB2C58CB86E7143EDC6A03A,igdde32.dll,377848,31.0.101.2130,1033,512,2063
fil85FC4A1F8FB2DF4ADC60E552E3288045,cmp56F1A76A3BB01D07000EB50EC2D2A133,igdde64.dll,454704,31.0.101.2130,1033,512,2142
fil9A34043C36742ED643048107B5F1B5A2,cmp69BA288334390780E51A9AAA3B64D048,igdext32.dll,272952,31.0.101.2130,1033,512,2199
fil48A37EC8517FC591FEAB63AE384C30A1,cmp3A73F6ECE4A2C819814E429EB8943256,igdext64.dll,333656,31.0.101.2130,1033,512,1986
fil74E26EE5F112D1CC17E12C21DD705A4B,cmp882BEC00B0E5711E0B8EE0CB22CB1162,igdfcl32.dll,1022048,31.0.101.2130,1033,512,2102
filE007B1CA542E5629BCE85FA001B98650,cmp715EFAEC4E9C82DBB4508FADA3D71B48,igdfcl64.dll,1117272,31.0.101.2130,1033,512,2371
fil14C1E46B7DF90DA3DD1C791B83543545,cmp83D11996D020CFD92F1D0AE99576C6EF,igdgmm32.dll,3402600,31.0.101.2130,1033,512,1849
fil0B74CFEF07B88E6244A63125FC295749,cmp23C67BF29EC607A9757DEE3308F82205,igdgmm64.dll,4371576,31.0.101.2130,1033,512,1828
fil5213F0B9E916D6AB491ACED213C5809B,cmpEDA0436FF1FE33E568E3EA0171715DBF,fpurtxbv.dll|igdinfo32.dll,164384,,,512,2008
filC4579AAB804A90AF10BF77BFB5CB6BF1,cmp112F96F9331F9A29F422B63BC392F0A2,6fb7zrvq.dll|igdinfo64.dll,190200,,,512,2305
fil409DBD230AD59F89AC1E197F9CA187DB,cmpEEAD01566573B90ABE3BED236F4C58EB,igdkmd64.sys,44263440,31.0.101.2130,1033,512,1960
fil8487CA8A14C9B94D4CAF4ECAF7C6D104,cmp5AED248BB4E3A2A62F2582D545C08E49,pbin6qwf.sys|igdkmdn64.sys,44723320,31.0.101.2130,1033,512,2135
filBF0257C882BEDA0253FFB0466B86E7A4,cmpD582B5EEFAF5E30D6FDA026585FF6DD9,igdlh.cat,7750683,,,512,2296
fil567756AE3C40DF9CDAF826E8CD03990D,cmpA85153AF3CD5753D2021E9DC9D693DA8,igdmd32.dll,3461560,31.0.101.2130,1033,512,2022
filF31C057326005163D1B458DEF20901DB,cmpC66E2194C0DAC5788A283F83ED657AC8,igdmd64.dll,4394744,31.0.101.2130,1033,512,2434
filDFF3A2B563F4D4CD2AB8AF48D643F366,cmp08759B0B39B10F4087DB98190F05AE6A,igdml32.dll,962128,31.0.101.2130,1033,512,2370
fil412C5C5B42A93AE4DF6EA526824E84FC,cmpF87AE518FB7BA574D19EA4701DC3AD4A,igdml64.dll,1281736,31.0.101.2130,1033,512,1964
filF22F09075A867FF7753952921804BD34,cmpF561FC3B2C33329C1FD6A5070A017840,igdrcl32.dll,3797600,23.20.101.2130,1033,512,2432
fil6DBD1A6C3AC43609ABDCB3FE56A08590,cmpD8D9850B3AE855CB8FAB1152D056CA77,igdrcl64.dll,4351984,23.20.101.2130,1033,512,2089
fil99D65B6C891CD25037C6ADB380147E0C,cmp896C761AC6EE8F6ACA0F8D952AC3652A,cdbti-8a.dll|igdumdim32.dll,1606264,31.0.101.2130,1033,512,2197
fil6E17459228785D2125C63B0B1F86FF4B,cmp6DFDC395EFE942A04C8DDA6324AC2E6D,jrx5sgqy.dll|igdumdim64.dll,1790640,31.0.101.2130,1033,512,2090
filE76B6FA93C92019307FE743348461337,cmp338961B857B1677E17EBFADBAEAADD50,atvylyv6.dll|igfx11cmrt32.dll,207536,31.0.101.2130,1033,512,2396
fil9148A070EF172A40CF0497198746D47E,cmp600B2712E4529334C75F730BE87E7CBC,5c-ezt1o.dll|igfx11cmrt64.dll,252864,31.0.101.2130,1033,512,2171
fil6F51C4E49024AE1C63C5FA5D01C25EBB,cmp79C51DEE230EC1D08BD520997F394E62,1bdl8zzr.dll|igfxcmrt32.dll,205376,31.0.101.2130,1033,512,2094
fil4161F322C66F174B25D764D4E308C39E,cmpC0868DFAC336A55488F08D6A8E38BCF8,x9injpyh.dll|igfxcmrt64.dll,249680,31.0.101.2130,1033,512,1966
fil480583C047A0BBD2F8A571907C55720F,cmp632504259BDCAFC29BDF8280ED4F9A66,rb9u2mmc.exe|igfxCUIService.exe,423544,6.15.101.2130,1033,512,1984
fil477DC49DE7612A8EBC98F67BBF2904EF,cmp9B8DC45D3E190B0025699CF380ED63BD,p70cp_xs.exe|igfxCUIServiceN.exe,422904,6.15.101.2130,1033,512,1982
filB5F97E31E8F390A56C6AAF9C736D00F6,cmp70FCDFA8D02CF3A42738F094D7C5BF86,kmzdc71z.dll|igfxCUIServicePS.dll,442968,,,512,2273
fil1DA5C591D2D5932B645D12D7B83F4130,cmpB96A4D0A1073486D11B22B7E9CC28BB4,sqsfuoti.dll|igfxCUIServicePSN.dll,442952,,,512,1871
filA794AC3257E1F2BF89C0051C2238BF09,cmp26498D61A4F639318B854AAC83C4A94B,igfxDH.dll,1018360,6.15.101.2130,1033,512,2238
filEE51DBC071DD70AADEE93CB86C95F2DB,cmp7A430447D6F7BBE186091C94A7145B8D,igfxDHN.dll,1010168,6.15.101.2130,1033,512,2420
filA3534E9432C038C72CFDFF45A861DBED,cmpF444DAB396F4BB0372E15DAA801CABCD,igfxDI.dll,460384,6.15.101.2130,1033,512,2225
fil4D07B3D611ED4EEBD589CDDA872134C0,cmpE9048898243A708F8BCA9FF03BDDF015,igfxDIN.dll,411520,6.15.101.2130,1033,512,1996
fil5E2991D4AF4E9669FF1059C3CFA8AD91,cmpAB0C2E9225A2B7436ED147123273C521,igfxEM.exe,794104,6.15.101.2130,1033,512,2045
fil083532FA9EDC6D4138B2400FF0546284,cmpBF694B62CFDFC490991F1DAE7814B5D6,igfxEMN.exe,788088,6.15.101.2130,1033,512,1824
fil716A0A8D82444EAB2917DE0959CE9F14,cmpE1C4A9B6E8A4B4D82D33AFB98CE5CF34,igfxexps.dll,83168,6.15.10.3682,1033,512,2097
filDBA121A60813A075FE1B96C78FC8F73A,cmpAC0F0BD16164D00B930E28F61BBD6E51,wuujayi8.dll|igfxexps32.dll,83576,6.15.10.3682,1033,512,2359
filA7CF6AF145DB6D7B54805DD11CE6AF24,cmp66C58A601AA7A34BAA9F82B682C4F88B,igfxext.exe,366584,6.15.101.2130,1033,512,2242
fil6239BC89533DCE0BEE1FED43D1308F10,cmp995D81C53BE76FCDBD8CAC6EB5CB20C1,igfxextN.exe,369248,6.15.101.2130,1033,512,2056
fil331D0C7432D12255ADBA8DB25C362126,cmpC973659B8184B13B93C171C27A3F0224,igfxLHM.dll,2288120,6.15.101.2130,1033,512,1933
filDF99BCDF728C0FD7621B5A527CFC90DC,cmp2C6A90DE3C2DAEEC972D65EE8C89247B,igfxSDK.exe,1014344,,,512,2369
filB867CEAD6C8C212EE3F284FDA149E967,cmp5E2A4D6EA952E3F75BA14AC2409B0A74,r8iaexb4.dll|igfxSDKLib.dll,131168,1.0.0.0,127,512,2280
filA11606843C623F7CCB9E2BE6F09B2701,cmp727D5B50F319C88762C59CF6B3E4F159,iglhxa64.cpa,1376256,,,512,2220
fil01EB9C6CCD310F3781A52BB6C4A71238,cmpC63764C0EA9860865BC76C606F7E4D3D,iglhxa64.vp,1125,,,512,1808
fil477EF9BB0CB12AE19C08B84DD412F77D,cmpAED3558DB86C3526CE67F2ADF4E7D59D,iglhxc64.vp,44194,,,512,1983
filA79F6D826664B0A1758A299CDDA5627D,cmp3A8579D97B6AB150D60962D3598D59FB,ze2f-it7.vp|iglhxc64_dev.vp,43214,,,512,2241
fil12544E2F50525F297AA69ED3B04DB4F9,cmp37D23B1C9AC923AFC0FF711D71DD2EE5,iglhxg64.vp,43760,,,512,1843
fil4A83FEF6698CFD2FD83B79FAD8339DD9,cmp80C3D523BD5CAC505630192370DDBAB8,zo2r9vyb.vp|iglhxg64_dev.vp,43732,,,512,1989
filA08687EF25C9C7BAEC3FABDF96CF6E26,cmpEC374E9EFEAE13EF49DF95AAFCA452BF,iglhxo64.vp,42513,,,512,2218
filCD8AE50690369FFC8431BBC53EDB5B14,cmpEFF0B0EB40B26912130D093D27A924E2,mvise1ml.vp|iglhxo64_dev.vp,43143,,,512,2328
filE30ECA94928A369D8A07AE526D399C8E,cmp50CD7C0C8153B3B7C1C5C5F62F10CFAA,iglhxs64.vp,5984,,,512,2382
fil3FA35825E2AC55585EB9D9CD6BDE781F,cmp41585F6CFD8F1327888E83AE016B8770,4byqfe3b.vp|iglhxsn64.vp,6737,,,512,1959
fil8991248BBCA9B8E8D59BF36FC8E4A013,cmpB0DCD212084BCA557E9842059E9878A4,igvk32.dll,21854088,31.0.101.2130,1033,512,2153
filB00E9F01C1596EADB0CB77CFCE8BD7EE,cmp402FB1D76A0FA32526E352A62E292D5B,ogwsipxv.jso|igvk32.json,135,,,512,2261
fil6A4CB09BB6F0F0E5E790B3CA23D4F4C6,cmpE7588CC0573F76E8C424993F02A9A567,igvk64.dll,23825256,31.0.101.2130,1033,512,2079
filFDECB37CAF004AB2543D0DFE2023987C,cmp491575AE457C95B4D81F97A079B5CBE3,u3z6wg6p.jso|igvk64.json,135,,,512,2464
fil28AF30AC688D5EEC988E7A116287BF7D,cmpC00BCE8329EADD50FF220CA734CAB768,iigd_dch.inf,632182,,,512,1901
fil89781E22D4456323E443AF109E22A891,cmpFA45863977622E7E4EFE8D626C2B4538,nnjft787.wmv|ImageStabilization.wmv,403671,,,512,2152
filCCD1CEBB13204223CFCAA59E205E526D,cmpD81E4357BB1297D028F379705AF66730,s-a_z8kg.dll|IntelControlLib.dll,460416,1.0.93.0,1033,512,2326
fil9B4EADD9D8F54BB303764BFBFEE2AEF0,cmpC43C264EE74D6E2D52C04FD9FAC80ED8,xrnjdd7t.dll|IntelControlLib32.dll,392912,1.0.93.0,1033,512,2203
fil809300C1B85A47D0217C8835881BAA67,cmp2937FDBD31C0FBFFA1F71D4B939A8AB1,43voi3vx.exe|IntelCpHDCPSvc.exe,366200,31.0.101.2130,1033,512,2128
fil44EE3049B40BE83A7B79AC02D942B64F,cmpF9803B223D409503141ECAE89DED9DE5,vwqeyscf.exe|IntelCpHeciSvc.exe,541656,9.2.1.920,1033,512,1975
filF4AFA23FF5574D6CC56C7E4E02EB22B7,cmpDC4B9383686C90411FE31A80D6895A36,6hha-vzs.dll|intel_gfx_api-x64.dll,624880,22.5.19.430,1033,512,2442
fil99361E03CA52FC0886E0E2506CE80079,cmp46F6E09CAB3A061B981CF5590C14BE7B,zv-wfaqr.dll|intel_gfx_api-x86.dll,483752,22.5.19.430,1033,512,2195
filC50828D40F5675FB32349088FF262F97,cmp2259BF1A8273CCB21962BE4ADACF9742,70fmshnu.dll|Intel_OpenCL_ICD32.dll,401392,2.2.8.0,1033,512,2307
filA3D0CA34F98E97F063CE6FF7B42B29ED,cmp3F3F9F62CFFB65F7EA84A08BA58D8035,zvq6glcy.dll|Intel_OpenCL_ICD64.dll,538744,2.2.8.0,1033,512,2227
fil5EE48F933B88C643FB86AC940050265A,cmp23950E824E2B875BD8FFA1BD8533C3F5,libigc.so,41222944,,,512,2048
fil574C85C018E8BF0C7668837DB64389AF,cmpEE848895BF01CF87B44E98C681CBD295,8pgbttls.so|libigd12dxva64.so,34118592,,,512,2024
fil93F3ECA7FEB212423E68DEF3E9979CD2,cmp64B0F654DD72C577BBB2CB8D24D57EE5,ucye9k4u.so|libigd12um64icl.so,4831784,,,512,2182
filC4FA51BB167922BB4E2D4153C3AFCA7C,cmp7B6517DFDA006C707814F06DC60A99CB,k4uvp07k.so|libigd12um64kbl.so,4701752,,,512,2306
filB808D5EB363D1F9A120FDDA533FC7160,cmp894ED5E19BB6F8D90E8BCEFE4EA00CC3,szrbcxk6.so|libigd12umd64.so,43208,,,512,2278
fil017611671464AD7DBCB257BC29A62F40,cmp067A71205B6D7E13A6F3F3D5EFCA5A91,a2hi-yis.so|libigdfcl.so,986832,,,512,1805
fil80B4DD7F2724F73B23608E503AB20AD8,cmpF5E516EC24F2CAFBFD5809891F13D2CE,mcetnpr8.12|libigdgmm.so.12,2284152,,,512,2129
filD6EB79B533A65E09317935EE3100F1AA,cmp5E2E044DBD7D7E7711D783A1735E83DB,ycuz7gox.so|libLLVM-9.so,25507352,,,512,2350
fil5B739123481E44B504BD7F4D813C143D,cmp2CC8EC48C293ED8BD26DAC49605432B4,tuld7kgn.dll|libmfxhw32.dll,27639200,22.5.19.430,1033,512,2038
filF3A78A7A78E02C4BFE1DE23BF1B934EE,cmp6231B98133D1897CC545686B7936784C,rrhyvzse.dll|libmfxhw64.dll,29253640,22.5.19.430,1033,512,2436
filFD4B0CC56A10A0D5904D24604DD2A505,cmp55C60E0620D70E3DE7ED9A80559BE82E,ydt1jlcu.9|libopencl-clang.so.9,81366600,,,512,2462
filBE3274A595CA96AF67A87D0354A7B727,cmp0F314ADF2EE277571A83867FED7D8EA6,s22qwosi.so|libUniversalAdapter64.so,510048,,,512,2293
fil30EC87CFEAD481A60D7268BBC5D8147E,cmp765E7CACDABECC4903FE8EA4456DF2B9,rziudscm.so|libwsl_compute_helper.so,567376,,,512,1926
filE809FCFCF0ABD8B0EF9679D18A156D44,cmpCBC2138FB2059FB29A08E249F427D8D2,scvlm1vv.dll|mfxplugin32_av1e_gacc.dll,8709416,3.11.5.20,1033,512,2400
fil1A3751C1D2F4A437B654E6A6AB90DC92,cmp3BA269618A23B72CF00BEB065C4863A4,af0dh01s.dll|mfxplugin32_hw.dll,20711008,22.5.19.430,1033,512,1859
fil35E4FEF2A3B7F375DB6BEBA790532138,cmp78C6F042740A6C3FF3355EEFD200B7BB,xfozqz1s.dll|mfxplugin64_av1e_gacc.dll,12684280,3.11.5.20,1033,512,1937
fil9F84EFA5F6BC1F9D030B7CAD088A6810,cmpC32FEC2B15B3ADF500F57D2413490CE0,kr5hmvof.dll|mfxplugin64_hw.dll,27987016,22.5.19.430,1033,512,2213
filA1736FE060CE570FEFA99516D9B71929,cmp6BF2453ADC4E2EEA605C4DB67A595B9C,k4i-4uig.dll|mfx_loader_dll_hw32.dll,740936,22.5.19.430,1033,512,2221
filBA056D894FD20951DD60FC92621125B9,cmpDE5B919BC848D0453CAA1358D6AEB1DA,5atb_oep.dll|mfx_loader_dll_hw64.dll,982232,22.5.19.430,1033,512,2284
fil900AF94A14D4B10B8A4CFAF6B2CE7339,cmp5B88B0B03C07A7ED2D985CD4C743EF6C,h-gjqw1j.dll|mfx_mft_av1hve_32.dll,2578192,22.5.19.430,1033,512,2167
filE7A6C4843FEFFE4C866C01D39D91047A,cmp33625E2EC9ABBF8C30B7ABACA9C4F39C,dnahiydk.vp|mfx_mft_av1hve_32.vp,76697,,,512,2399
fil38C0CECB34B12760A2AB3A1CA8EE8F0E,cmpFC7BB36984DB58A7FBAA0D6F867774A9,o9t6tl00.dll|mfx_mft_av1hve_64.dll,3136728,22.5.19.430,1033,512,1944
filD2E021F311A1E3C73CCC51A4A14BEC94,cmp7FC451653BD798A56A72731F48FB1748,n-xb7ofh.vp|mfx_mft_av1hve_64.vp,13635,,,512,2340
fil94D85914C8EF576359CFC6665E8E22E9,cmp43CCD42724E8F5EC5A4ADD6E32464E0C,9zi7fnkx.dll|mfx_mft_encrypt_32.dll,2430320,22.5.19.430,1033,512,2186
fil74F7879D83FD8F0EEC0E29EB1E986492,cmpB54B1B4F41C9A039CFADB7DE6CCC8C2D,e4a9ml3p.dll|mfx_mft_encrypt_64.dll,2952856,22.5.19.430,1033,512,2103
fil04338D89C59C0DEA0F82DA0F20233DDB,cmpE126F1301DD6CF5E930C6BCAD910F5C8,whesf9yo.dll|mfx_mft_h264ve_32.dll,2568760,22.5.19.430,1033,512,1812
fil7961079ADE6DC0C235EF3DA7DEB0A156,cmpB9F88C695C8D34E89D527D30903E7CD2,r5tgc6eq.dll|mfx_mft_h264ve_64.dll,3121656,22.5.19.430,1033,512,2111
fil2297A4FCF96B48E6A7A8A6EFA515C8ED,cmp50FB012B78B2F5C7D1FE341D0F8E22A7,4idgd-il.dll|mfx_mft_h265ve_32.dll,2581776,22.5.19.430,1033,512,1885
fil8BD181D8B820554012120BA62D9423C1,cmp9E8E6367520EE9AA677A888A22496273,idxtmmgh.dll|mfx_mft_h265ve_64.dll,3140608,22.5.19.430,1033,512,2159
filAAF36B146E696F3CD411D53A583D090C,cmp4642394C373CD99E9BE05245E18C6100,ndzuof9v.dll|mfx_mft_mjpgvd_32.dll,2429944,22.5.19.430,1033,512,2250
filAC6E0C0B0F40A74BB73E6AF3E394266E,cmp3A5D5A28264BEC4B273BB7222863E94D,v0iw9_on.dll|mfx_mft_mjpgvd_64.dll,2952320,22.5.19.430,1033,512,2252
filF12170D641F26C1C01676A3FF4C1632C,cmpFC14FC6409E38D7754D6D43A392BCF42,er6a0q5q.dll|mfx_mft_vp9ve_32.dll,2576568,22.5.19.430,1033,512,2427
fil21B2EF01B01F37EFC741E704980BEA5B,cmp35C669DD266BE8AC632CADE421370F00,hljnzpyz.dll|mfx_mft_vp9ve_64.dll,3135168,22.5.19.430,1033,512,1882
filC8D6DF6A78C30E7AEE5A5DBC839721CA,cmp5F28A9471145051D31780B316A107EDF,mj_32.vp,71013,,,512,2313
filE84D5E32C430C11149FE7B51EC2BF90C,cmp98FA945DD09A23FA3292EC6230DF37CD,mj_64.vp,12955,,,512,2401
filD9DC3BCC1B2B7CAF2F1B08DA6087DA4F,cmpB3F87C83E8F642F0509DD78C2FDA981C,MSHdaDac.inf,13074,,,512,2357
filCC83F4D2EB022A4479D113D07E467422,cmpE186B2EBAABFADFB1A74DF18A2E3BBCA,msvcp140.dll,606304,14.36.32532.0,1033,512,2325
filBD8DD501CC3ABCAE4837C4D9A3A3645D,cmp0446EC813222783292CFBC05FA8D9408,gr3qzuqz.dll|Newtonsoft.Json.dll,748128,13.0.3.27908,0,512,2291
fil7E4C2895CC73BA32DA2FD93FBB5C44C9,cmp4FB65DBA6D31A275DC00E92C3DFB8861,NLog.dll,924768,4.7.8.12686,0,512,2120
filDC573150B746FEBCA3D929C5A0F2EECA,cmp058C48883BB2F7A2B41B3EE671A398DF,6_3u1de5.dll|OneApp.IGCC.CommunicationService.dll,108512,1.100.5535.0,0,512,2360
fil2206D0145165ED9420EB27E136D2E683,cmp5154346C1D56B0C4C71DE5CBFCCB263E,nrw2suva.dll|OneApp.IGCC.CoreLibrary.dll,818784,1.100.5535.0,0,512,1884
fil24F953F1441A2ED82C22A8E39F78D98D,cmpF1CBEF2D80CEC91731D118B0BF54C004,4lh8sq-0.exe|OneApp.IGCC.WinService.exe,63456,1.100.5535.0,0,512,1891
fil5A6399F010D6A8B44A5A71B25A047ACB,cmp18C6DA5B32E3435A94B1BEE6E280F9F3,i9lhpkrt.con|OneApp.IGCC.WinService.exe.config,1673,,,512,2035
filAE66002942811951B23A996F98FA9852,cmp6327F796DE6E9F7035623D6B39B5EAE3,nm_wyrmm.exe|OneApp.IGCC.WinService.LACE.exe,12532864,1.100.5535.0,0,512,2256
fil3E4E5F19D7516990300CAA0E2D4A2B96,cmpE785814B85A2C2B27C594C733041362D,jjbt_nzf.dll|opencl-clang32.dll,62047616,2.0.9.0,1033,512,1958
filCE611C8833E8056E001DED45E7153959,cmpA5302BE8663AAB4D7B29F49D93DBE342,bxo-wq7u.dll|opencl-clang64.dll,83604816,2.0.9.0,1033,512,2330
fil8624B17BEA0D5655805546440AC8A45B,cmp5B43115B445DE8626B05D6765D9468F3,zsmvbpxh.txt|OSSCOPYRIGHT.txt,1372,,,512,2144
fil51B8F3FA38C82068A60D6673725324A8,cmpC601896D903A53EBA8037FE283B43BA5,wed3gb1l.dll|UniversalAdapter32.dll,320712,,,512,2007
fil0DC7A3DB191710E40285154C898A060A,cmpC6BB2AF48B3C87D18D1F59CA966A3886,-steiq74.dll|UniversalAdapter64.dll,378360,,,512,1834
fil01CCD67653FCD1730A1101A04D842DDB,cmp74F5185CE41E914E949BD496B7F71747,wob01-6y.dll|vcruntime140.dll,137288,14.36.32532.0,1033,512,1807
fil9C95041E9CB3EF2CAD221D5099E378BD,cmp8441C1B8FE32E3FC1AEED0CDE19F758D,bj1w_hpk.dll|vcruntime140_1.dll,77408,14.36.32532.0,1033,512,2204
filC5666097E32DF90AFF3A908552488DB6,cmp5860A95AB6A7499831EE126440A07E87,vp9e_32.vp,76672,,,512,2309
fil16C56442D38F2AEF11C227BBBED406F7,cmp7AFA78FA61A760D7AE8869F974499061,vp9e_64.vp,13646,,,512,1853
fil342B050B917DDA7CBEB9AF9B7963FBE5,cmp73525711790577A57E5F68F87AE3CEEC,80pyvxe0.dll|vpl_dispatcher_32.dll,635320,2.10.0.0,1033,512,1934
filD76E76E0951429EAC9D714CF94B60EAC,cmp72C86115D26D7B8C63663906DAC534D9,gh5q9tyl.dll|vpl_dispatcher_64.dll,742600,2.10.0.0,1033,512,2351
fil8821EBA55210CA44115A3D8C1DCAE273,cmp2B71624730CDE76999B1141F8109B6C7,weasim_f.dll|vulkan-1-32.dll,1170528,1.3.204.1,1033,512,2150
fil76620606903810F7B58731757D59CCB6,cmpBEF5B2EFB26A8BC26B83113CEA91C68E,qb0d-akz.dll|vulkan-1-64.dll,1457272,1.3.204.1,1033,512,2107
filA4A94687F9C7BFF187FB6115DCA33BF6,cmp144E608333DD33B9F5ECA3F26BB81D5B,9tweqv9c.exe|vulkaninfo-32.exe,1549280,1.3.204.1,1033,512,2230
fil080D05A967CBFCACDFCECFA53019CD18,cmpB94D0691E7388D1764DC4B197FD54403,yqgpwurk.exe|vulkaninfo-64.exe,1992560,1.3.204.1,1033,512,1823
filAA64D4D2042DAB7E70F8A9E373FAE1B2,cmpDD91D643BD2232E0218ABB4B8E5591CF,ttnq_stg.txt|VulkanRT-EULA.txt,4008,,,512,2248
fil18EE223FB85A4F00168EC3A28A9AFC5A,cmp5066F484D6DD7E9FE84AC72DC8756DCD,phml3cho.dll|ze_intel_gpu64.dll,4410968,1.3.0.0,1033,512,1857
fil59CB14800E7CCEFD96EE42C812078719,cmpC6F5313E8CA0A777D544BF74E7F445AB,ehpj18a_.dll|ze_loader.dll,421344,1.8.1.0,1033,512,2031
fil681868FB0FFF6773E91E305DDB042E77,cmpDD12FAB3280FC1A6341F1223782407B7,lnkuexhr.dll|ze_tracing_layer.dll,515552,1.8.1.0,1033,512,2071
fil70ED3E79125FB9AF4D2CB0312BEF4A19,cmpF44F9406E278FEB912447416B16C7797,kc0h15qp.dll|ze_validation_layer.dll,182392,1.8.1.0,1033,512,2095
filC333C617C7334FDDB98FCB7391B246D2,cmpB7001434C7069E0B206A1ED4778200DA,IntcDAud.cat,30457,,,512,2303
filCA622370A135B185C6EE528B925596AF,cmp05647D9D7DF3FD0B1F629AA8479A0ED4,IntcDAud.inf,5154066,,,512,2319
fil236CF19DE58DDBFC6A64D94AA47E692E,cmp68E54386A35A8C121871D059BD26DA0B,IntcDAud.sys,678472,10.26.0.14,1033,512,1889
fil413F528E92F34CB5CF2069CAC8440266,cmp91EAB2E20CC47C314F5878BC40C2B37C,IntcDAud.cat,27791,,,512,1965
fil52BAC4AC7D76A04811AED695EE57B3DB,cmpDC4B93B2FA4996FA3406AA4C4871F4B1,IntcDAud.inf,5153566,,,512,2010
filD64D64FCF800919E8B6C2B7572565C1C,cmp60589FDAE3BF9EC9D48867D77332AC90,IntcDAud.sys,371808,10.27.0.14,1033,512,2348
filE792186646CA8F20929A1EA125D8A892,cmp0B22D28CD14575E14FA4650D7B16F616,IntcDAud.cat,27935,,,512,2398
filA01C235EB9846D7DAFFDFE4B9B8AC26B,cmpEAE13147832E537D7E3E5B43598AA83A,IntcDAud.inf,5153046,,,512,2215
fil7AC40EF6F72A9B4E879D1D6DFED048E9,cmp88C82A503A2C0835A0EA69446727499C,IntcDAud.sys,388168,11.1.0.23,1033,512,2116
fil9B0959276EB6EDD0A2C0EEBBE5B33B46,cmpE7A2F9C1866020263FBD81318D7C14CF,IntcDAud.cat,27434,,,512,2201
fil69E6E98DC9FC13B434C7FA09AF753B9F,cmpBD9FDEEEB2C84EF325969193163B5C35,IntcDAud.inf,5156018,,,512,2077
fil0E3BE89BFEC08C9F4A86DE9CEC92AC74,cmp2D808E9D9E5B41DDA3D5C842FFE1B207,IntcDAud.sys,331360,11.2.0.12,1033,512,1835
