File_,Options,HashPart1,HashPart2,HashPart3,HashPart4
surfaceinstalleula.rtf,0,1706924437,20460143,1370592204,1906859693
fil11F7955CD12BC94AE47EA69335947FA6,0,781456356,647005929,800722804,-1107066701
filAF7C02B5B4CC6A5C3888EA666AF680A7,0,486190607,1503220161,794506870,-1917461439
filF5749D269BA8FAA64DC79C68B1050F03,0,-2143909697,1870132956,-1576775025,280885832
fil62EBF8B04F8581BA7E56F2B5BB8FF4F4,0,758561706,-773298772,-272193926,1906260430
fil86EE6892EF813A61FF2BEF74B865647A,0,648755729,-1268613295,199561809,1055295800
filD65F77914129750FFD5D591DF19582BA,0,890647311,-901858441,1035516602,-1524565757
filD21C3C45EF108283739CCAFF329D2FBA,0,-1779715674,1493660944,176516667,1175241391
fil3D324692DAEF0531796F3EB98D6742AC,0,1183747012,812314831,1077318697,-61323701
fil7D45F3AD39C11664472A5CA1A9ECFF2C,0,1530059081,-1034126776,-943396728,-1475362688
fil4A2834E66A23C4F5C37BECCF8FC3F308,0,-953535000,-1869371425,-694655859,-1809829150
filFEA26AE6F113388C70089337A6CB2D85,0,-518763831,818017391,2113039634,-1199057510
fil62673E638368C6183E6F2672BB2C4F9B,0,-607519802,-53653879,1506645217,779645044
fil2CF862B0C434D1299847F68D86D8EF6D,0,-1476714421,-1052498161,-1301332699,97058034
filF24E39E0D17F5ED198F36867AE92059F,0,1906632822,1667789067,-806488009,-1549256618
filFEB7E9589E8F584132AFCCD39D90ACAF,0,203195796,-422961006,-1537518942,274489623
fil57FF59E670DFA20229E7E809DD773921,0,981708150,346394177,-659475946,-1889665144
fil80C3957FCDDBCA2D69DC64AE6FF6B479,0,-458318158,25008807,-500188839,1832794584
fil1499D28889F93E1186F37D69CB95E481,0,-2054487307,521101461,1021904516,1170477951
fil8D5DB973B4221D56123B2A25B1FB9087,0,-1526981575,-2091362140,-73639124,315223411
filE59542E6A9EAAB0330530248D3722159,0,1349332377,-4860710,40681126,94549884
fil8B20570F335846ACEE2FD236305CDFA1,0,1821414944,1125217248,470630393,1134342232
fil4A3FA29CF3FD462CE702A3284D708705,0,510035091,2025950879,-856902162,-1042870531
fil08F380B4F6E85A6AF1CAF6FD752C3785,0,312148381,-1537531874,-850942375,-1327419232
fil694C6EAA6E19473246D74241DF66C9ED,0,-653307273,-10057769,-458152416,1839940392
filC214E8DBE80B36026FACE4A43F7D6F5E,0,-1003400729,-1154795078,-940909556,-5802622
filD83044143F9AD733547AD7E4F3021593,0,2098754778,33166225,-236953370,-1809271330
fil83467B2EDAD921D557F283EFBBE196DD,0,828855778,-457701423,-2056271788,-169281841
fil259DA81083E97CB01F0D2637DC73460C,0,-1498385347,-1063103349,1882902458,759647886
fil3156BFC3531A9F0CEA5EF257D796F4CF,0,-1482361369,-1925684065,-746459148,442612670
filF1A01153E73844BB43E8DB014265B8D4,0,267180528,1976840285,-928688890,300192834
filF9FBF427D01F12D9E3DBE9C8B0A96B16,0,-303512860,-903203156,1412829879,842327993
filA8F811022A51EFBAD35984C88C86BCD8,0,-653307273,-10057769,-458152416,1839940392
fil1CAA7F793ED3FCC272F42BA056731775,0,393148524,430596881,2036651177,-305460648
fil480ECCA28E3771A1BF799F09BEC76179,0,321418662,-983844540,-1431278430,1223641334
fil37FE07410FFC4B64EEFE4344CA9B78BA,0,828855778,-457701423,-2056271788,-169281841
fil9E333937EF63846A8EDACAC9A063A122,0,-861094956,1791442370,-590237637,1212902946
filB90757DD33BCC3B871833FE99F58DBC9,0,-480485218,886139579,1304778171,1793793158
fil9E9D44A1F983FDAE35BB78EFE35FD1DC,0,-501550132,-1609174291,-1096946670,-1442540075
filF687ED86B46A4768DB76316E315FF18E,0,2068070723,-192161942,-346428457,1664984501
filF9FE2BBA473AE63848ECDF2EBE2FD800,0,-653307273,-10057769,-458152416,1839940392
fil71BDA7105EA069E9A9F1A83256FA4FDE,0,107473858,2123729195,645377732,-1205185927
fil49859165BB3756C59F40162FFD4A4004,0,414458922,1510434603,560962533,-2077227970
fil00EA481C14C574ADB40A29D8CF3696D4,0,828855778,-457701423,-2056271788,-169281841
fil500A8A7B53730D4F4ED7E089B8E8EAF0,0,-1726258372,129239861,-1434438505,1313881638
fil638644ACF0ED42ABBC74D570FED4F3D1,0,2068070723,-192161942,-346428457,1664984501
filBC20C6C5BFFE72F9BF2F2CADBA4847EC,0,-1752574706,1275106303,1768754358,-1045159607
fil43EFF50D91E2A1C97C6FF8E2B2657B41,0,-1429351553,-1331661638,2054176239,2095007109
fil5E8BB85293EE476FF57FC66472EC7D17,0,-653307273,-10057769,-458152416,1839940392
fil83220B41AD53F1AC4895D1DFE8519144,0,866017658,-2103355061,1593505631,-1914815640
filDAC5F0464F5D10A3211FB1EABEC5D051,0,1713359845,-839597957,120658007,-293213311
filD9B2D75C6871124400F67A8FB3FF3BE4,0,828855778,-457701423,-2056271788,-169281841
fil2426353DAD86A01AEA071A4BECF23EAB,0,-119903217,973562220,1088058412,-116860203
filA589C5B3DCB6D2A5975765E7A0D659AE,0,-1429351553,-1331661638,2054176239,2095007109
fil2CF62A340021BFFF739214FFDD851CA6,0,-1794351599,548843865,1231387738,-976216834
filC1A4F5656A0B1A12EA15B8E83E38EAD9,0,-1575198999,-1439101315,1633348355,789767196
filED43504D0C90FD87916E17DF1318F9D2,0,-653307273,-10057769,-458152416,1839940392
fil3479EC86B482671385CE3063D9029DDE,0,-470402428,-1123011272,-1657996055,1236008179
fil32E08C8BB2D5D8A6674236311CFF5900,0,3838500,435629646,-464671794,482286274
filC994B46A4DDA25A0F48A257E0FD20C4D,0,828855778,-457701423,-2056271788,-169281841
fil281F0C2D24ECEB446955294C751F312A,0,619033084,-1548490122,1977386992,941401172
filD8DA2B11A99E75FC005FEF85C2E05412,0,943901380,-2111587936,-1705980915,-1685818001
fil2E5DF9CAD03A376AB3CF88C4E6C4EFD8,0,702008765,1376812941,726693601,-773975384
fil3C125C1F39769CB767F2A616C710159C,0,1918137942,1224803432,611547548,1078180456
filA8933B7CD4C1BD9FB696EF5C55A9F7C1,0,100243770,911830968,584166793,653719190
filECF0B5C872618231AB67B00A2A90F9C6,0,-731475220,428237326,266127580,1591841011
fil4D742A019D204C38B6533A73E97ED6E8,0,828855778,-457701423,-2056271788,-169281841
fil5FB889C49FA1C5E008C3AC5B0BABE1BB,0,930824608,-1754589341,-88476025,1821325458
filF837F6730EE8310A01150B0083CD5720,0,1675237402,-1665876021,1802396089,1660302845
filCA84814097A2D1EDE9AB1912283F3204,0,1767942873,-1366481146,1313564812,747048762
fil53D461B78D6956746BE290AB058CD078,0,1918137942,1224803432,611547548,1078180456
fil064BE3E50548F1C5352EA4CF5DD19C81,0,-470402428,-1123011272,-1657996055,1236008179
filCDA34069E57E36C37244159556753485,0,3838500,435629646,-464671794,482286274
filB8F02BFCA92812C95AC5BF2EA5D4794A,0,828855778,-457701423,-2056271788,-169281841
filBFAA62A05D6210BB94AE82917FBCC718,0,619033084,-1548490122,1977386992,941401172
fil23EA732E2D91C47EF293207D93FFCCA9,0,2061861632,417173029,-1345107527,721185983
filFE720D28C177D94BCC8FB0BD076B143C,0,702008765,1376812941,726693601,-773975384
filA76A40FF3F1742ADC125B18E307034DE,0,923533676,-797730313,1617367087,320205390
fil36326B0B195C554EE7310FE78079A521,0,-470402428,-1123011272,-1657996055,1236008179
fil9BF16ACB0193C733E2EBF888721D4A60,0,3838500,435629646,-464671794,482286274
fil66EBDBE6491B38FF5EE0B5DBADA5D867,0,828855778,-457701423,-2056271788,-169281841
fil4591AA6BB351C7841F4AE9621D37C994,0,619033084,-1548490122,1977386992,941401172
filAC3A778E3DDDEDAB080C2DB93F4A1621,0,-480485218,886139579,1304778171,1793793158
filDD73696D120FB4DDFA604BE9D42ADA78,0,702008765,1376812941,726693601,-773975384
fil802285A806189C2DBF5CC2585423BF84,0,-238481909,-1045223220,1841546909,-856204595
filEE2BD43837510223AFEB623C2489D17D,0,-470402428,-1123011272,-1657996055,1236008179
filA98E60969AA001446F76D62EEB2998FE,0,3838500,435629646,-464671794,482286274
fil6A337EBA6865E410BB0945E92197F459,0,828855778,-457701423,-2056271788,-169281841
filA89ACCF3CBACA787392A946CAF035AE1,0,619033084,-1548490122,1977386992,941401172
filD9433B19946ADF8E900C12DCE36F8D66,0,-480485218,886139579,1304778171,1793793158
filD6AF1E4A241D8A7EFE9BDFD35AB80D96,0,702008765,1376812941,726693601,-773975384
fil02E2CB7F1753469AB84FD3F197B7C6E6,0,535091992,-508512453,-1986958308,90907358
fil005649BC97976E016271DE4655C39C78,0,-470402428,-1123011272,-1657996055,1236008179
fil353BCEDC8962935BFB11132A6D65D9A4,0,3838500,435629646,-464671794,482286274
fil31F52E00897570EB8C763014EB7A2BE6,0,828855778,-457701423,-2056271788,-169281841
fil02B03214E9C74FE2AD56E5B616732472,0,619033084,-1548490122,1977386992,941401172
filDBBA2B503CA6D9407DC93DCF6698884D,0,2061861632,417173029,-1345107527,721185983
fil18BF942CD83FD42717FFADBDA75CAA61,0,702008765,1376812941,726693601,-773975384
filBBEB490811AFD52C60CF88E4A6A198CE,0,923533676,-797730313,1617367087,320205390
filF05F41AEA216F08EB9DC04873E6863D4,0,1695098678,853699521,2126122658,1096572973
fil910E9E90185C917F8A63F4C6C99E4649,0,1364313729,577649831,-1308366985,1998834328
fil96E939D2F7AF14F9C9E9DD40481243AC,0,828855778,-457701423,-2056271788,-169281841
fil2674CA5BFB24720E3BF9DBFBFB43DD91,0,-1940911642,1629846191,-329200343,-55741996
fil43BD2E4ED9F9621B58EEA4701A5A07A0,0,1919158368,1279640695,863885804,-890213952
filE84AE9B1296145F2A596CFD70FBFB8C2,0,-1217007995,-531033917,783994552,95146034
fil0E20270E6590CC30A40AD3D66A9864B9,0,1919158368,1279640695,863885804,-890213952
filD7BAA1EA1B08FAB530595B16A8E2EC70,0,1695098678,853699521,2126122658,1096572973
filBF087ABBA719C9D219C0DF4A5786865D,0,1364313729,577649831,-1308366985,1998834328
filA6C1E03DCC76ABCAEE1055328D137037,0,828855778,-457701423,-2056271788,-169281841
fil96C10FFA4B07B901A1EB0AFF19DA7AAC,0,-1940911642,1629846191,-329200343,-55741996
fil18B486CEEAA04C4B6A98D0DF9913AAD2,0,1918137942,1224803432,611547548,1078180456
filB2CA9BD16D3CD777CDF4811318D49B00,0,-1217007995,-531033917,783994552,95146034
filDDAEF3839B10611DCF4B481E753098E8,0,1919158368,1279640695,863885804,-890213952
filD9D36A3748E40305501906D158FEFC2A,0,-1135560659,880928708,-1788192513,-406028002
filDF1D4F383EA26417E28BA66A758BDDB4,0,-294403156,1111303609,-1809996992,-566771026
fil61C643759B6E420D0F7C70E8BF1D4B41,0,828855778,-457701423,-2056271788,-169281841
fil269B9E9FA24EBFF145B09E168A09A887,0,-1087959193,1035244037,-1302765527,-1176257984
fil2A6A293936C019452457A3A2C8A0D13E,0,1918137942,1224803432,611547548,1078180456
fil5C5C186FD1B5213B4450D9E288AB2B70,0,-679284268,799401900,1294392078,1594052542
fil66F92E84CCB2C209BAB09DBDCD8E695A,0,1918137942,1224803432,611547548,1078180456
filF62DD4321B7389CA4319CC993D601288,0,-1135560659,880928708,-1788192513,-406028002
fil89872FA150EAA778394846202E5020A4,0,-294403156,1111303609,-1809996992,-566771026
filCA69D5FDA3737ED73E623DC0D933AD4C,0,828855778,-457701423,-2056271788,-169281841
fil65FE9B5A957BFC5317E887FB83CE779A,0,-1087959193,1035244037,-1302765527,-1176257984
fil928FC2C019627CBC106D6DD88EC5F039,0,1276286120,-943335994,218562074,1644682845
filCD4745DE0687A2F21F9C5C65AE19AB19,0,-679284268,799401900,1294392078,1594052542
fil7884416D416DD834C62DABDED8443B0F,0,1918137942,1224803432,611547548,1078180456
filB82FCB919F199C94B55686AF64D69B54,0,643133086,-2084414616,343170214,-992378432
fil27ACF39E808D20388566C48974B55DA4,0,-1273409122,1283890227,-308897037,1723425127
fil33365FF4ADC07B4D1FB9EB4B635898B9,0,828855778,-457701423,-2056271788,-169281841
fil8CD687BF8CD4C9D6E5EC072665136B74,0,-860248957,-1577914228,965988165,652833942
fil45F969571890833F7820F86AF747487A,0,943901380,-2111587936,-1705980915,-1685818001
fil1D036313519B1B2A81E201E34DCCA4DA,0,-2085321362,245086297,-804556457,-60362663
fil1C414E5051C7E7B0F1C61D7EA0822962,0,2061861632,417173029,-1345107527,721185983
filE297DF4325968CD9FC4747FDC6501709,0,197855551,564571579,2011211184,-85811303
filA59B3FD1DEFF5363F8B7A7111F9EAEC1,0,2014455212,883668950,-1969028548,955807412
fil87D3EECBC2DC434BFC38FD57C05ACF8F,0,828855778,-457701423,-2056271788,-169281841
fil1F70F2AC13316622AAB0B9E89BBF10C8,0,1400543569,-240864020,1068930452,-1245879237
fil24549EE5DDBC6678E73574DF81C823F8,0,-1153073801,-732897348,180830876,-17453865
fil29D9415A0FFC528754EB3127DA05791D,0,202228086,-1518988768,-1760556354,1880420558
fil473A13BFDD56EA93EE8E9D2F676DD6E5,0,-238481909,-1045223220,1841546909,-856204595
filDB66D4EA7EBDBABF467AAD7A7A126D55,0,-653307273,-10057769,-458152416,1839940392
fil0F320506522D3EF8EFE2BFE5E78A3C67,0,-445178368,1684526765,-1953319027,-1391079779
fil0E498A829C511A9D8555C71F1C96D9B2,0,-1858896354,-870678052,522538279,1512976604
fil608B3C4B377002BD90692F943055F9BC,0,-537654183,44664879,1893196160,-1080707866
filD87661D9D01409C85B5B7DE1F1F67538,0,-290671543,-2091382464,-1978273945,1489651922
fil6FF3175C69A22E2BAE466D87A658BC60,0,-737817821,683664802,-653706954,-498806228
filF34FC40BFD7952B5EC1676589E7145A5,0,1010165902,-302164084,1290476249,-1473172409
fil0E1720B7B16F39BB9BC874A1C25A9082,0,828855778,-457701423,-2056271788,-169281841
filB0022D15A59D0868D521E9D3ADC43DFA,0,-714805368,1937261436,1162984422,-240667433
filE3BF278ED710474D56542752871EE54D,0,470382870,-1357936550,149337455,-592268930
filFC3F6700DDE6A4CA9D8494E75CDE08A7,0,100243770,911830968,584166793,653719190
fil4214591EE1C78458594445BEBA004BC2,0,199627677,2097931262,838049998,1046190379
filDDF315BB01D5A4442F6B083509C5D77F,0,828855778,-457701423,-2056271788,-169281841
fil913A5AE148B80AD925BEF37463F7B5A6,0,930824608,-1754589341,-88476025,1821325458
fil849751C38AD5DCB980800D65E09C9425,0,1675237402,-1665876021,1802396089,1660302845
fil34D330DD8F43A8D491172A7B9BB3DAFF,0,-537654183,44664879,1893196160,-1080707866
filDDA2AADCC8CA5F8E1883096ABE016664,0,-290671543,-2091382464,-1978273945,1489651922
fil2465034A869EF0DBB7109AE23EEBFA1C,0,-737817821,683664802,-653706954,-498806228
filEC76577BF15A94821DF7F9D57A563822,0,1010165902,-302164084,1290476249,-1473172409
fil6C2A8722E40AACE89C40E2FF7DAD94F4,0,828855778,-457701423,-2056271788,-169281841
filA2F082C7E1ADC837D9FA76C28A7119DE,0,-714805368,1937261436,1162984422,-240667433
filB49ACCEE2EF327212EDC35EB0D2F80E3,0,470382870,-1357936550,149337455,-592268930
filD616F149B4D9CAD7832147810657FD01,0,100243770,911830968,584166793,653719190
filAECF8F78CAD9958712D2C8AA23AEEF96,0,199627677,2097931262,838049998,1046190379
fil81A1EE1688C272407008D6C224060DD6,0,828855778,-457701423,-2056271788,-169281841
fil3E8F94E18A9DE89A0E4063581813E2B1,0,930824608,-1754589341,-88476025,1821325458
filD9EBB4A1DA7FD531C5D100AC6492F45E,0,1675237402,-1665876021,1802396089,1660302845
filCAEC7EBC7607F3A1540CDAB16477136A,0,-537654183,44664879,1893196160,-1080707866
filB85FA4CEE20DC11E53581F192D10842C,0,-290671543,-2091382464,-1978273945,1489651922
fil80CF80407DE0D0446DEA246AB7B0AEC5,0,-737817821,683664802,-653706954,-498806228
fil851CDB239BA9D2B3E6E85A99BDE87A30,0,160034213,-1125527965,-670974914,-1523828958
filB1F3BEB466DBB1EC21B1AB912089AF7D,0,828855778,-457701423,-2056271788,-169281841
fil513EE6C2EBE90736BE3E89737AE74146,0,-714805368,1937261436,1162984422,-240667433
filF84B30192208E717E22DE181129846C7,0,-174464510,-1737022484,1453417399,317548881
filCD516CAC91197EEA59BC2B6524350965,0,100243770,911830968,584166793,653719190
fil248CEA6DC7A08BC53A384B520F351711,0,199627677,2097931262,838049998,1046190379
fil2E29FBF408264924D70DBB9E78927BB5,0,828855778,-457701423,-2056271788,-169281841
fil9507B89563804056E017C41445972038,0,930824608,-1754589341,-88476025,1821325458
filC3F0150654E915E43EB81F377A5B66AF,0,1675237402,-1665876021,1802396089,1660302845
fil5E64DF2537C89B71D5180ADB841DAF21,0,-1868645911,990905002,938110457,1246945256
filCFA2A477217549232AD413DE349FA3CA,0,-456643250,1184916406,-922905891,-868966113
fil124A9F44C23014610F3DC341465FD6BF,0,1693370220,-1075255287,540780498,-1539292792
fil39042FA680A6AF03E325BE0263F05D37,0,-1414954625,-2029052085,248112691,-728476427
fil2DBBFF6780168429EDF0E85429E42DC5,0,828855778,-457701423,-2056271788,-169281841
fil4092DA41237BFF767D0ACD66DFB158FB,0,-1551107250,-378524152,500239625,35026676
filEF1B4BBB0F75758DC406E1BCEAC2FEE4,0,-1653290235,-2009067378,541046500,323963153
fil6BD4A434FD8DF9F52D862DB2FD5D6753,0,1478350293,-93200279,-811496542,1980514151
fil09BB54ED3413830642A78BD7216459E3,0,-528824595,1442202363,1229945437,-1472337848
fil5FFBF04364C5243E03AC98613C8982B4,0,828855778,-457701423,-2056271788,-169281841
fil0B8B4C06A0565AB8115C0070288AF434,0,1842862870,-344344705,-1963144444,-747087628
fil7ACE84620A3899DFB9E1AC9E2A835A49,0,1994480331,-109713098,-170036801,1965053116
fil2F15CE562D8EEDDE6E39E6DFF3435418,0,332182611,596639623,779152276,-1891777678
fil41B73C66050B055CDACA38782F14AFF2,0,1391843925,-915555578,-2082803806,-1649203383
fil7D5E0E069A9D70B7602119172A442B83,0,1675237402,-1665876021,1802396089,1660302845
fil32410D23BE8AE21A66D2430905C44916,0,-336286874,-1434135544,-450513988,1511525770
filD23B8A5AE9C4B184D735560C176B036D,0,828855778,-457701423,-2056271788,-169281841
fil09C7F3A7F265AA0515DFECB51CEC3963,0,-910620651,1117233241,-1635772204,-1153316506
fil8406ADD154D68BFB6D5115B6FFAE85E5,0,263469763,384791060,-109500343,1894890407
fil0C55449A63A3B4764FC0BB88C04DC7FF,0,100243770,911830968,584166793,653719190
fil2556AA4552261B27795DD4294BFBABFF,0,199627677,2097931262,838049998,1046190379
filF85F683F1568442B8232BF4385E772ED,0,828855778,-457701423,-2056271788,-169281841
filF975150A1DBBFDE5C7A607E87CBB4260,0,930824608,-1754589341,-88476025,1821325458
fil6838A66422EEE5ECE5F8AD9EF8E39BF7,0,1675237402,-1665876021,1802396089,1660302845
fil8209A6260E4837475741A8FD34DCA5A6,0,-537654183,44664879,1893196160,-1080707866
filD74F09DC250745DB4EBFED737111D5D0,0,1623375880,-201159779,2084654919,1987485350
fil0FE21AC28A7BEEA7D4E90BC72071D863,0,-1551647279,444865087,614727095,-999525303
filF56770C75161AB7D50C029C90FA6ED65,0,-629494195,1399213283,-72246589,1605240696
filC325FC4A8832296A46FCD7926FD3797D,0,828855778,-457701423,-2056271788,-169281841
fil836257D51D5A7FC75A262E70BB339210,0,-714805368,1937261436,1162984422,-240667433
filCD62DED28D8DFB788C27172C6DDA5F81,0,403220857,1023669187,1574109810,-1377286277
filD4B160A20FCBA411EB7AC226CDE9E5BD,0,100243770,911830968,584166793,653719190
filBEA6EA287D70FD8391EB479A0D52F9DA,0,199627677,2097931262,838049998,1046190379
fil1DA3CCC680C574E00FBB018DE5E9622A,0,828855778,-457701423,-2056271788,-169281841
fil430FBC33AB8C9450B96BE96B3A89CAFD,0,930824608,-1754589341,-88476025,1821325458
filB339C98239305B33FFEF637AAF1C7B67,0,-1429351553,-1331661638,2054176239,2095007109
fil06C15B2189E7A41EDFEF83CD107DA6C0,0,977338653,1210431013,-814823148,-1239621819
fil3AD44C767BFDB2B98E8FFDD52C5AD46A,0,-1675327080,-1301773581,1374685813,1173352115
filCCBB3BFA6F8F8875778CFFB34C7D2256,0,-2002262634,-1046640077,2049385046,1815162578
filBD55CD6E3C86B76F4190988411C6A550,0,804382442,-1121240367,848659469,-2000972480
fil39AF4632E70C3A2C3D4BA01986EA2D93,0,828855778,-457701423,-2056271788,-169281841
fil7B56DCED96077EAF6AC6B4CB27A204EB,0,-1796364632,-528196728,-949705456,-1534293312
fil0B2785014B113AEBEF8AE4B276DCC4B3,0,-58599714,-349616875,-77433412,1203401484
fil53344FE7CC0608191E244A96C37ED780,0,100243770,911830968,584166793,653719190
fil8633170638255E9154DED7D8BC03CB8A,0,199627677,2097931262,838049998,1046190379
fil404759D38DEE6771902B1DBCB0644177,0,828855778,-457701423,-2056271788,-169281841
fil2C2318D56915C9E955455924ECC41327,0,930824608,-1754589341,-88476025,1821325458
filA26C044025CA7AB65D2D32F78CED71C1,0,1995630032,625243477,1689164657,-831711052
fil706DB94809ABCDA945F39DF729990D60,0,-537654183,44664879,1893196160,-1080707866
fil731015574F6C5D152D67722252159CD7,0,-290671543,-2091382464,-1978273945,1489651922
filAD340117E75F51A31780445287F51835,0,-737817821,683664802,-653706954,-498806228
filB5EAC0673C95F40009FD7C6767CB3B4F,0,160034213,-1125527965,-670974914,-1523828958
fil9904F7DE4032624C18DE2151B342A6A4,0,828855778,-457701423,-2056271788,-169281841
fil287CFF2B15338DF37682BE33403F24D2,0,-714805368,1937261436,1162984422,-240667433
filBB24E7E27C3BE13E468D6729FFF78C0A,0,-174464510,-1737022484,1453417399,317548881
filE7C9969F117F3932CDFCF55E801B717D,0,100243770,911830968,584166793,653719190
fil3F31F3298F10E365AE6A5D20FB1BAECA,0,199627677,2097931262,838049998,1046190379
fil1F708F5C56A2ECA6B30352D5F5FCE075,0,828855778,-457701423,-2056271788,-169281841
fil574210000B6368EB8343352617670B8B,0,930824608,-1754589341,-88476025,1821325458
filB9CA53488017605AECD0DA46CCBA5B8A,0,1675237402,-1665876021,1802396089,1660302845
filD7695330B76979581A9AFCF3E29C1891,0,-1868645911,990905002,938110457,1246945256
fil31F3AD690759E87E816381CDFE70303F,0,-1367983215,61875081,84129634,-289156461
filCDA8D1088745F05F92FC3A94F1D5E1DC,0,-1953266360,670681276,55398021,2085016583
fil8CFA35BD5CF80EA262BF81DB31BA3715,0,-1414954625,-2029052085,248112691,-728476427
filF7C3D7CC5C342E9D8F940DC284DB16DA,0,828855778,-457701423,-2056271788,-169281841
fil2EE1336679985808AB0C46903F2EBB34,0,-1551107250,-378524152,500239625,35026676
fil6799CF17E2DF2F0F88E18CBC9FD01EE6,0,-1653290235,-2009067378,541046500,323963153
fil9EA902DC28F213FC85E028CA8999D991,0,1478350293,-93200279,-811496542,1980514151
filE0EAF2A512BC98B5BF70EB5DB20D2B54,0,-528824595,1442202363,1229945437,-1472337848
filFD1DAD33C4FFA30417656DB585DA8816,0,828855778,-457701423,-2056271788,-169281841
filAD58EF4F50195B5365788EC746CABEE9,0,1842862870,-344344705,-1963144444,-747087628
fil20CFC9649552117490FD179708E2A143,0,1994480331,-109713098,-170036801,1965053116
filBE3B4E750948FCCE2FD9597059B5A34C,0,-1783287412,-49453256,906827330,1955633341
fil79E141CCC7326073B5134CA496C86B1F,0,-1318460570,1238359370,258776450,2112823009
fil63E50A22B74BCF159CBB56577FFA5043,0,-759287047,-767417135,498403093,-678578142
fil59F09CA0646C4084D98F10572648397C,0,1032246992,1976971945,218591026,-1475906121
filA7C89F407024177182426D7916387E44,0,828855778,-457701423,-2056271788,-169281841
filBB365C4C4DB38A49F6DE1A09FCAB8565,0,-1993939637,943750802,2045185093,2104939216
filB7AA1A7EB8CA12EB4B0710015F77DF12,0,2046197672,501740450,2074509713,739394165
fil5437AC32B2E7B62174C7B5E7D6CD6AFC,0,1695098678,853699521,2126122658,1096572973
fil3CB4AA98B10006B96DB3A2244D1C9462,0,1763741548,-1680818666,-2110957534,-1944718530
fil7A8DFB983E0BC018E2A68EB9AD16337B,0,828855778,-457701423,-2056271788,-169281841
fil19AC912AEE7B4597B66C5F5B1C6C713A,0,-1940911642,1629846191,-329200343,-55741996
fil6AE5868F3946950A63DCDF6F094685AA,0,1919158368,1279640695,863885804,-890213952
fil653EC0994DF9B1748D8EF1282DB9D870,0,-1783287412,-49453256,906827330,1955633341
fil80AA6F36B9AD19A69A6C1F6F1F4D0143,0,-1318460570,1238359370,258776450,2112823009
fil95FF9C2F20C5BE1DB61049A7DE1C9091,0,-759287047,-767417135,498403093,-678578142
fil242637FB64DCA523A500EF4C9AE70D31,0,1032246992,1976971945,218591026,-1475906121
fil96AD01BFD11AA45E8DBF19AEF0A155D1,0,828855778,-457701423,-2056271788,-169281841
fil278210DAEC153D4B48904CA5D7160C1B,0,-1993939637,943750802,2045185093,2104939216
fil98881949ECAA22573938D98A4082771A,0,2046197672,501740450,2074509713,739394165
fil67EE06673F9582B201D71FCA2CF662AA,0,1695098678,853699521,2126122658,1096572973
filBE4D146C5F06E2A11C09AB7469472646,0,1763741548,-1680818666,-2110957534,-1944718530
fil611323BCA25EF7E1FBAEE52CB3ABC6A5,0,828855778,-457701423,-2056271788,-169281841
fil6EB6D8F95D292F0E71402A718BF8F819,0,-1940911642,1629846191,-329200343,-55741996
fil9E8FE1C4D02FDCB9F85FABE79EFACB09,0,1918137942,1224803432,611547548,1078180456
fil739BFCF302EA82F0D16B36598663A7BD,0,397760468,-2117739656,749532704,-272849991
fil08D651C09D0BC81F95CF2EF2C86FC17C,0,-1342626291,1999957995,665130265,-1657308696
filA3C9962347DA3102050BEE0BC793F9F7,0,-723132681,-1373115114,401410187,-319677732
fil21868E79A5A9A22D9EFB249C386D71B2,0,-1364683549,1916788141,1991714971,561426230
fil3DA331181F853E4EE5AB42CD857A14C5,0,828855778,-457701423,-2056271788,-169281841
filD02EC18F449FAF87B50F046D0E82851E,0,2056036543,234569226,-1200564761,596477510
fil3DDF25FDC1CA3471E4F3E94954131E91,0,-801503951,1418948176,-1272853904,-812077508
fil6C0397771AD8BF532FF247591ACD8878,0,-1135560659,880928708,-1788192513,-406028002
fil7B08527641B90DC2827BD8E2E3BBDE60,0,-1224918283,-2017820445,23557989,-586465628
filBE68727D1AF4DEB01EACF7B35C0FCE9C,0,828855778,-457701423,-2056271788,-169281841
fil4321911DEBB7702E2EE79F79FDC3A619,0,-1087959193,1035244037,-1302765527,-1176257984
fil20968A5E331ECAA56C6901F9E8FCEB38,0,1918137942,1224803432,611547548,1078180456
filC57EA3EDF5B006A2D130B6CBC9F54C91,0,397760468,-2117739656,749532704,-272849991
fil3210A0EE20947BD482D5847887842DF9,0,1829507320,297176920,1835361676,1649019644
fil4624C9932A1BAC61B61411F52C9BA9DF,0,-1429351553,-1331661638,2054176239,2095007109
fil76CBC7B0A407624DBED35560883F36EF,0,-107037869,-924057678,742595330,-854476604
fil0058C28971D98927FAAB710FD80F2D1B,0,828855778,-457701423,-2056271788,-169281841
filBBA19DBB3D68CC2CCD8A077470845801,0,2056036543,234569226,-1200564761,596477510
fil64205131DFBE69CBB424573B0B84493C,0,245441606,-190923960,-1069955843,-1076547835
fil86A5EBE5850A45D4D4BAC917A1560903,0,-1135560659,880928708,-1788192513,-406028002
fil295D9067A7D45627E6935482E26F4825,0,-1224918283,-2017820445,23557989,-586465628
fil97355E3CE21B070ACBD07B642145A7DA,0,828855778,-457701423,-2056271788,-169281841
fil9754FF7814A041FD163758619F1FFBAD,0,-1087959193,1035244037,-1302765527,-1176257984
filEA0D1738198F4A49D9B0886FF8EF279D,0,1918137942,1224803432,611547548,1078180456
fil74DF5DD453E1C7CD91472F71D787DAAB,0,-1783287412,-49453256,906827330,1955633341
filA1EB45D61BB474F47E25D8363DF01647,0,-688108867,580753429,-1183890099,-2111238163
fil7EBFBF619A77AFD2CC6F4252B20477B8,0,1693370220,-1075255287,540780498,-1539292792
fil83964DB1C0241017E3AF94E9D2CAFDE3,0,1643947278,401964880,1097188578,-1996894521
filFF6F8051C2E713CBB10D6E7E34B7D1FC,0,828855778,-457701423,-2056271788,-169281841
fil3EE13FCC0A0295587F273234727EB9E1,0,-1993939637,943750802,2045185093,2104939216
fil9752EF6BC9B0EB9B9C5FC00F26FA8885,0,957049761,1468109192,-1270747779,453761180
fil746413E4402A2537547F9215A0A639BB,0,643133086,-2084414616,343170214,-992378432
filAAD40976D712216F2FE7DEBC0EAA4BDD,0,-266712392,1321170494,-78630767,-1717741885
filD5D73B9D31BE6E33D6A7EEDBA761B7C9,0,828855778,-457701423,-2056271788,-169281841
fil2C12761787385FFFF0BEE3E0955F0CEB,0,-860248957,-1577914228,965988165,652833942
fil9C4EF34DA46837980D9110583AC4D48A,0,943901380,-2111587936,-1705980915,-1685818001
fil426061DC706380B0DA0EC044359A181E,0,-2004644190,-2106224401,-1695452234,-698842672
filC529F7631C6197126E664F157BE5C913,0,-945101066,174940943,1928409597,288029430
fil3061EA1600A9C9215880742C7B4426FC,0,1675237402,-1665876021,1802396089,1660302845
fil355E4E060D12EF59F32C668823F3EFEE,0,-716260864,447281125,-1383346696,2131935606
fil4AAC8F50D7FC69A35223F59ED6824467,0,828855778,-457701423,-2056271788,-169281841
fil5E166F47D2D016FD16B8A878D295108F,0,-873698723,-546923591,601556177,-1194533398
fil091033A430F44F2E5ADFA0ACA0C26A4D,0,957049761,1468109192,-1270747779,453761180
filB2D5A9A6F3B65D2AA561361B56FD2EE6,0,197855551,564571579,2011211184,-85811303
fil47EE7765B8D3EF2814C99B67F43BD3D0,0,-1190047773,-1892896211,-567323577,-159411295
fil6D506191B5EB9F70702CA01E6060A60F,0,828855778,-457701423,-2056271788,-169281841
filA921EE1C3D3D959534D22E1A90B063F9,0,1400543569,-240864020,1068930452,-1245879237
filA960612B728153C527C61105E037E590,0,-1153073801,-732897348,180830876,-17453865
filAA196D19595C732093F9CCC7A4A5BE35,0,-653307273,-10057769,-458152416,1839940392
filB70F4B49CD2C9D0906784E8B8BBF59D8,0,2135602330,-1451334039,81393955,334369113
fil0AFE9C5C4678A5E1224569796A2D72A6,0,2134249497,216426239,952558466,-1514741369
filE2FA9A02A39D3DB39D346811D2EF89AF,0,440171528,-1922668893,1493094776,-1767865049
fil70765F08AC315E8DE6DA24E58CC207E6,0,1919158368,1279640695,863885804,-890213952
filDF17935BAF07E2957DF0B98CA2F89432,0,-1127967718,-606175961,-1473142694,-1943118938
fil3B4FA05476D50B65E687466CF7F0B328,0,828855778,-457701423,-2056271788,-169281841
filE3E2A26C5CA457D87C4AFBDFB3C8C0B8,0,-956763058,-502895294,1173178593,538278419
fil64E433AFD6C74978D3B4F88E44970885,0,2127088620,-18719669,-644927448,-205871118
fil448BA875AD33BAC3378BCF1E12A5581F,0,393148524,430596881,2036651177,-305460648
filE71EB8985097D39625FFE7EBAE292870,0,788864941,770109316,1682691104,1990122375
fil6C5309EC1A187897707A09104386F7B4,0,828855778,-457701423,-2056271788,-169281841
fil01AC6E1B462AFDCBFDFF31DF60D3B5D9,0,-861094956,1791442370,-590237637,1212902946
filB0FE94DB342A4F3AAF90959A13BAE770,0,-480485218,886139579,1304778171,1793793158
fil29091B91B90E8419194AFA17DE004DB9,0,-653307273,-10057769,-458152416,1839940392
filF868A67B0E6E90DA5B902B2858F71935,0,1328962679,-203979668,-2068716736,-515887151
fil99CE3EF9FE657AC5E653991D06862CF4,0,643293384,1095249319,-312907141,-1463158995
fil409446E98EB6BCB28DD62C05CD6F8895,0,-2002262634,-1046640077,2049385046,1815162578
fil39C429250662A460B36CB072F62DC68A,0,-133092531,29330490,1155353189,-422959449
fil861F78BB3091FB2918C9976C022FA2FF,0,828855778,-457701423,-2056271788,-169281841
fil6BD70F936FF395FB4C9E6C6DFEA8C3BF,0,614830083,900551945,-1533749473,-423247508
filA14D6EA4DB3217CE4FCBA7D8863CDBE8,0,-801503951,1418948176,-1272853904,-812077508
fil8BFD206DA4255F6206A8B58222065A5D,0,-829788224,-815211052,-566405206,-70658658
filADA10626E510B4F540386AC63482806F,0,428885256,1400789260,-1653694613,1565746972
filBB9BAC144DF72F247A26F789A7E09D97,0,828855778,-457701423,-2056271788,-169281841
filEBF8A114ECA40F0FD5C33FC973D9AE95,0,-629747284,-1631170769,1584560339,1126381468
filFF3946473361CF3509482D5559427004,0,1276286120,-943335994,218562074,1644682845
filE58726EDB7D95729D55441E42378DAD1,0,-653307273,-10057769,-458152416,1839940392
filEC1C41BC955229704C9CA2BF7D545F34,0,1328962679,-203979668,-2068716736,-515887151
filA8894FE8A58C14879B19ED42242E4B54,0,-1456094261,609123464,-881708748,-286193732
fil1151CFA1E59688EBF2B969EAC484F293,0,-1921900856,1664044189,-1988163985,746984652
filC25924DABCCD31D9A086D32BA8DF7C1D,0,458023113,1224713012,-770213854,-258924605
fil30309481748BFFD0E176E53D47B60FBE,0,828855778,-457701423,-2056271788,-169281841
fil6C75DCE2040CB3F06A86AD0EED0DF247,0,-1152440009,1180793221,1211741878,2071654548
fil60CB90E84F8B13F6F7EC7265E8F9384D,0,-308896092,-7231585,-1167908853,-1289468263
fil3CAD345960B070A2EF53FEE81A383E30,0,-2128311669,1772807689,-1233203412,760648329
filE0D3B5BB97B0DF3B2F543B479162B1F6,0,-1102945440,10978680,1702119840,2022092495
fil173D0782D5F916E835C20059312AE0E6,0,828855778,-457701423,-2056271788,-169281841
fil1ECA64436A6C797E122D167C3258BDFF,0,306682523,2086607713,585851383,1850720322
filE07AFB8DF699EEC538F3DA1951375F30,0,1385414666,-610833132,1064481,1704392852
filC55049E6F721FE85C896871BEE397F56,0,1068573519,-1220860564,-932381259,268900536
fil9D65EF39E7F371B62DBA0D1F0BBF0816,0,-1906462064,752728591,38817869,-102164938
fil41EF16A1527CE35D34CBE8C195FB1DBD,0,814595625,-788582663,1269906713,-274648398
fil3814FCB95094588EAEB09DDADCF6014C,0,1112029855,1840932918,-611564019,-1344021642
fil4506A3C6FC45A2F3708229236A2B6AFC,0,1152524645,-6683500,-1760633783,1406801693
filDBB36A5DB7852920AE1068A086A5323E,0,1547421235,194141246,808694168,1916087234
filCB0C5B027E47B9D44AACC2630774EEFD,0,-1521951037,203552955,374477775,1145684388
fil94870B16F8356327C611AF9F17C184CD,0,828855778,-457701423,-2056271788,-169281841
filBD7E2E8A361C7E68008D80E1782CD067,0,1653590770,-1085689192,2054949634,1750277514
filEEB0128326EE681B65128166BDBE06E6,0,-1786116517,1434266692,1779872773,-1518455433
filD8D8C7F25FEF164C431FF29327955151,0,100243770,911830968,584166793,653719190
fil0EC00B86C7E376FB2913A592AC41DA48,0,1832581967,-261750961,-2104624462,174816049
fil71985C0354EBFF50590E6868516FC77F,0,828855778,-457701423,-2056271788,-169281841
filC17EF0569491EB7DD2D1AF004C299CA9,0,1767942873,-1366481146,1313564812,747048762
filDF262EE933641A8F4CD0F484CB9F20A5,0,1918137942,1224803432,611547548,1078180456
fil6F3EAB34FCD5357ABD077D98B21B0E81,0,1112029855,1840932918,-611564019,-1344021642
fil329A0A48784153CC8EC9BA4397B07917,0,575267794,1769236960,-2134354320,581723114
filD2FCD284C8A70EABCC1B93A095198CA1,0,2068070723,-192161942,-346428457,1664984501
filA755D5E5C666E554E51498C898FCAEAF,0,-793196065,-1490793019,735904091,-1994643996
filA64C51F0E63950631B3BB7FF11B2C5CD,0,828855778,-457701423,-2056271788,-169281841
fil2F73E48D2974E79697F3892CF32A3AD4,0,1653590770,-1085689192,2054949634,1750277514
fil9BE80C7DADBEBCFD884A1B06BDD38E71,0,592740317,431203474,946242118,-884512719
fil5711E5BD6A03BABA87331666FD63FFDD,0,-470402428,-1123011272,-1657996055,1236008179
fil60BCD67FE6C97E3083F521EB5C077F41,0,1282967140,-2101116533,-1715813828,845282952
fil3C9CBA8CE455C2F2C8FF1B2E759EA0EB,0,828855778,-457701423,-2056271788,-169281841
filDCA70132B8B930D06D19A2ABAA00F0D9,0,702008765,1376812941,726693601,-773975384
fil716037B8ABAB20D5482A4BDC1C05854F,0,923533676,-797730313,1617367087,320205390
fil1FEF5DF27D55ED1D0761D35274022F32,0,1112029855,1840932918,-611564019,-1344021642
fil6703EDAE67A6A4B0A9940D6DEF0C2EC8,0,-591879556,-1743519479,-1749061707,-120371479
fil1EF2604593468C5C182D96898187D21A,0,-759287047,-767417135,498403093,-678578142
filC783F70D3552CECE58E275456FF2F608,0,-629462015,40081767,1209515655,-88016514
filD4C1ACF307AC11CCA0189807B6B70A6B,0,828855778,-457701423,-2056271788,-169281841
fil053167A1A9A675C2B055E9FCFA2EA798,0,1653590770,-1085689192,2054949634,1750277514
filA6F99DECF0EFD91C5EA32E8197EF4999,0,1496728804,-1146475220,-124266541,-1555729770
filD976B1998AF0C8DA5030075BB9DF29D5,0,-470402428,-1123011272,-1657996055,1236008179
fil9AB17087B8F7485B79825056626EF167,0,1282967140,-2101116533,-1715813828,845282952
fil52D9BF27C81568F126620D73DA0737D0,0,828855778,-457701423,-2056271788,-169281841
filD40E8099253064A8DBF0FEE1C16F9056,0,702008765,1376812941,726693601,-773975384
fil41D3A54CBE4F08D7F7D008486C1A7C29,0,923533676,-797730313,1617367087,320205390
fil77A4EB2A52802058DE92FAB935B2BF6B,0,1112029855,1840932918,-611564019,-1344021642
fil6E28BEF6CE336C35DD3957AD0B1F7D5F,0,637519002,-126073800,1188728901,-45667465
fil627078FEA590DF6567190CB8ABBDC9A3,0,-1235713468,985616011,1606914149,688677066
filE5F39FB25C761344660D16B707D6FBAE,0,917838589,1842387579,1616174488,-2143345611
filA22120B0B7F1552F6154C218B651DFE8,0,828855778,-457701423,-2056271788,-169281841
filFA6A42BDBA7451EDB309D2384539ED6A,0,1653590770,-1085689192,2054949634,1750277514
fil844541AB12B5083C07F8DA1C8556F2D7,0,375891644,321768121,-427048284,2003249051
filD9221EC2A2DB82661F8BCA87F3AE87DD,0,100243770,911830968,584166793,653719190
fil6A9FE55A5FBC13664A2EED86FF0509F1,0,1832581967,-261750961,-2104624462,174816049
filA9E9F6320EF9F7C5AD910D036FBF286E,0,828855778,-457701423,-2056271788,-169281841
fil954D53C29B305432B4E5A18CF1041410,0,1767942873,-1366481146,1313564812,747048762
fil42A1123C5C57102D8E06E850288B558E,0,1918137942,1224803432,611547548,1078180456
filCE2E96E0FA2B0319AF6E3598A21B5C10,0,1112029855,1840932918,-611564019,-1344021642
fil56EC1CE0101AB012F70D3E53C7958A2C,0,1152524645,-6683500,-1760633783,1406801693
filB1A4CD1DFC95BABAA60D1EEDED6ADF34,0,1547421235,194141246,808694168,1916087234
filCA69D05A40ED79BC3D2B5B80D3414818,0,-1521951037,203552955,374477775,1145684388
fil154919786E0851155C1FE199A16DE7FE,0,828855778,-457701423,-2056271788,-169281841
fil5C3754039D6E0F35373D51FCDF52EB53,0,1653590770,-1085689192,2054949634,1750277514
filAECB46B6BEC42A878CF47D26C4CAE667,0,-1786116517,1434266692,1779872773,-1518455433
fil7C54748EB31AF5FCCD5C2EB5D7D8E9B2,0,-470402428,-1123011272,-1657996055,1236008179
fil2E0CEFE0FE4A02AC2C76092B2537D4FA,0,1282967140,-2101116533,-1715813828,845282952
filB3BE2A5742955EE8462C314261DB24CD,0,828855778,-457701423,-2056271788,-169281841
fil88737DB359E078B609314A8E9969C42F,0,702008765,1376812941,726693601,-773975384
filD8BF3185554AE976E86F1E87C15D929E,0,535091992,-508512453,-1986958308,90907358
filB9BF3925FE81C7355CE322C7BB23B50D,0,1112029855,1840932918,-611564019,-1344021642
fil55501DB3A3AE13EA6D2AB865CFB899A3,0,-591879556,-1743519479,-1749061707,-120371479
filF886AEE2ABC40D66511CA02DF81E51CB,0,-759287047,-767417135,498403093,-678578142
fil03E1A109ACD08B1866823951AE80CF83,0,-629462015,40081767,1209515655,-88016514
filB0A2E6627069D0DD1E26097BF33C599A,0,828855778,-457701423,-2056271788,-169281841
fil3E4F4F8EB6FA3C7C5AAA7221760D7367,0,1653590770,-1085689192,2054949634,1750277514
filD3390E530CB443D223DCC32C7DD8BBAF,0,1496728804,-1146475220,-124266541,-1555729770
filCD5599631CC88427685DDBBF616F53E7,0,-470402428,-1123011272,-1657996055,1236008179
fil51E8E1BE6BE8FBEBD05F6CDB0A54D297,0,1282967140,-2101116533,-1715813828,845282952
fil18FACEE18C94591EF353F4C954ABAE62,0,828855778,-457701423,-2056271788,-169281841
filC8D5F673DA2CE1A8FB130A6ED2FC4F6E,0,702008765,1376812941,726693601,-773975384
fil7E650FBC942FBDC7D9F46CA97383741D,0,923533676,-797730313,1617367087,320205390
fil1C743C679939B6662B7E46C98D982639,0,1695098678,853699521,2126122658,1096572973
fil1C59034AF118087BF67F2A24D3E6057C,0,850377190,1437978813,-1237435399,24280159
fil09F980FB762EB6437FB1CF5E51D5DEA1,0,-759287047,-767417135,498403093,-678578142
filE4C59225B1F1AF96054970988ED452A7,0,-1337470820,1250661392,-674162583,-1444638871
fil1A09FD294C53C3FB5B73227A9396A8C0,0,828855778,-457701423,-2056271788,-169281841
fil0E49ADE4E23D59B1E6D14E63AEDC4D5A,0,-1217007995,-531033917,783994552,95146034
fil33DF9F5062085A140310482A8DA6446E,0,759373344,370542774,-1962606033,-1988807837
fil251A84C57AD9D1B49150D04EF77A5013,0,1695098678,853699521,2126122658,1096572973
filA9474A24490E5DA37764F7B868174513,0,1803109239,-2054529059,-1896863942,1915229088
fil88500822C1EB8699C20E9EE235998F1F,0,828855778,-457701423,-2056271788,-169281841
fil22136B7DACD5A06ACE57C71D481DA325,0,-1217007995,-531033917,783994552,95146034
fil89F2193A4403098333E3023EB04CC31E,0,1919158368,1279640695,863885804,-890213952
fil85845130BE66381ABB4ACEC5E466812F,0,1695098678,853699521,2126122658,1096572973
fil45D19DF870EF497AC0FB6B5BB5EF4EC4,0,33223879,1524284193,-1531735480,780499815
fil95F38653A84F7C8450735B3A17BC43FC,0,-378219004,1609323165,1630985010,-343552586
fil922DBF1BE871E0AE0648AE6D04FDE77C,0,-503583100,1370383546,-1208820062,-1171734587
fil34E328A8AAE9EE1E4B0A2E7F93637DC9,0,828855778,-457701423,-2056271788,-169281841
fil67D684611ADD6B713DE509FEF563E62D,0,-1217007995,-531033917,783994552,95146034
fil54DE1F5FE64E745B45AC10AC1C69AD28,0,-1225048198,-2017643993,-1899463822,1799251440
filE01AF66D62B2F9BB8D9269944EF37AF5,0,1695098678,853699521,2126122658,1096572973
fil8C7D3AF8B5D74F8F5176B82BE792D400,0,1803109239,-2054529059,-1896863942,1915229088
fil78007D11C0358B6B29598E51874D4EA3,0,828855778,-457701423,-2056271788,-169281841
filF90DAA248EEE967FF785807418F7ADE7,0,-1217007995,-531033917,783994552,95146034
fil92B5E5BD6C9EB6D0BBF225CA0DFB235A,0,1919158368,1279640695,863885804,-890213952
fil879FE06226F7E452DE80A4E87742D39A,0,-1135560659,880928708,-1788192513,-406028002
filDB135AEF10E148F6456CFAC041597842,0,-362097635,667567961,-178524450,-479083325
fil11B82F528CB1C439C76E337DB6A1ACB9,0,1918137942,1224803432,611547548,1078180456
fil4F6D5EEB23C57EF183C4C471AAF8BDA1,0,-1044631336,1089997040,-1407451194,-856304527
fil24B04B7321AAA81539E78969BAA6920A,0,828855778,-457701423,-2056271788,-169281841
filBF1899480CF33E76CEE8A82451E4AFBC,0,-679284268,799401900,1294392078,1594052542
fil8DA5F28235796D15B354E8D2888103DC,0,-349394199,430516443,1661552355,1774323717
fil477AB60DA26394B610BC5D66CF62A5A9,0,-1135560659,880928708,-1788192513,-406028002
fil2C00323847EE246D16E5632A6EB328CE,0,-652119172,2143057147,610257980,601282849
fil67927E782CBBC5C6ED564BF794E3A84E,0,828855778,-457701423,-2056271788,-169281841
fil8444F1DBCF0377A57D46B45A7CA7A029,0,-679284268,799401900,1294392078,1594052542
fil7471AE288B08CF9E6D61561F1CEC9DB4,0,1918137942,1224803432,611547548,1078180456
filE72201FBB1652EEAE601BB2E2C0A6267,0,-1135560659,880928708,-1788192513,-406028002
filD7D50D36F499A9831BC7A85ACDDF3ECB,0,-1018541564,1914802508,-2001208236,2129096733
filAAEA3AA1BD054B3BE5C74E0934FECE85,0,923533676,-797730313,1617367087,320205390
fil9D931090164D732F6A441FC01A620D98,0,-200648874,1316490241,1195464556,667120318
fil7847FBE4A0F6D2A7833B66A2B7D2ED43,0,828855778,-457701423,-2056271788,-169281841
fil5635D5A0221891297B7A1C5B9C3E8FCE,0,-679284268,799401900,1294392078,1594052542
filFE1A89AD38341A6419361D2687FE5006,0,-235071926,-679183669,504157258,1418211059
filD26D1FAC209D5631651D640709A15AB3,0,-1135560659,880928708,-1788192513,-406028002
fil93E55E7A167288E83B8C3F3A262CF0AE,0,-652119172,2143057147,610257980,601282849
filB2B143D7A084C67BDAFE2D4E93949B09,0,828855778,-457701423,-2056271788,-169281841
filAC6DECAE77986F44465790EFF480ED96,0,-679284268,799401900,1294392078,1594052542
filF9CCEC4732558B38968604AE491C70B8,0,1918137942,1224803432,611547548,1078180456
fil72D8A7F2AAC12AA695D97B8243D9E95A,0,643133086,-2084414616,343170214,-992378432
fil17EDE833136B90070BF8D59BEAFE4ABE,0,-1356314843,-1070924390,-1345877258,1051910738
filE77C29FE8A8393C11C770C7DDBAE17C1,0,-1482361369,-1925684065,-746459148,442612670
filBB71BE2D68C656AFCA5A80379B2BE9E9,0,565537193,-1792071024,-661669531,1332939420
filF238A7D3C279A6C2A9601ECAA12E718D,0,828855778,-457701423,-2056271788,-169281841
fil88646763567FA94A4343FA312EA3A1E3,0,-2085321362,245086297,-804556457,-60362663
fil8ADB6E6E77C4E4E6674AC3715200C6F9,0,-2002262634,-1046640077,2049385046,1815162578
filECFAD702EEEBC099F7C03F42553433FC,0,643133086,-2084414616,343170214,-992378432
fil23D3ECF6667C9276B57EC20996C92230,0,-2109492870,-388825051,1285337830,2077765893
fil8D2874EA089D8D6DA57AC8AC4DD735F0,0,828855778,-457701423,-2056271788,-169281841
fil8B37A8CA02742F124BDF566C7D92B4AF,0,-2085321362,245086297,-804556457,-60362663
filFFBE755BDDE1535208D5E4789328C729,0,2061861632,417173029,-1345107527,721185983
filDCCDE786D66FB78709775407E798659B,0,197855551,564571579,2011211184,-85811303
fil30149E7089B0E10BC2B2087D06930AC6,0,-854792892,-774234839,-1828159518,871166123
filDD96FCBECEEC7AA16DB28DB93FE2E2DE,0,1547421235,194141246,808694168,1916087234
filF1063CD6DE7C6C5EDB135846CD21D497,0,843162082,1851905009,1873870208,-993823408
fil5C2E67B5155A4101AB3E63AA6BDEF2F7,0,828855778,-457701423,-2056271788,-169281841
filA726C16D9BD0F289F5E74851AEFDEB51,0,202228086,-1518988768,-1760556354,1880420558
filB48FC052F50ADA08125ED452144E452A,0,-1786116517,1434266692,1779872773,-1518455433
fil9778FC2B6D5B9CDD64CE94629929790D,0,197855551,564571579,2011211184,-85811303
fil2793FF3A71A08E4C27EDE2B94D806FE5,0,-1088543283,-589831007,1954272823,-437863112
filFE209D91825CAE42FC940F783ACAE5D1,0,828855778,-457701423,-2056271788,-169281841
fil617EC61A93E5E6001AA116DE8BF1C20C,0,202228086,-1518988768,-1760556354,1880420558
fil47864DF01B5281944FB6E5A4BE83DD6C,0,-238481909,-1045223220,1841546909,-856204595
fil07BB64030EC6F58BB4F6135457E50258,0,643133086,-2084414616,343170214,-992378432
filD763F74EF27E0036B2F4B3522A27E909,0,635926068,1270799586,-1253121550,464121913
fil894C1FD42D3AD83045B815DE708CFD46,0,1918137942,1224803432,611547548,1078180456
fil2A33E5B5949424B2F9DF2E1A3D02485B,0,556786137,2132078996,-2102711888,1216440578
filB74456314A6C8EAB42CDF31026823562,0,828855778,-457701423,-2056271788,-169281841
fil264D2C2A364D4FE8C55ACE0414BE0703,0,-2085321362,245086297,-804556457,-60362663
fil3668F2EBFC102E36F3217F94AEB565CD,0,-349394199,430516443,1661552355,1774323717
filA979545994BAA9E67F1EDF0F0807EBFC,0,643133086,-2084414616,343170214,-992378432
fil636B24530862A78A3A7339D181178A73,0,-2109492870,-388825051,1285337830,2077765893
filA30D732AB2C45ADE1AB46C471C1C5C1C,0,828855778,-457701423,-2056271788,-169281841
fil8A5618C94B49D2399EE1C43276880F1A,0,-2085321362,245086297,-804556457,-60362663
fil898B541BABDF0490A68CA4A7E67A35B5,0,1276286120,-943335994,218562074,1644682845
filA38F83686BFC91BDE49D8E95FEF835FE,0,107473858,2123729195,645377732,-1205185927
fil302BE88B0D183080AC38ED91BCE71C9C,0,-54727639,2099192400,1610765671,-1057441054
filB49450338478D1ACA2F64E2FC8FA0152,0,-1953266360,670681276,55398021,2085016583
filA522C0918CC4569D211643A519A74CE5,0,-634203953,-2127427810,814942779,97500864
fil65E326DCA563A787647AEAED4383EC33,0,828855778,-457701423,-2056271788,-169281841
fil801CFB4B813272FCAEDB0967BC01F127,0,-1726258372,129239861,-1434438505,1313881638
fil432834D3787DD6CCE81DB6AC2F1EA4AC,0,-1019696768,664307505,260506947,1899162764
filEFF6581D2A92FB22A36D12C1A26E7EA1,0,107473858,2123729195,645377732,-1205185927
fil9A14DD0D4398B694EAD95F10EE950D22,0,81587295,-260319047,-1437620998,-1066050369
fil64E05D88F427AAF54BDC7CA42CDC0507,0,828855778,-457701423,-2056271788,-169281841
fil96FA7E622AA5F78787E09F01FF9091CD,0,-1726258372,129239861,-1434438505,1313881638
fil47CBBA5EFE5EDA2186FE7858CA01F929,0,2068070723,-192161942,-346428457,1664984501
fil455B0599E93F08C42AD96DE24974E96A,0,-653307273,-10057769,-458152416,1839940392
fil4BC9EF6B765F479CF9CBFC11789215FC,0,-2050554349,-1023486188,-773795354,1724175781
fil7083BE6810B4E3405C56B123F610B10A,0,1314455139,1857020418,-586521053,274309746
fil23A680A2872A3AFCBE599F55C036453C,0,545760179,2142948648,-1303191041,-1541025333
fil5AD27DD5F5F73BB4C955955D8F86224C,0,923533676,-797730313,1617367087,320205390
filA89FD896F0991226583E8AE2539692E1,0,-694916534,-146669060,-319111151,-323686228
fil3E85B7FC569171655C99014D829408D1,0,828855778,-457701423,-2056271788,-169281841
filF82BF8B5B4A99DD01C7F877E2F144873,0,914153739,1617063810,722651764,124449861
fil9212DE47816F92093B332568EAF709F0,0,1531126146,-1256986164,-366814014,-1872376842
filEE851A2381725B73F7D7F413F3856B6C,0,866017658,-2103355061,1593505631,-1914815640
filCCAA874EC43469C81A46DAF1F6C08A03,0,1226308436,1901061970,-353884252,-1114073368
filB30D1C0E98ACA5F0F80B696F3399C151,0,828855778,-457701423,-2056271788,-169281841
filF9E9E85B53A6694DA3987C536E1CA23D,0,-1794351599,548843865,1231387738,-976216834
fil431BA8BEF7AAE5ABFA7B319A2CBFEEEF,0,-1575198999,-1439101315,1633348355,789767196
fil45C1F0698B7C1EA3609CF234A413013C,0,-173634187,1073771449,-1159078619,-801739868
fil7FA0E83F772257C4B9B6890C0EC8C2E3,0,-653307273,-10057769,-458152416,1839940392
filD31CA85507840D9BB4AA9441CACD3F2F,0,-961371620,-1862712275,-1703384843,-441308975
filCA9ADDB56C97152FDFDCBDA4A99C7DF6,0,719532430,-207137449,-1263624959,-243817538
filD4BC373C699C5DD1A8B1E1F0A83CCF7D,0,-480485218,886139579,1304778171,1793793158
filBB72C6BFC37F09F6E9262C30025118D0,0,-1019191766,518246976,-1059467881,-1779524392
filCAC0C14996720D40FB1F0C3BF7452744,0,828855778,-457701423,-2056271788,-169281841
filEB9DC40B5072F20A37B867EE645D4D0D,0,924096071,-1442015632,1255508662,-920718648
fil3CCEB4DDBB7582BBB011394B170EA7D2,0,1995630032,625243477,1689164657,-831711052
fil4A363CB01613DEB5A9C1285648F2DC9D,0,-1003400729,-1154795078,-940909556,-5802622
fil7532BF43755357397EB5A0730149112E,0,-274978871,-35994401,-1131041156,-1702218374
filD68E307C059568EF76284F83A6E8CDA5,0,828855778,-457701423,-2056271788,-169281841
fil434B8F479B8CA9E5B095FCD9F085F627,0,267180528,1976840285,-928688890,300192834
fil160BEFFC60BBC82FEA252AF21EB6576B,0,-303512860,-903203156,1412829879,842327993
fil5B2DE343F246BB0819F6732501F668B9,0,-653307273,-10057769,-458152416,1839940392
filC6B7B4DB0202FF5FB7A43BCB45A9D6E0,0,-2094528058,-498250524,-55429407,-1804778140
filDA35B358F185E51CED11DA38C37ACBBF,0,2117680487,24762638,-1724311793,2060381591
fil6E86F358358E5558F37762CE81236775,0,-483634489,-1596597159,585882347,-1989455965
fil61CC0871EC2939FDA611755E08D5D315,0,-470673402,-123341725,28504071,-898004456
fil2BD35EBEC488ED7F3A10D949B08384EC,0,828855778,-457701423,-2056271788,-169281841
fil8E4154EB29DD66617EDD5BDF6FD5C360,0,-332295825,-1947938242,-1562525293,-380589508
fil0B1D9EF27025BEF9D31A2375871D861C,0,1971134472,1666615853,-1744973464,-1557195594
fil7EFD601ADCE2691BE0EF45A3F7D6338F,0,-550494271,1938707247,596083119,626439038
filF3212F12173AAE7F19281CA34E89AF03,0,2000866667,-1841321275,-1971351968,787915259
filF56D099DCB602BB30C4D114303A46168,0,828855778,-457701423,-2056271788,-169281841
fil6A16DF986EC3A11C59268AF3F1A943B1,0,862580436,1930532881,-382430513,-2014640092
fil53AFE81EC87E963256C167E12FD76E2F,0,-480485218,886139579,1304778171,1793793158
fil39112C0CAADC90E75113A6DAC43AFA4A,0,-2143909697,1870132956,-1576775025,280885832
fil0103F51F6944D3B4E4AE6F95376C486E,0,-1451357051,750095516,2094326622,-1005537129
filBFFF5A3FD1BC42988BF9E9EA5B2E0B18,0,-977631231,-1676122669,1345010661,-1754742376
filECE6476D7B1FEB7A87714243C24F4946,0,648755729,-1268613295,199561809,1055295800
filAC47223757E2809A67969C789F26D0A6,0,890647311,-901858441,1035516602,-1524565757
fil778A997A25CB6BE3199E859EF5D418BA,0,-1779715674,1493660944,176516667,1175241391
filB4FB9FE08311A6A8A1BAD3199E9D8BB7,0,1183747012,812314831,1077318697,-61323701
fil547E213FACFD3C55EE21E077E834A5C5,0,1530059081,-1034126776,-943396728,-1475362688
fil47CE2E0867A3FABA62247F9260D9ED1F,0,-953535000,-1869371425,-694655859,-1809829150
filA57DB6BBC88D503E7962DF6C997DA906,0,-518763831,818017391,2113039634,-1199057510
filE47077F5796E5BF2F2F2D7BCB7CBDD5B,0,-607519802,-53653879,1506645217,779645044
fil1A021B196B0FDF71AE18B5FBAEE34E6A,0,-1476714421,-1052498161,-1301332699,97058034
fil21C0E9B813E44BC93DB1A146F9767DEC,0,1906632822,1667789067,-806488009,-1549256618
fil4222D568A6A2127176BE0C750064BD30,0,203195796,-422961006,-1537518942,274489623
fil1BB47B4F57C6F2A95A3E6498D5975B0E,0,981708150,346394177,-659475946,-1889665144
filB65E693AD736D1EC1005D407DF68CB6A,0,-458318158,25008807,-500188839,1832794584
fil7BB7528814735749AE02839AC858D638,0,-2054487307,521101461,1021904516,1170477951
fil18BE1BCEC79643B8D86896C5C2B3467E,0,-1526981575,-2091362140,-73639124,315223411
fil1EEADC783F374CF1086C0914D795A3D6,0,1349332377,-4860710,40681126,94549884
filEE3CFB0185B370D2FAA2FD59D0EF3488,0,1821414944,1125217248,470630393,1134342232
filA3D4547A7E654DFED3ABD19C70666FD4,0,510035091,2025950879,-856902162,-1042870531
fil0F90B491A490304AD1EDB5BE70EE92F3,0,312148381,-1537531874,-850942375,-1327419232
fil2C4888D643A7FC82EBF91EFEB0E07983,0,-653307273,-10057769,-458152416,1839940392
filCB3048B11757B9BAD16CBA3863EE49D2,0,-1003400729,-1154795078,-940909556,-5802622
fil7D981384928881AC458F717F307B8F3F,0,2098754778,33166225,-236953370,-1809271330
fil6D7891C4833B8ECEC97846EDBA25051C,0,828855778,-457701423,-2056271788,-169281841
filFF52F099864D150CE2CEF136D58D85CA,0,-1498385347,-1063103349,1882902458,759647886
fil88D135AF084670163BB43AC757BB2E67,0,-1482361369,-1925684065,-746459148,442612670
filA11C815FA2EC375428886BA765B49B52,0,267180528,1976840285,-928688890,300192834
fil240E3EF7BE499BF3C071107533E5D418,0,-303512860,-903203156,1412829879,842327993
fil9BD1D08F222A7E99013F82402A7A2870,0,-653307273,-10057769,-458152416,1839940392
fil954CE6B7C713805BEA33BF8275C1EE9C,0,393148524,430596881,2036651177,-305460648
filF05AB742C11B47F37F17CD488D182B5D,0,321418662,-983844540,-1431278430,1223641334
fil9F1BDA13EDCE56FEC0FE9A714769ADCB,0,828855778,-457701423,-2056271788,-169281841
fil6A7FC09D26045EB6CBA393C25421F869,0,-861094956,1791442370,-590237637,1212902946
filD5C330BFA696849EDD04D967E01CD782,0,-480485218,886139579,1304778171,1793793158
filED836CAB62BB2975F1091DDFB8181721,0,-501550132,-1609174291,-1096946670,-1442540075
fil7BC05C3FD406F7AF8E70033231CEAD1D,0,2068070723,-192161942,-346428457,1664984501
fil117C084F1D37647E38F53A75D089CE7B,0,-653307273,-10057769,-458152416,1839940392
fil6908C5E2EB54C05DBEFF6D70ECC84D76,0,107473858,2123729195,645377732,-1205185927
fil46F0A405DD41E576947C5912B9A1541C,0,414458922,1510434603,560962533,-2077227970
fil089CB69A085F7F0F76E0CED2A9AA1BB1,0,828855778,-457701423,-2056271788,-169281841
fil9BDF3E7E7136F66C75F057043A19FD78,0,-1726258372,129239861,-1434438505,1313881638
fil5DD1AE8E43FCFFE65BE206C3C72D0AA7,0,2068070723,-192161942,-346428457,1664984501
filE57B07146AD6D637F3168F93EF59CAF3,0,-1752574706,1275106303,1768754358,-1045159607
filDEB4C6DF3AF826984646EE96CBC9C8CB,0,-1429351553,-1331661638,2054176239,2095007109
fil1AA7C3365B9556421B020436A6F41A62,0,-653307273,-10057769,-458152416,1839940392
fil0F67F8A407D39E6DD51F0DE37E00035F,0,866017658,-2103355061,1593505631,-1914815640
filB72D88C6568887E4BCFA1D54AD10AC05,0,1713359845,-839597957,120658007,-293213311
fil5532D2FB1A2023EA15D63E84E9DF4A5C,0,828855778,-457701423,-2056271788,-169281841
fil5EE59B4582257A5AC2F460C1339E60E8,0,-119903217,973562220,1088058412,-116860203
fil20D63A8267A08055F46F3BC6ADE128B3,0,-1429351553,-1331661638,2054176239,2095007109
fil780E4400A2CE4BE6468C03804DFDB2DC,0,-1794351599,548843865,1231387738,-976216834
fil561A678C7D794054E974942E89679EDE,0,-1575198999,-1439101315,1633348355,789767196
filF77B908F91D0A6F5A2FBDCF53F840145,0,-653307273,-10057769,-458152416,1839940392
filEC0F6E0E63B127A62538D97F5DD84B1E,0,-470402428,-1123011272,-1657996055,1236008179
fil238730C002D2AC7EE6B47BE43717C056,0,3838500,435629646,-464671794,482286274
fil0A429E87A48068403ACACBAD65F00603,0,828855778,-457701423,-2056271788,-169281841
filA332E52646CAC681C0230D14D4881BDD,0,619033084,-1548490122,1977386992,941401172
fil68D52F88B209D11AF38008BCD4CC9F0B,0,943901380,-2111587936,-1705980915,-1685818001
fil159683D97BAF6EF9B7A8E37596B35039,0,702008765,1376812941,726693601,-773975384
fil69B14C9634C0277F80EC3C150F2D2C3F,0,1918137942,1224803432,611547548,1078180456
filED66E7907DBF6C29118777EDDF41C6DE,0,100243770,911830968,584166793,653719190
fil97E1CA31290C185887FABE1599B106F3,0,-731475220,428237326,266127580,1591841011
fil147A1842FBF2777B31E378E6E3D28FA0,0,828855778,-457701423,-2056271788,-169281841
fil87E3A53237AD9ACC0217DC2BB5D4FEF2,0,930824608,-1754589341,-88476025,1821325458
filCE99F00A7139CB7029093D5766897A5C,0,1675237402,-1665876021,1802396089,1660302845
fil16269BBC56E9D039ADEE6D162DE789B0,0,1767942873,-1366481146,1313564812,747048762
filC439C749311DC3E256C6B9A736240D0C,0,1918137942,1224803432,611547548,1078180456
filEE9069F94FEA4BDCE64E9D9B31286FB9,0,-470402428,-1123011272,-1657996055,1236008179
filDEA15B44DD38B0E0D406C4B2C7E1AFFE,0,3838500,435629646,-464671794,482286274
filC38CDC442D90AF6003EDC017B49BD34D,0,828855778,-457701423,-2056271788,-169281841
filD16D09E8BCEA695879427B826A9D7AD2,0,619033084,-1548490122,1977386992,941401172
filA9B1D62D3D116997847D260AEF7E66B2,0,2061861632,417173029,-1345107527,721185983
filB10CDDA35B6301B0FC3925609F5521BB,0,702008765,1376812941,726693601,-773975384
filDE04A04708BA8159FA95D2ABD62C99EC,0,923533676,-797730313,1617367087,320205390
filCDA6786C57A394E1F1C3FC0CFD358658,0,-470402428,-1123011272,-1657996055,1236008179
fil58C17D60EFB418638D52BBC5AAD7292D,0,3838500,435629646,-464671794,482286274
filD403000870DA9A4838C9C59A770F2C7F,0,828855778,-457701423,-2056271788,-169281841
fil9678F50FE6D1EE926DDEBCEF4935A013,0,619033084,-1548490122,1977386992,941401172
filEBEEED9D4C2497CD4C71C4AB43AC8E2B,0,-480485218,886139579,1304778171,1793793158
fil4126BFB97435764B4812D12212FA7CDF,0,702008765,1376812941,726693601,-773975384
fil4E7DEE62221E38C5834DC33BFE316227,0,-238481909,-1045223220,1841546909,-856204595
fil082F067322E7B2D9D3DBDD9580515E00,0,-470402428,-1123011272,-1657996055,1236008179
fil01E1B6FD5D5BBA17028AA84E72FB5C19,0,3838500,435629646,-464671794,482286274
fil9759213E02EF9118CF6BE2754B534D06,0,828855778,-457701423,-2056271788,-169281841
fil8F24F7795B24FE3147A9C5A544DF357B,0,619033084,-1548490122,1977386992,941401172
filAA8EEF8FB08B00F93C08ADBE828E600F,0,-480485218,886139579,1304778171,1793793158
fil58EA01AE58A986FF6FAFC4D032836E32,0,702008765,1376812941,726693601,-773975384
fil5CFAC6603A804420D84AF17A829D84AA,0,535091992,-508512453,-1986958308,90907358
fil2C1D819D09DB55C49E5913E05889C385,0,-470402428,-1123011272,-1657996055,1236008179
fil8FC75E5A0F679B86A39D17FA7C0E7E95,0,3838500,435629646,-464671794,482286274
fil31D289B59F7C4A540C91A3668C1C044C,0,828855778,-457701423,-2056271788,-169281841
filEF8C2B3FBE7A40DE56DAE06AB8079053,0,619033084,-1548490122,1977386992,941401172
filE4A40AF8B0367BC9CF81499491040102,0,2061861632,417173029,-1345107527,721185983
fil94584C2DC2D6642A83E72E779AED47A1,0,702008765,1376812941,726693601,-773975384
fil3F6C00359455A64AB1333A0E3C8D977D,0,923533676,-797730313,1617367087,320205390
fil3A07D0948FBBBDFEB6CF204D1543BC65,0,1695098678,853699521,2126122658,1096572973
filFBA98E495E4E908C9389ABDD8F4E0AAE,0,1364313729,577649831,-1308366985,1998834328
fil40106FA439400634AAAF172D8D9BE53A,0,828855778,-457701423,-2056271788,-169281841
filAB889643D6419EAF1B3637F56FCD5C06,0,-1940911642,1629846191,-329200343,-55741996
filA8AD1156C1EC4A99250A9E7B227C3C2E,0,1919158368,1279640695,863885804,-890213952
fil2EB1085C19C6BE52BF6212D6D62E546A,0,-1217007995,-531033917,783994552,95146034
fil33846A515E7B44DB004AD67F1F5F025F,0,1919158368,1279640695,863885804,-890213952
filF4E30A57537BF0548AB3FA9C5A0A76F1,0,1695098678,853699521,2126122658,1096572973
filC12BE5AE7C209CCFE799B2FA602902FC,0,1364313729,577649831,-1308366985,1998834328
fil2DF2E13A05487DE364EFCAE83C337B79,0,828855778,-457701423,-2056271788,-169281841
filC19F601B9661E8129075C530C583DDE3,0,-1940911642,1629846191,-329200343,-55741996
fil9D784086F7A1D673AE0BBAC3A2EA6D91,0,1918137942,1224803432,611547548,1078180456
fil2E07782B39207F73990CC091401B9140,0,-1217007995,-531033917,783994552,95146034
filCFF20DAFF99D935A9817CC8039B509A8,0,1919158368,1279640695,863885804,-890213952
filAE2E0FBE1B8F9201866796357C58BBD7,0,-1135560659,880928708,-1788192513,-406028002
fil4A810AC27C5A261AA7D644A909B96B28,0,-294403156,1111303609,-1809996992,-566771026
fil953CB6ED47102AC2B37E8BC7923007AB,0,828855778,-457701423,-2056271788,-169281841
fil5339F39BA16B238950D60BFF55E7F693,0,-1087959193,1035244037,-1302765527,-1176257984
fil80E64898427B13FF281E92FF776AD95F,0,1918137942,1224803432,611547548,1078180456
fil28F9F0C1334F91E01A569790A151D37D,0,-679284268,799401900,1294392078,1594052542
filE21494C8DAD77033D66BE2CF4BEE6F07,0,1918137942,1224803432,611547548,1078180456
filF35D40564DFA58D64C4B7934CBEB8F23,0,-1135560659,880928708,-1788192513,-406028002
fil2E248C5FC0F67DB67990FF886DC8A4D1,0,-294403156,1111303609,-1809996992,-566771026
filE1FD1A3EFEE81A4558AA17EB2C2E86D7,0,828855778,-457701423,-2056271788,-169281841
fil224AAECEEEF00B2F2CA03AFAE32A06DF,0,-1087959193,1035244037,-1302765527,-1176257984
fil9D0F650678EEC247F028749B7475B57E,0,1276286120,-943335994,218562074,1644682845
filE2B3C3DE98F8AE94FA20F76493AE2388,0,-679284268,799401900,1294392078,1594052542
filD3B3EE1070D7DABDE630D94CC12EF61A,0,1918137942,1224803432,611547548,1078180456
fil87FC52F75DD787B7518706304F6E190B,0,643133086,-2084414616,343170214,-992378432
fil07223F856A9A07CDEC238B27C0BC7A2A,0,-1273409122,1283890227,-308897037,1723425127
fil06911BB97EB8370A04904CC6E2EAA2EA,0,828855778,-457701423,-2056271788,-169281841
filB56934691C178D2418221125C7D92BEC,0,-860248957,-1577914228,965988165,652833942
fil28F92AB176594C2FB1A53B36BE267148,0,943901380,-2111587936,-1705980915,-1685818001
fil98BB7309107E9F27FA1CE111C2D6E999,0,-2085321362,245086297,-804556457,-60362663
filA7B2FDCB886E585836C5088D888BE9F5,0,2061861632,417173029,-1345107527,721185983
filAFE33F45714946153593C21F3B6EAF35,0,197855551,564571579,2011211184,-85811303
filC56EE40BE707EE7BBE24AE2F10FE9754,0,2014455212,883668950,-1969028548,955807412
filB97AC14F4BEBDE02654A86D83AB569AC,0,828855778,-457701423,-2056271788,-169281841
filF5BEC69D157331C284A4E8EA6A4F2AE3,0,1400543569,-240864020,1068930452,-1245879237
fil8FBB3CAD6BBAEAA13A300B733362498A,0,-1153073801,-732897348,180830876,-17453865
fil6E49698E14622F3BC8AC7B0BA15B0B90,0,202228086,-1518988768,-1760556354,1880420558
fil8CE95BDCF15441AD4C1238C82C01F1E0,0,-238481909,-1045223220,1841546909,-856204595
filC89C8C218D1CEE538BE55516B7D8B676,0,-653307273,-10057769,-458152416,1839940392
filF9B25C29275CFE843C06982E0E2F5939,0,-445178368,1684526765,-1953319027,-1391079779
fil089DDDC0260F11C7E0840D6B66A258C1,0,-1858896354,-870678052,522538279,1512976604
filA4D2ED8AD2A0849EEDEA6B42EDDD6727,0,-537654183,44664879,1893196160,-1080707866
fil1DF02AE152A2E4AFFAA7DFAAC54E1FAE,0,-290671543,-2091382464,-1978273945,1489651922
fil0E35DFB4593BDA25EC9A0AE704BE5B38,0,-737817821,683664802,-653706954,-498806228
fil6EE01A7DF042440F53E5EB19157CF65A,0,1010165902,-302164084,1290476249,-1473172409
filAAAFB155BBF1749694977F94DB27A389,0,828855778,-457701423,-2056271788,-169281841
fil96A7CB33DC75E26FCB4084AB7B9E7A3B,0,-714805368,1937261436,1162984422,-240667433
fil84E30BBB902A93C349D32A88CA37357A,0,470382870,-1357936550,149337455,-592268930
fil24AF2AEFB5F35414A6C51C2F46B27CC4,0,100243770,911830968,584166793,653719190
fil831A2CA658FEBF1F898FA5FEC8E42FB0,0,199627677,2097931262,838049998,1046190379
fil623266785428982CC7EA851DEB1D0E05,0,828855778,-457701423,-2056271788,-169281841
fil190CC36B67CA70814738F203696E38B4,0,930824608,-1754589341,-88476025,1821325458
fil8741A22C5984CEBF9EC810687CA54D09,0,1675237402,-1665876021,1802396089,1660302845
fil59ED4B67E9AAE0AEA80FD49AB212BD9A,0,-537654183,44664879,1893196160,-1080707866
filCB5977266DD080D8CD74D3C00270FDB6,0,-290671543,-2091382464,-1978273945,1489651922
fil5AC820D251DF743E9D9F4E1F144A56E8,0,-737817821,683664802,-653706954,-498806228
filCA1C61E9A9A4A9F7C3F4B0FB8D51BB45,0,1010165902,-302164084,1290476249,-1473172409
fil39AF99B166E4D979418B872832F996E6,0,828855778,-457701423,-2056271788,-169281841
filBB158ACC3197AC69AE483D55C7A2D88A,0,-714805368,1937261436,1162984422,-240667433
fil4399D096415CC547E55EFED5983D3270,0,470382870,-1357936550,149337455,-592268930
fil7B5628E96152A7AA6A4CEEA731881C77,0,100243770,911830968,584166793,653719190
filA572BE40BD664F6B89F7FAEC05C7EEA9,0,199627677,2097931262,838049998,1046190379
fil68AAD4D8ED6C7CDBAF22265390BE6035,0,828855778,-457701423,-2056271788,-169281841
fil188D2ED571DB1BD05477B974466F9EA5,0,930824608,-1754589341,-88476025,1821325458
fil0112454238287EF3A8781FE7D3233341,0,1675237402,-1665876021,1802396089,1660302845
fil8EF86FA9D3C0AE641EB2BCFD46E82AF2,0,-537654183,44664879,1893196160,-1080707866
filD63484CC66AC72D1001F1F0800E10036,0,-290671543,-2091382464,-1978273945,1489651922
fil8499854C7BB2524B2AFE3C658D2CFA01,0,-737817821,683664802,-653706954,-498806228
fil9BD13039C99C36BBAA578EF015AADBB5,0,160034213,-1125527965,-670974914,-1523828958
filF31A0253A6A2E004EB21098357A9B953,0,828855778,-457701423,-2056271788,-169281841
fil25C0DBEE134992AF4A68CAEF2B78A342,0,-714805368,1937261436,1162984422,-240667433
fil48C19865D1566C8CA914E8FD181CA2BB,0,-174464510,-1737022484,1453417399,317548881
fil129F29B35178131DD27D4DB033A47CA3,0,100243770,911830968,584166793,653719190
fil719B3299EE237EC8B7ABAE4C8B53777B,0,199627677,2097931262,838049998,1046190379
filF2A732D54F629EDEEBE05520DFF8D7B6,0,828855778,-457701423,-2056271788,-169281841
fil684DA5B4FB399E8FF7537082DD11B500,0,930824608,-1754589341,-88476025,1821325458
fil04F95472F3244139641ACF4BBC5A1778,0,1675237402,-1665876021,1802396089,1660302845
filCE9B72CDB57D119305878BFC3E6BF55F,0,-1868645911,990905002,938110457,1246945256
filC821C6261D550BF0219E8EB28057DAEE,0,-456643250,1184916406,-922905891,-868966113
filDF577914A50AC5159FA760667E583531,0,1693370220,-1075255287,540780498,-1539292792
fil014B9E2B99E1BB602A8EEE6506A497DD,0,-1414954625,-2029052085,248112691,-728476427
fil99B576043701B6FE27550B1067DE3603,0,828855778,-457701423,-2056271788,-169281841
filCCC4F2E89F0AAEC95BD20CB379514F34,0,-1551107250,-378524152,500239625,35026676
fil055DBE54C1C6477C8F5756A038597930,0,-1653290235,-2009067378,541046500,323963153
fil79236768D0C528CC0B1A59912234A489,0,1478350293,-93200279,-811496542,1980514151
fil4D29B03ED27A19B29423D8EEE7F3E74C,0,-528824595,1442202363,1229945437,-1472337848
filE13AF379803FA128EF4FE098B309A61F,0,828855778,-457701423,-2056271788,-169281841
fil677325900B6251E591B0A28CC019AA5F,0,1842862870,-344344705,-1963144444,-747087628
fil3113818078F2754438C637733AA93C0D,0,1994480331,-109713098,-170036801,1965053116
filECB586CEC56B3CFA2F9B5A0CCDA64748,0,332182611,596639623,779152276,-1891777678
filF964DC369DE1135D8C25EBF7B00104B3,0,1391843925,-915555578,-2082803806,-1649203383
filB90C7BEF60CAE7957CA36CA788D75C8B,0,1675237402,-1665876021,1802396089,1660302845
filE77C3C0224A8CFCC01D0CEE496EFAADE,0,-336286874,-1434135544,-450513988,1511525770
fil526C6BF91032C6F532F5D0B4A900645D,0,828855778,-457701423,-2056271788,-169281841
fil22C20D6F3FEC47E77184C399F22FC9A6,0,-910620651,1117233241,-1635772204,-1153316506
fil7FB8012B65F00E82D8D6EBBD5935981A,0,263469763,384791060,-109500343,1894890407
fil08DD64D1387D0CD49A6BE997435B96A2,0,100243770,911830968,584166793,653719190
filC5D1F574D4804A9CA9CF7292C54873C2,0,199627677,2097931262,838049998,1046190379
fil2A067A316DDB7112AFD4DE1E89FEE3AD,0,828855778,-457701423,-2056271788,-169281841
fil71DEBB09C9CBF54366A17D8C22AB8B39,0,930824608,-1754589341,-88476025,1821325458
fil6572C9E52CDEE83FE2B8BF438C9C3E7B,0,1675237402,-1665876021,1802396089,1660302845
filD8F5C15F509737B59530DA377731A80A,0,-537654183,44664879,1893196160,-1080707866
filCAB7560129C7797EB162C6BC42F4D779,0,1623375880,-201159779,2084654919,1987485350
fil52B2562BA2BFF564F15A88EB762786BD,0,-1551647279,444865087,614727095,-999525303
filA93A8F54BC1BCA2CA45EBC56BCF35C41,0,-629494195,1399213283,-72246589,1605240696
fil52E34942391596CFA896166F463D02DF,0,828855778,-457701423,-2056271788,-169281841
fil2C00D473309C16BFE9EFEDFDEEB6690E,0,-714805368,1937261436,1162984422,-240667433
fil26DE3F15D2CE835C4B7338098CFAC5E6,0,403220857,1023669187,1574109810,-1377286277
fil76A871C7236DE77A09E01F709A8AC3CB,0,100243770,911830968,584166793,653719190
fil658E77514123ECB0E6974EC0105B1DAC,0,199627677,2097931262,838049998,1046190379
fil2494DAC2C8EFF416295B6ABF818E034C,0,828855778,-457701423,-2056271788,-169281841
fil9402BD68256126C778F9781EB33CDA13,0,930824608,-1754589341,-88476025,1821325458
fil5CE7CE618CA2F5062CD421603FCC4708,0,-1429351553,-1331661638,2054176239,2095007109
fil06C02A1F4DFB98E27A8DB917FBBD1D04,0,977338653,1210431013,-814823148,-1239621819
filFB01C247A1BE904C8E9AE7797473EBA6,0,-1675327080,-1301773581,1374685813,1173352115
fil3C8384DCE5FC99FD0A7A18C4FE6A6F9E,0,-2002262634,-1046640077,2049385046,1815162578
fil4E8E9E1B87F977C6D32E24CD0344B362,0,804382442,-1121240367,848659469,-2000972480
fil9B6C43FF118358113D578605D62A2270,0,828855778,-457701423,-2056271788,-169281841
filC5396AC86B26D312E9442AD9ECB7B4E4,0,-1796364632,-528196728,-949705456,-1534293312
fil5507F5094C7B99B8135DA5BD274BEB62,0,-58599714,-349616875,-77433412,1203401484
fil3B106C13B754B756211F027BD15EC825,0,100243770,911830968,584166793,653719190
filB8536E86D3E8E2839E75E4DC6C9DB5AC,0,199627677,2097931262,838049998,1046190379
fil045FD461099590B2D1D3D01B7079B70C,0,828855778,-457701423,-2056271788,-169281841
filDACE31D5884D5E0F88864BF713B7E7AA,0,930824608,-1754589341,-88476025,1821325458
fil5CC771169F4B024E62A09159AE76B986,0,1995630032,625243477,1689164657,-831711052
filE68007B6AD447C0864359D2F4761FCB3,0,-537654183,44664879,1893196160,-1080707866
fil4BE7753330957A8553CB29DD44486DA4,0,-290671543,-2091382464,-1978273945,1489651922
fil1BAD616DC10543123F9DC55C23F72849,0,-737817821,683664802,-653706954,-498806228
fil0941F46E8435B1B4E78B67658E7BD130,0,160034213,-1125527965,-670974914,-1523828958
fil393ADC39F37681B2BD320FEFD36E12E3,0,828855778,-457701423,-2056271788,-169281841
filCF0D87BA4E013D9F4EC6B4A1CBFFBF09,0,-714805368,1937261436,1162984422,-240667433
fil51E32618341C13C5C583F4B128584306,0,-174464510,-1737022484,1453417399,317548881
fil0B1F0E275B628D4B830F6116DB0D9C56,0,100243770,911830968,584166793,653719190
filE48B39C6E51EC6911E875F3C99A360EE,0,199627677,2097931262,838049998,1046190379
fil74F8521B9B4757217AD95DE13679B1C5,0,828855778,-457701423,-2056271788,-169281841
fil879E4290B991CA9F9454DA41087CA93E,0,930824608,-1754589341,-88476025,1821325458
filF806B1D8F2B3C3F9AF92C2F8CA6CA8AF,0,1675237402,-1665876021,1802396089,1660302845
fil5C2FA05C9BC017AF48A86A24C326EABD,0,-1868645911,990905002,938110457,1246945256
filA17616165499B15743587802549F0E26,0,-1367983215,61875081,84129634,-289156461
fil163EA69883CE7352D761A05F1ADF9E7A,0,-1953266360,670681276,55398021,2085016583
fil8BBBC031222D105E294C2894AF5EC694,0,-1414954625,-2029052085,248112691,-728476427
fil9B1814A1C35D6C111E7B79B13F0E3FDE,0,828855778,-457701423,-2056271788,-169281841
filAC9A463D1C88281BED4D5C2DA5E1B702,0,-1551107250,-378524152,500239625,35026676
fil129C83F7469AF03886C04E4CDD18CA28,0,-1653290235,-2009067378,541046500,323963153
fil02293283770CD7CD36D040A17B26EE95,0,1478350293,-93200279,-811496542,1980514151
filC095FEB4C1C5D9ECD5B35FDA3B213AF2,0,-528824595,1442202363,1229945437,-1472337848
fil2557FF8E08358130D07F872C95A7A83B,0,828855778,-457701423,-2056271788,-169281841
fil0EDAD39A7A7565DA45FBEFC70C4D0908,0,1842862870,-344344705,-1963144444,-747087628
fil82F3AFB3B804E6AE3C99964B3E345BD3,0,1994480331,-109713098,-170036801,1965053116
fil2C8D081F6408C283E79E77A15E0E9A62,0,-1783287412,-49453256,906827330,1955633341
fil5E22569A43154B9857BB3038DA1B1C3B,0,-1318460570,1238359370,258776450,2112823009
fil90F36CE1215193010C4E4D527D36F32A,0,-759287047,-767417135,498403093,-678578142
fil0529C2CA16705220A49F4FBA51663D95,0,1032246992,1976971945,218591026,-1475906121
filD3E9F5D89A1990802929CC335D0A1451,0,828855778,-457701423,-2056271788,-169281841
filDF61219EA6808F86486F4FA6FC341F4C,0,-1993939637,943750802,2045185093,2104939216
fil0F7641ABE63FE045ABC0E920AF7B4188,0,2046197672,501740450,2074509713,739394165
fil9058FF93C028E4D2ABF5435E10B5EE85,0,1695098678,853699521,2126122658,1096572973
fil98B2CAF6B46D84C4D1EA142A3FB3A3CC,0,1763741548,-1680818666,-2110957534,-1944718530
filEA3CE4C4F3A0FF1FD8F147CFDBAC93C1,0,828855778,-457701423,-2056271788,-169281841
fil4BC39ABD280AB756ACF3C6A42AF5ACEA,0,-1940911642,1629846191,-329200343,-55741996
fil98E1C8D43D0D19BDF65486311003FBC3,0,1919158368,1279640695,863885804,-890213952
fil786FA3D8A1CF7B98299BAB9E7196C1F4,0,-1783287412,-49453256,906827330,1955633341
filF3941B6351940627CFE55553361753CA,0,-1318460570,1238359370,258776450,2112823009
filA0379F9B2C576AFFD596614EF9DA5A89,0,-759287047,-767417135,498403093,-678578142
fil2119E810A950122DE159D6286F4A4AA8,0,1032246992,1976971945,218591026,-1475906121
fil09E2E50AC9FE507B3F00E4C76E59E822,0,828855778,-457701423,-2056271788,-169281841
filEE75CB8DF13244712C9AFDCEA6F20DD4,0,-1993939637,943750802,2045185093,2104939216
filB765A4E392765AAC9E89217CB28025C9,0,2046197672,501740450,2074509713,739394165
fil22B916989A72118B1E1EBA5E75E0FC63,0,1695098678,853699521,2126122658,1096572973
fil15C0CB8F8B0F02002D98AF37A0170182,0,1763741548,-1680818666,-2110957534,-1944718530
fil29D6655E0EC72DA3448F6CF3BE257DF1,0,828855778,-457701423,-2056271788,-169281841
fil65598BC28680184FADA6F0390BAC2A94,0,-1940911642,1629846191,-329200343,-55741996
fil7DA52F10E7637856B9AB03A826C9DCF2,0,1918137942,1224803432,611547548,1078180456
filE00F78562129D2DD96ADD431924DF7FF,0,397760468,-2117739656,749532704,-272849991
filA32E0DFAA0A686F248C7A680E632CAB5,0,-1342626291,1999957995,665130265,-1657308696
fil2EBBF3FBD9EE5E36ACB662B1193FC1BC,0,-723132681,-1373115114,401410187,-319677732
fil15C6FA1362B3C6AE3FE394C64A8B3B35,0,-1364683549,1916788141,1991714971,561426230
filBAD7C22E34ACB7911676EEF9B05D1AAE,0,828855778,-457701423,-2056271788,-169281841
filDB897A70E8D5536AABF612FC604BFEC6,0,2056036543,234569226,-1200564761,596477510
filD4A2D26058AAB7B62EF5B6188409D502,0,-801503951,1418948176,-1272853904,-812077508
fil38CD622E9FD1EA344550A925E1A23D5B,0,-1135560659,880928708,-1788192513,-406028002
fil0E537FA711ABFF6F91D615DB5D1D5998,0,-1224918283,-2017820445,23557989,-586465628
filE39C2323F9B7BAA80F0EC23C2AAC41AF,0,828855778,-457701423,-2056271788,-169281841
filB68F4AFC44A51799702858EA7924CB84,0,-1087959193,1035244037,-1302765527,-1176257984
fil121676BF0F185DFEF3F14BF6C333933D,0,1918137942,1224803432,611547548,1078180456
fil3AB5000609CCF8E5249B4BDFA65BBD5E,0,397760468,-2117739656,749532704,-272849991
fil473017504DD22C40A9C70B02B7BA8F41,0,1829507320,297176920,1835361676,1649019644
filC490FB46B9FA678B7AA7E4CBF74B72BD,0,-1429351553,-1331661638,2054176239,2095007109
filC4F8A3572B11D6D412474A500A4A6936,0,-107037869,-924057678,742595330,-854476604
filB118493AEE2149E0A56201816D0A14AD,0,828855778,-457701423,-2056271788,-169281841
filAB35A4A61439B86135B4222AAB1301AB,0,2056036543,234569226,-1200564761,596477510
filDD17D898338619F68D76D12636AB4E1C,0,245441606,-190923960,-1069955843,-1076547835
fil3F68D8757E5494F9E9DB5235AA550245,0,-1135560659,880928708,-1788192513,-406028002
fil53C9C138B2FB55DDB82EC4D5ACFA6506,0,-1224918283,-2017820445,23557989,-586465628
filFC860A3DFC349888779F1B622A57BCE0,0,828855778,-457701423,-2056271788,-169281841
fil13B7215E7B1F0A25094B88E27ECFC771,0,-1087959193,1035244037,-1302765527,-1176257984
fil777D1C8A9E5C9B89AB91238EED7776F7,0,1918137942,1224803432,611547548,1078180456
filA9AB9449E670DCAED2A3B61207E1C068,0,-1783287412,-49453256,906827330,1955633341
fil4A9C6EB0EEA02C6B557CA2784D24A2C7,0,-688108867,580753429,-1183890099,-2111238163
fil9D6F0B8D429EFE88A6FE4E2BD06D9E61,0,1693370220,-1075255287,540780498,-1539292792
filC13F30EE60FF2ED0F61790AB0AB1E744,0,1643947278,401964880,1097188578,-1996894521
fil2A27906D761BF1768BCFBE073192B3F2,0,828855778,-457701423,-2056271788,-169281841
fil5187C14ED57398C0337D7012D76BD0FC,0,-1993939637,943750802,2045185093,2104939216
fil18B72E25F79D06F0D604063ACDAFF63B,0,957049761,1468109192,-1270747779,453761180
filA8C29144FB222ED4351E85D3217E1482,0,643133086,-2084414616,343170214,-992378432
fil95448CEF5CB0F8D562B1AC802420E3EC,0,-266712392,1321170494,-78630767,-1717741885
filD486F0A17282BE63CC4EF923F463D658,0,828855778,-457701423,-2056271788,-169281841
fil2793ED16BDDDA0E34E382255BE587D72,0,-860248957,-1577914228,965988165,652833942
fil7D9447D545B8B96C8776ACA10784B71E,0,943901380,-2111587936,-1705980915,-1685818001
filB974CF862F2741FA509175C945C94BF2,0,-2004644190,-2106224401,-1695452234,-698842672
filF532866EA3A46057FDC12BC580621DF8,0,-945101066,174940943,1928409597,288029430
fil069786609DC8F71286BB8EEEF4CB7EF3,0,1675237402,-1665876021,1802396089,1660302845
filCE929C4473785A8F25AFB7C396BAE088,0,-716260864,447281125,-1383346696,2131935606
filA7A798AAC977FCA9E70A39FBB7CF3187,0,828855778,-457701423,-2056271788,-169281841
fil819F600E5B8A2BE4C4135D336F61E442,0,-873698723,-546923591,601556177,-1194533398
fil65C0E6971C739C59B58ADDFD8704F007,0,957049761,1468109192,-1270747779,453761180
fil7728EBAB0184DA095984C6533AEE60E1,0,197855551,564571579,2011211184,-85811303
filB40C875C222AEEFF75FBE0FDAD5F3EA9,0,-1190047773,-1892896211,-567323577,-159411295
filABCA12225C4B712D0D100FA64EACA00C,0,828855778,-457701423,-2056271788,-169281841
fil294C86D8AA07A4A80CF8457228374EE6,0,1400543569,-240864020,1068930452,-1245879237
fil2D4DD401B3BDB6148A18F39DF109CA82,0,-1153073801,-732897348,180830876,-17453865
fil12F152D8CA2B38C66880B6578E70C49B,0,-653307273,-10057769,-458152416,1839940392
fil5BF6DFC543983F449FCB6C2F93E9440C,0,2135602330,-1451334039,81393955,334369113
fil120C5ADC208AAE0C9CF9CCFF3C696312,0,2134249497,216426239,952558466,-1514741369
fil3334CE84E3F7976C358C2E786F08B278,0,440171528,-1922668893,1493094776,-1767865049
fil50D70BC57A5A822172782460EFB019D8,0,1919158368,1279640695,863885804,-890213952
filE25576C7FCA70F44014E64B50564B0FB,0,-1127967718,-606175961,-1473142694,-1943118938
fil0DFB842DC81CB7177390C015F7CF2E94,0,828855778,-457701423,-2056271788,-169281841
fil6B10AD61A7C59632B39DC1CD72A84ACC,0,-956763058,-502895294,1173178593,538278419
fil0B4D0557EA66C7AEB66A67B4E3EAE74B,0,2127088620,-18719669,-644927448,-205871118
fil73BAF9D14EBA5AD176D06372159BB6AF,0,393148524,430596881,2036651177,-305460648
filBF15201352D49DAB582C3538DA21F460,0,788864941,770109316,1682691104,1990122375
filB1603BB2052C2A86CE3800216F4B1285,0,828855778,-457701423,-2056271788,-169281841
filFAB3740972D2E553B73C05AE105FF75B,0,-861094956,1791442370,-590237637,1212902946
fil803FE86F591D8AB26D941B188DF76243,0,-480485218,886139579,1304778171,1793793158
filCC0C93CC1B6989DA4F93ECD03E9B16AE,0,-653307273,-10057769,-458152416,1839940392
fil39127E5A9ADF74A73838FCF274289B6C,0,1328962679,-203979668,-2068716736,-515887151
fil82CC742CEDC21C07BA9BC39C3E3967AD,0,643293384,1095249319,-312907141,-1463158995
fil2DD3A8000B72E0056EBB3C1551F8EAED,0,-2002262634,-1046640077,2049385046,1815162578
fil249968D8A7BA5121E9C9E4AED85A3DC0,0,-133092531,29330490,1155353189,-422959449
filCE9044D83D5CDBAB48FE583115F460BD,0,828855778,-457701423,-2056271788,-169281841
fil0079E3272F20739627A9100DA7C686CF,0,614830083,900551945,-1533749473,-423247508
fil7A1E4CF37DA81AF03EBE52D65924A120,0,-801503951,1418948176,-1272853904,-812077508
filA6E036BAB7911BBF9386C0FCDE8259B4,0,-829788224,-815211052,-566405206,-70658658
fil5E6AE7360ABB6D80064D5B361FA8D600,0,428885256,1400789260,-1653694613,1565746972
fil69019665C4E9C1F77DEAFC39AC686B4A,0,828855778,-457701423,-2056271788,-169281841
fil4B7DB5434E73ED670F57552D4FCE8775,0,-629747284,-1631170769,1584560339,1126381468
fil0BFA4DE2FCE8A9A0C9F7C4790D4462EC,0,1276286120,-943335994,218562074,1644682845
filA216B01D17804BDC2CE94E222A1A3720,0,-653307273,-10057769,-458152416,1839940392
fil70A1DAFEC262F4665424DD9B628375AF,0,1328962679,-203979668,-2068716736,-515887151
fil137775201CF3CA05F94CAA62AC6AC8F1,0,-1456094261,609123464,-881708748,-286193732
filC2BFE53A0555113FB1B885225A39919E,0,-1921900856,1664044189,-1988163985,746984652
filB7EAF71DD46182323FA49B13D859949E,0,458023113,1224713012,-770213854,-258924605
fil2D31DECE9159508505E8EBF350F28586,0,828855778,-457701423,-2056271788,-169281841
fil9536104374D54DA95242D6BCDC1B11B8,0,-1152440009,1180793221,1211741878,2071654548
filF8D6BAD87153BFA3884AEAF5F58A1BBC,0,-308896092,-7231585,-1167908853,-1289468263
fil41EA136DB08A268214E06CB13F850D5B,0,-2128311669,1772807689,-1233203412,760648329
fil28A017E0A759BDA72B40C1E87CA57DFF,0,-1102945440,10978680,1702119840,2022092495
filC847CA2887543D0A4DE741815D505D3B,0,828855778,-457701423,-2056271788,-169281841
fil48955C600D72F82A7016A0BCB3DECFAB,0,306682523,2086607713,585851383,1850720322
fil90B843F165D328449F1ACF7265E444F6,0,1385414666,-610833132,1064481,1704392852
fil4A6D6BBDE88057BE6CE67FC50B098D95,0,1068573519,-1220860564,-932381259,268900536
fil6D1294181724839A2198C0EB256D7A44,0,-1906462064,752728591,38817869,-102164938
fil56FB93BCB72A48EB826DFBC9500337C0,0,814595625,-788582663,1269906713,-274648398
fil45F0102972A1684CBB13A0A011958416,0,1112029855,1840932918,-611564019,-1344021642
fil74D0A4829826407C923A50F53AAA2193,0,1152524645,-6683500,-1760633783,1406801693
fil7548FE264D5A50B11D8F9CC8AADF7568,0,1547421235,194141246,808694168,1916087234
filACD15CCC303B7AE12F696704C3AC50EF,0,-1521951037,203552955,374477775,1145684388
fil8BA489138A294A0BC9B67E64800675B5,0,828855778,-457701423,-2056271788,-169281841
fil9E295A168447CA204CA8045C91484893,0,1653590770,-1085689192,2054949634,1750277514
fil1D87BEF774B5A0E9C031070425E87DB8,0,-1786116517,1434266692,1779872773,-1518455433
filA1E008F55E52E8AAB64E3978813984E5,0,100243770,911830968,584166793,653719190
fil269D343F72F4B14A0EC859D1EEA477FC,0,1832581967,-261750961,-2104624462,174816049
filFBF2C289D091BC2FBEA4B00A8B3C53A3,0,828855778,-457701423,-2056271788,-169281841
fil4BDCA6D92A6CF0E01935452E45C58A5C,0,1767942873,-1366481146,1313564812,747048762
fil1CA8A68EE4D70E8FD5301481B4D950C4,0,1918137942,1224803432,611547548,1078180456
fil23F5C94C2A618B6D8E60FA509494EC04,0,1112029855,1840932918,-611564019,-1344021642
filB9335DEE13F2516243FE2F8F640CBDF1,0,575267794,1769236960,-2134354320,581723114
fil1B56EBA53853EBB09FF34D6B58FFAC79,0,2068070723,-192161942,-346428457,1664984501
filB9A661B32C7E66D30CF5A5227FBDF83A,0,-793196065,-1490793019,735904091,-1994643996
fil28C5864AE6774057A4EA63436C017158,0,828855778,-457701423,-2056271788,-169281841
fil4EF5AEE7BEC3ECFC96BDFCB53B465A5D,0,1653590770,-1085689192,2054949634,1750277514
fil18568DED70304B2F83DC7CED8CF93AC0,0,592740317,431203474,946242118,-884512719
filC5C8BFB3A3BB1DA2D842F02CDE582D34,0,-470402428,-1123011272,-1657996055,1236008179
filD76CF3E39B7C14FA72D6DEF7DD5A77F0,0,1282967140,-2101116533,-1715813828,845282952
fil3450698A35C6FB6EA20C86210A922C1A,0,828855778,-457701423,-2056271788,-169281841
fil9DC208ACDBC55CE53B26A7E452712478,0,702008765,1376812941,726693601,-773975384
filF49F6DC98B3302E16F810FBEBC4BB16E,0,923533676,-797730313,1617367087,320205390
fil3FCB66B6CA562A24AFBA2D3653824BCC,0,1112029855,1840932918,-611564019,-1344021642
filC707064C6977DD29E89841CD73AC08E5,0,-591879556,-1743519479,-1749061707,-120371479
fil91C528C3B7EEADCCA663B24FEF8C6861,0,-759287047,-767417135,498403093,-678578142
fil3BA169CA8CEBCA346A43C8515C4D7677,0,-629462015,40081767,1209515655,-88016514
filD7B40956BFB10A24133D5A95ABC20938,0,828855778,-457701423,-2056271788,-169281841
fil3E293E62BE88429C32CD989BC7C56FDB,0,1653590770,-1085689192,2054949634,1750277514
fil77F6B882E47E1A62D780686A84165FBF,0,1496728804,-1146475220,-124266541,-1555729770
filE6FEF5CB9C7F0D111958813720002D10,0,-470402428,-1123011272,-1657996055,1236008179
fil79BC391B10E73180B7D670E633860680,0,1282967140,-2101116533,-1715813828,845282952
fil00BA2AA7BE188CFB6C5BB8B3564F8DD0,0,828855778,-457701423,-2056271788,-169281841
filC5ACB4A6F36E5003676425003EF66339,0,702008765,1376812941,726693601,-773975384
fil021A19067EF5F036F472512E553C7B20,0,923533676,-797730313,1617367087,320205390
fil03A39A9EA18866CDFF17762193241443,0,1112029855,1840932918,-611564019,-1344021642
filEA0B1B552AA62E3E594DC2FEDF36D08C,0,637519002,-126073800,1188728901,-45667465
fil03C964D6C827CF5426F2323F09CCDD22,0,-1235713468,985616011,1606914149,688677066
filA6F8FB7075C8D8F2F6F68644C4FDD156,0,917838589,1842387579,1616174488,-2143345611
filB637BE94A8CF44625984610E952DC724,0,828855778,-457701423,-2056271788,-169281841
fil4CCA29E93EBE34078D051E142807E219,0,1653590770,-1085689192,2054949634,1750277514
filDC4442A60EFF1C5FDD4213053954F541,0,375891644,321768121,-427048284,2003249051
filF0E0DE2A1997F08A82B59D4394A6D854,0,100243770,911830968,584166793,653719190
fil9B211B67355EF4355791A3E093961BC8,0,1832581967,-261750961,-2104624462,174816049
fil47B86A01097EACA76855C51E194D3AA1,0,828855778,-457701423,-2056271788,-169281841
filD216FD2FD917CAC3837BB31AA2DBB190,0,1767942873,-1366481146,1313564812,747048762
fil36A17431814F6B7F2805FC6F6C0E5E41,0,1918137942,1224803432,611547548,1078180456
filCC2CF69030F04E5D438C0DD50946024D,0,1112029855,1840932918,-611564019,-1344021642
fil51AC0FAC20F2C834687455E4F537DC4B,0,1152524645,-6683500,-1760633783,1406801693
filA8037C7147DD4B75A479AE1D9A7B9AA1,0,1547421235,194141246,808694168,1916087234
fil0B1F7D1D4EF50CA487167A4A6D70075C,0,-1521951037,203552955,374477775,1145684388
fil708074B22539450B402D13108546C2EB,0,828855778,-457701423,-2056271788,-169281841
fil5F366BCC83964572C72C28BF9B4E5AE1,0,1653590770,-1085689192,2054949634,1750277514
fil10AE490242D83A7D83FF0EE02EEA7B88,0,-1786116517,1434266692,1779872773,-1518455433
fil9BE543F12BFCEAABB6C5D707B3D4F2D7,0,-470402428,-1123011272,-1657996055,1236008179
fil1DB5AE263D7A4F2493A6E66275928AA8,0,1282967140,-2101116533,-1715813828,845282952
filE547687CA9544D91C1FA58DF38AE32D1,0,828855778,-457701423,-2056271788,-169281841
filCD7CA66ECB345C6000508CA6C2DC5314,0,702008765,1376812941,726693601,-773975384
fil198FCAECCFC204E96919002259E592CF,0,535091992,-508512453,-1986958308,90907358
fil944E1E70EA24CB0B06909FBCA2077555,0,1112029855,1840932918,-611564019,-1344021642
fil11031BCF80FA1BD91BF7C4FE3FA9062D,0,-591879556,-1743519479,-1749061707,-120371479
fil568C2BB3145B345FC4D13AF48EE6CFD5,0,-759287047,-767417135,498403093,-678578142
filA9388D2080263CF3E06C238AD6C793A1,0,-629462015,40081767,1209515655,-88016514
filA0FC9554D0E133CC3F7B810DB5FFF343,0,828855778,-457701423,-2056271788,-169281841
fil962BA29D5C7DBC61ECFB3E4BE03A6F93,0,1653590770,-1085689192,2054949634,1750277514
fil113A90BBAC0C5F32A5262CD29D48A3BF,0,1496728804,-1146475220,-124266541,-1555729770
fil5C2F193A8C2DB51F79310A24114C4D73,0,-470402428,-1123011272,-1657996055,1236008179
fil91BA3D1350B61DC8E98B6BD0BD2742EA,0,1282967140,-2101116533,-1715813828,845282952
fil1C703A01FBFDAAB5386DA3CB44210D38,0,828855778,-457701423,-2056271788,-169281841
fil466459DC637B3B54BDAD0348F9C19B99,0,702008765,1376812941,726693601,-773975384
filB644A86B066D063E24AA386FDF0F0822,0,923533676,-797730313,1617367087,320205390
filACB542E6BA1B54B8F8929711E59C76CF,0,1695098678,853699521,2126122658,1096572973
fil43A02C205CED07FBF0504FBB4D5E6344,0,850377190,1437978813,-1237435399,24280159
fil1FC48B0DF8D3E2775B9F0381D0B89383,0,-759287047,-767417135,498403093,-678578142
filAA4F1B41A941639DD5B361F67699B250,0,-1337470820,1250661392,-674162583,-1444638871
filE25B8DAC2D331509C89FE675629104C9,0,828855778,-457701423,-2056271788,-169281841
fil16574B159B1B3E110671C7DC3FD47525,0,-1217007995,-531033917,783994552,95146034
fil045835A8914EE1304A65C7378194D7D5,0,759373344,370542774,-1962606033,-1988807837
filA32F65B05C63954D1A635F90D727FD11,0,1695098678,853699521,2126122658,1096572973
fil3A7E94405ADA878E7233225D863E3B7A,0,1803109239,-2054529059,-1896863942,1915229088
filA1F199566A9E6CA8B1FA51106F7C07EE,0,828855778,-457701423,-2056271788,-169281841
fil6886E53867CB65EB2A10C9DBF03E6978,0,-1217007995,-531033917,783994552,95146034
filC4AA9D5B71B293C164A13A697150F62F,0,1919158368,1279640695,863885804,-890213952
fil7F4EA4CA1E6EDBF6DC10F5B8BEF7D142,0,1695098678,853699521,2126122658,1096572973
fil8CA7DCBCF4091DD03CE45ADFEBD75673,0,33223879,1524284193,-1531735480,780499815
fil92569392D9D168B3E373FF983BF430F9,0,-378219004,1609323165,1630985010,-343552586
fil751F3AAD0419F2792E55098015DAA795,0,-503583100,1370383546,-1208820062,-1171734587
filBF91B04352B13298D706104F98AE6C7B,0,828855778,-457701423,-2056271788,-169281841
filF09627D4F5A60A9E0DC4AA6F13062FA4,0,-1217007995,-531033917,783994552,95146034
filFD00693796ACB1B1CF7C2437DB4BC5D8,0,-1225048198,-2017643993,-1899463822,1799251440
fil2D7512DC20A6B535B3BD8445260DEDEC,0,1695098678,853699521,2126122658,1096572973
filC17CEA31D82144A1C870964625B63D48,0,1803109239,-2054529059,-1896863942,1915229088
filC8C53CC397013023AC92A5B94E3B8ECF,0,828855778,-457701423,-2056271788,-169281841
filED509394D5EC5591EA98D16E41B3F47D,0,-1217007995,-531033917,783994552,95146034
fil8508E5D90F1B4B7D0084DED724D6AB6E,0,1919158368,1279640695,863885804,-890213952
filA4FE3EF8EC3B77D0B1AE90E36AA0E378,0,-1135560659,880928708,-1788192513,-406028002
filDBA6D3A31C6C8E61FF85480C71D368A3,0,-362097635,667567961,-178524450,-479083325
filBDA3DAF73E3D9FA9CA45A88C13C11DFF,0,1918137942,1224803432,611547548,1078180456
filAD6651A35021E1AB34D56E2CEBBD5DA0,0,-1044631336,1089997040,-1407451194,-856304527
filBDFCB90D4C21177C5298ED36FD6B5853,0,828855778,-457701423,-2056271788,-169281841
filC1235E9A6064BAE4057BBEA7E13D894B,0,-679284268,799401900,1294392078,1594052542
fil1B22BACC1635CCF9D19F5C5CCCB2FC03,0,-349394199,430516443,1661552355,1774323717
fil0D219C1581B8B2C4C7A489B78A6F5572,0,-1135560659,880928708,-1788192513,-406028002
fil9A954273EBFF8E1B474B921EC1A11342,0,-652119172,2143057147,610257980,601282849
fil38869E50B16D5645B78145CF26BC7B3F,0,828855778,-457701423,-2056271788,-169281841
fil1FE80454ABB83D62BFC34E985B305934,0,-679284268,799401900,1294392078,1594052542
fil6CC8ADBE1BB3A3CBEBBE32238D6DB3F8,0,1918137942,1224803432,611547548,1078180456
filC3E61ED50DE715847929E1A23FD4FADB,0,-1135560659,880928708,-1788192513,-406028002
fil5FF1FDA694014445A2C1052B0293A497,0,-1018541564,1914802508,-2001208236,2129096733
fil4DE9B2BCEFB2E2807110D6F86516BCE4,0,923533676,-797730313,1617367087,320205390
fil50CA382CF3803A5297486DE14425FCDE,0,-200648874,1316490241,1195464556,667120318
filC413855AAE9A9585DDCF70952407F121,0,828855778,-457701423,-2056271788,-169281841
fil699CD332E7178C36298243433EF487CF,0,-679284268,799401900,1294392078,1594052542
fil52157BCD89521620F83C507B910A435E,0,-235071926,-679183669,504157258,1418211059
fil219E02AF46A43310D061011AE98BCBC9,0,-1135560659,880928708,-1788192513,-406028002
fil139EF93217A1D4B27B900FC5A7C09E96,0,-652119172,2143057147,610257980,601282849
fil611C80F56FA06A756FCE48F6E771F801,0,828855778,-457701423,-2056271788,-169281841
fil34A84CB151702A8057246CB04E0D02AC,0,-679284268,799401900,1294392078,1594052542
fil141FDE840D27105236B9758ACFEE9889,0,1918137942,1224803432,611547548,1078180456
fil31ED6F50516DB66667455ED402B53D94,0,643133086,-2084414616,343170214,-992378432
filF5D9EB497A6324D0CA4FA7232133C044,0,-1356314843,-1070924390,-1345877258,1051910738
filD4FD6E198BBABED5D98030875952F76D,0,-1482361369,-1925684065,-746459148,442612670
fil42BD02C35C1159D509275F487A65FA76,0,565537193,-1792071024,-661669531,1332939420
fil6252F65FF637F2B59C4758BF1CEF223D,0,828855778,-457701423,-2056271788,-169281841
fil8DC28AF1747289FC97971234BF9198DC,0,-2085321362,245086297,-804556457,-60362663
fil6ACE6AA9A5FCBCC687EE245CD3CEBC1C,0,-2002262634,-1046640077,2049385046,1815162578
fil55894D631FDEB3C67F122421588BE33B,0,643133086,-2084414616,343170214,-992378432
fil6088713367E7C0F67B41A0366CC92D02,0,-2109492870,-388825051,1285337830,2077765893
fil50DD8E5BB991B498FE294A60ED8D0104,0,828855778,-457701423,-2056271788,-169281841
fil229EC73B32B810067B0E41B344D9A826,0,-2085321362,245086297,-804556457,-60362663
fil5EDBD300FA255EC78541797F161280C2,0,2061861632,417173029,-1345107527,721185983
filD8C545D9D899435C3EB5901B5F5A2AEE,0,197855551,564571579,2011211184,-85811303
fil9332A29FB6B859694296063FCAC51576,0,-854792892,-774234839,-1828159518,871166123
fil283A86E6A0878CA974C25B881C008C79,0,1547421235,194141246,808694168,1916087234
filF23A49FD019760A4470C065A6C077EAF,0,843162082,1851905009,1873870208,-993823408
filD881C248E23011460EE51B6AF34D1856,0,828855778,-457701423,-2056271788,-169281841
filEF0F288513204F6B91963C20988EACD2,0,202228086,-1518988768,-1760556354,1880420558
filD7FAA13C84208A95AB3CE0CD22CDCA0F,0,-1786116517,1434266692,1779872773,-1518455433
filF13726955899BE15BD54AFE39A8AE412,0,197855551,564571579,2011211184,-85811303
filD3A7A0ECF52B2EECCEEDFB723BE41F06,0,-1088543283,-589831007,1954272823,-437863112
fil997F9E6978E180B678C256BCE5790942,0,828855778,-457701423,-2056271788,-169281841
fil91150125FA0E9B48F2D47504DE75DE6F,0,202228086,-1518988768,-1760556354,1880420558
filC74F626D347CED188F6128A4042B94B0,0,-238481909,-1045223220,1841546909,-856204595
fil8E5596B56A0261EAB683CF5057CAE2B3,0,643133086,-2084414616,343170214,-992378432
fil62B0F55265DF1F9C96F566758C938E23,0,635926068,1270799586,-1253121550,464121913
fil128D238459BC52E1F64935984E73A4C7,0,1918137942,1224803432,611547548,1078180456
fil71DAFC86A1DA33002347707B3634417D,0,556786137,2132078996,-2102711888,1216440578
fil4BE17187DE3622F6E6449B4CF43C7442,0,828855778,-457701423,-2056271788,-169281841
fil1AC97CAD411319503A0AD9ACD22A4006,0,-2085321362,245086297,-804556457,-60362663
fil3F91BCB94A804A729CE6BDE04268AE2A,0,-349394199,430516443,1661552355,1774323717
filB89F5EAFD7A43B11C1FCB7FF06B8BECA,0,643133086,-2084414616,343170214,-992378432
filB52BE9AA4CA37E299422099562D67277,0,-2109492870,-388825051,1285337830,2077765893
filB6C9087DDBD5989EBBF6A1A7A2581297,0,828855778,-457701423,-2056271788,-169281841
fil6D787FDF099454D834CAB4792CEEB738,0,-2085321362,245086297,-804556457,-60362663
filC6FB0E464266B9DDDBB20D9364B740E3,0,1276286120,-943335994,218562074,1644682845
filBE4B4EA1E53E66C7568F0C7D258882A7,0,107473858,2123729195,645377732,-1205185927
filBD8A42DC04BD3E7905F287458385508C,0,-54727639,2099192400,1610765671,-1057441054
fil980C4CD58973823987DFCC3171C3A2B2,0,-1953266360,670681276,55398021,2085016583
fil21518EDB545B105742D865B22D4AAF7F,0,-634203953,-2127427810,814942779,97500864
filC97E658A49972F2609F86D3323E9E720,0,828855778,-457701423,-2056271788,-169281841
filE8C9862F905AB2F358822750BA0F0C51,0,-1726258372,129239861,-1434438505,1313881638
filB1A5FEC190FA530C42739CAB96D2CCDD,0,-1019696768,664307505,260506947,1899162764
fil008AF121968A0DDFD548A48B0DCB9A37,0,107473858,2123729195,645377732,-1205185927
fil58B563B1E07544BB62953266919A97AE,0,81587295,-260319047,-1437620998,-1066050369
filD2AEB93027F334C78398A56C7BD4D9AD,0,828855778,-457701423,-2056271788,-169281841
filB3D980DABC28BB6B19034657D4DA4927,0,-1726258372,129239861,-1434438505,1313881638
fil2AE0038EB037ECEA005CEE4EADE132FA,0,2068070723,-192161942,-346428457,1664984501
fil8D31850FDFA7EADA67F1076B3BA27519,0,-653307273,-10057769,-458152416,1839940392
fil22DD69CCFB5344B36669E0C54C04EEC4,0,-2050554349,-1023486188,-773795354,1724175781
fil6E4572456A5B47B3F0C91F6D01F461A2,0,1314455139,1857020418,-586521053,274309746
filCA08FED67D770F879C84F79E534CC03F,0,545760179,2142948648,-1303191041,-1541025333
filDF670880B197DD57A15A349787C244EB,0,923533676,-797730313,1617367087,320205390
filABAF7BF6E3B64F300FE019163EE9E796,0,-694916534,-146669060,-319111151,-323686228
fil35644002DD032A30BA6D7738A3D5782A,0,828855778,-457701423,-2056271788,-169281841
fil37C828752B51D088D28507C21A75D168,0,914153739,1617063810,722651764,124449861
filFFE97A433DD4B8765AC7B82DC5907284,0,1531126146,-1256986164,-366814014,-1872376842
fil07E1A401D98C58ABF3734333B6B4EECD,0,866017658,-2103355061,1593505631,-1914815640
filC570C13C8FE891C1ED92430430D74343,0,1226308436,1901061970,-353884252,-1114073368
fil2F29E89A85E168A1C35EAF44BE61D08D,0,828855778,-457701423,-2056271788,-169281841
fil12EDC1D4DD121101C6E570C9D00B8B5C,0,-1794351599,548843865,1231387738,-976216834
filE14764B1004ADC9062505F3521D5258C,0,-1575198999,-1439101315,1633348355,789767196
filA415ECA44D3F2C5A02A7D25DE249CDDF,0,-173634187,1073771449,-1159078619,-801739868
fil84DD0683F0142D27000103FE28B8B263,0,-653307273,-10057769,-458152416,1839940392
filE12525B24E6E984D122793AAF81C97B3,0,-961371620,-1862712275,-1703384843,-441308975
filBE76B3802EB8755BD5CF63286A0A4133,0,719532430,-207137449,-1263624959,-243817538
fil9177B7467C883ACA153177F9C7129423,0,-480485218,886139579,1304778171,1793793158
fil9E24047C65BA08B7979D4140D3B93F16,0,-1019191766,518246976,-1059467881,-1779524392
filF84934A1E64CA8309B4748AF49F38008,0,828855778,-457701423,-2056271788,-169281841
filB593CCC1D8914BE9EA9E287CF9303CAE,0,924096071,-1442015632,1255508662,-920718648
fil403A620798BFB7A0609E173E42CF9401,0,1995630032,625243477,1689164657,-831711052
fil1FDA928BF1560A963202A5F770800531,0,-1003400729,-1154795078,-940909556,-5802622
fil19AE4FD32472DC5E5EFD337777EE29EE,0,-274978871,-35994401,-1131041156,-1702218374
fil4F0C454C5D843B7500FD6A36A324C84F,0,828855778,-457701423,-2056271788,-169281841
filFC5FE7C5D8177FF2F89AAD8620D0BF0D,0,267180528,1976840285,-928688890,300192834
fil6F699A4A67D5EC4B2EC85F90B7E24A48,0,-303512860,-903203156,1412829879,842327993
filAAF9ECB7694C7A78B79461BCE4D98C53,0,-653307273,-10057769,-458152416,1839940392
fil51FDA6DBA6E6BEECA99B31E7F3CC99BF,0,-2094528058,-498250524,-55429407,-1804778140
filDBD0330B3A9AD5C72749326595340D61,0,2117680487,24762638,-1724311793,2060381591
filC3E0DB4DBF78936040DEA688901B27AF,0,-483634489,-1596597159,585882347,-1989455965
filF983342622F3D33C6E249DD36E400EE0,0,-470673402,-123341725,28504071,-898004456
filB11F2BBAC1841574745D938FAFA9584C,0,828855778,-457701423,-2056271788,-169281841
filCBA927B72F8B3005169297871E61F44A,0,-332295825,-1947938242,-1562525293,-380589508
fil33111C1822709AB310A00CC64FD45CD9,0,1971134472,1666615853,-1744973464,-1557195594
filCA566938E5BB6E793B35BCE0769E4210,0,-550494271,1938707247,596083119,626439038
fil7ADFD18013C54D536D05BE4351F96DDC,0,2000866667,-1841321275,-1971351968,787915259
fil2BD7332728EF50CC1725EC3A03D3D4FC,0,828855778,-457701423,-2056271788,-169281841
fil5987DA6505B2F0A43CCAA2EC66EFFCF1,0,862580436,1930532881,-382430513,-2014640092
fil45954BDC896428CB5FCCDB65603A97B3,0,-480485218,886139579,1304778171,1793793158
fil05A9163051C14F9C0B4BC25CDE5E0C07,0,486190607,1503220161,794506870,-1917461439
fil1AE299088025E7B7BDDADDEF52CDAA17,0,-2143909697,1870132956,-1576775025,280885832
filD46E0270003C887D6D9FF9CEC0121BF9,0,758561706,-773298772,-272193926,1906260430
fil90D38A5C2209179519461F234C777AEB,0,-1385591956,1962332378,2001089022,1603503552
fil86C7784EC54FA39FC98E2B172D8B8FF2,0,-975974713,-1221488587,-2111137554,1816523020
filD6A003222A4C870F7FCFA52F04B54CF0,0,245985172,381463945,1167073947,-1430763027
fil93E473FEC0FBCA7DF81BEC99119AE455,0,-1054053400,-734354934,-1261365604,-2052814093
filFFC96F0D8686F32B5ABE9588BB0F9DBD,0,1024626365,115240180,-1720380850,-417545027
fil617613A1BDC6FAFCE8292340DEEC41B5,0,-895896239,757109779,-902224318,1528776910
fil7CC3613F227239CC48FE20E7B9A5BC81,0,-1451357051,750095516,2094326622,-1005537129
fil5C6EEAEE2D6ECC7AC1B3CD0182402108,0,-977631231,-1676122669,1345010661,-1754742376
filAFC46953E33640D93FA31C67F6E81FD5,0,896275051,1925487165,1055222255,-1094661593
filD5713C4DDE777FECFB6D47FCE039C9B2,0,1915679018,-506715447,-683696205,-1033077779
fil5493E5B0F0A21EC2A2BFD96A7D7059F5,0,-294904606,812522009,-177806448,91046253
fil62625D99F85B89F9A2E9BA9C9DFE7206,0,1687489450,-888925365,605605751,1397467271
fil76C7170F997F481F5325DA5CB331B50E,0,648755729,-1268613295,199561809,1055295800
filF28D780A887D33EB7BB2797293EC0050,0,890647311,-901858441,1035516602,-1524565757
filF1E0EA7BF4B70EEDFC835D5F3F428E47,0,-1779715674,1493660944,176516667,1175241391
fil6BFADCECB1BE5504F23C8C352E1FE107,0,1183747012,812314831,1077318697,-61323701
fil96B6E181CCB641E01FBDB88FBE0829CA,0,1530059081,-1034126776,-943396728,-1475362688
fil74149F0D1555458ED868FECF750F73F9,0,-953535000,-1869371425,-694655859,-1809829150
fil5ADF164D16CE5ED0D7EA47E85560B039,0,-518763831,818017391,2113039634,-1199057510
fil7530D67335B41128F1E8D0F78A2049BC,0,-607519802,-53653879,1506645217,779645044
filFDEC92DC2A24A1D258E25BA19A70F85A,0,-1476714421,-1052498161,-1301332699,97058034
fil9E7F20FA71C9B20C7BA543D6A9CDCCD0,0,1906632822,1667789067,-806488009,-1549256618
filA978E46EB2BBE1560B6299F75884987E,0,203195796,-422961006,-1537518942,274489623
fil4BB68E214B95D57AED1DFD32DB86A1DF,0,981708150,346394177,-659475946,-1889665144
filC7700ECA3B384AF128C5369592C8E659,0,-458318158,25008807,-500188839,1832794584
filF48EBDCC123CF9611B3BFEDE6E659A46,0,-2054487307,521101461,1021904516,1170477951
filF8E85DD0EE69F6E6BC12957B11ED9CEE,0,-1526981575,-2091362140,-73639124,315223411
fil09649A01F905461A749714C3FD623D3F,0,1349332377,-4860710,40681126,94549884
fil43522D2568E2FF7098464DFAEF741DE4,0,1821414944,1125217248,470630393,1134342232
filF2522E7D4F3A1FE9DB605A8109026CD3,0,510035091,2025950879,-856902162,-1042870531
filFE0FACBB5C4BEB40048D77773D6A53AA,0,312148381,-1537531874,-850942375,-1327419232
filE519C718DF614D58A3C865CE9A5B60DE,0,-653307273,-10057769,-458152416,1839940392
fil37FDED8A996292882B041D67F206921D,0,-1003400729,-1154795078,-940909556,-5802622
fil1F58D31E522630E9655F48DD76F65421,0,2098754778,33166225,-236953370,-1809271330
fil8BC4BA8B9DC435FCB65553B169DC5505,0,828855778,-457701423,-2056271788,-169281841
fil4185256472F92CB06C1D6F0F4FD47C6E,0,-1498385347,-1063103349,1882902458,759647886
filF38E37DF0680AB4B3BB99EC8329E9BF7,0,-1482361369,-1925684065,-746459148,442612670
filBBEB72C3B7407D6CCBC4FA057BDFA70C,0,267180528,1976840285,-928688890,300192834
fil9B5951D9727E1C4EF8E60B810B8C0E6E,0,-303512860,-903203156,1412829879,842327993
fil6268E1A6B5443969DBE51372A04D2D9D,0,-653307273,-10057769,-458152416,1839940392
filAA1475B781E3F4F9F4D0586AE8AE23AE,0,393148524,430596881,2036651177,-305460648
fil7F8300EAAC8B2863B5DFA02AEE118810,0,321418662,-983844540,-1431278430,1223641334
filC6809C34C84D9951EB01BDF0C4BC7F6E,0,828855778,-457701423,-2056271788,-169281841
fil6503FBC9C44B59C1EE3F08B059D36314,0,-861094956,1791442370,-590237637,1212902946
fil1AB43D66B98A815F9432EC8DD7309D78,0,-480485218,886139579,1304778171,1793793158
filFBD889D90DC41B2D1612951315B5D4AF,0,-501550132,-1609174291,-1096946670,-1442540075
fil50F096DF1561B30C0EC886911B2FF35A,0,2068070723,-192161942,-346428457,1664984501
filD6EB4F49A22A590E3487CEF5065C3FDB,0,-653307273,-10057769,-458152416,1839940392
filE5B2F6E7638652DDAC342B55EB059756,0,107473858,2123729195,645377732,-1205185927
fil24F68CBC4A4893EBBC85C61E89D9A052,0,414458922,1510434603,560962533,-2077227970
filD45C7EE02CDACFAB843E57CB3FF0ECE2,0,828855778,-457701423,-2056271788,-169281841
filE57E98B202B90769EB08BE3FE24497CE,0,-1726258372,129239861,-1434438505,1313881638
fil595447161304508A9B09EA64899D69E8,0,2068070723,-192161942,-346428457,1664984501
filCB2E57B9FDA1CCFFB6EDF7A3592AE530,0,-1752574706,1275106303,1768754358,-1045159607
fil437A6353C14A02734656C6BE9BAE17CB,0,-1429351553,-1331661638,2054176239,2095007109
fil906722F1903C93E30E8664E46C2EEB5B,0,-653307273,-10057769,-458152416,1839940392
filBA22F7663E7504196FD158DF5CC0ADE0,0,866017658,-2103355061,1593505631,-1914815640
fil64E52EA31640A5EAC25CB95ACAF1ADB6,0,1713359845,-839597957,120658007,-293213311
fil113491FA29B2FAD496D15A9BC1E0C824,0,828855778,-457701423,-2056271788,-169281841
fil672B9B21F57A3B5BDA940C31E8493640,0,-119903217,973562220,1088058412,-116860203
fil41169693736A1C53E3A0A1C21AB6B2F4,0,-1429351553,-1331661638,2054176239,2095007109
fil81E8236A4DD3AC889B8089D68D465576,0,-1794351599,548843865,1231387738,-976216834
filA932CFA59EE53924CF23950B80C024AC,0,-1575198999,-1439101315,1633348355,789767196
filF774BC4EAAE12CB13A91543D57BEE524,0,-653307273,-10057769,-458152416,1839940392
filD1E8AC1C7E29F403FA1B202DFF8DA893,0,-470402428,-1123011272,-1657996055,1236008179
fil8F6E83AD2C8A8F84C06F396192BCDAC1,0,3838500,435629646,-464671794,482286274
fil80084746AAA0D26F7A084E1F8C97AC1A,0,828855778,-457701423,-2056271788,-169281841
fil21B5FBEE112998C1E94CBFC3B22F63EC,0,619033084,-1548490122,1977386992,941401172
filAC8E15FC00DCA2521A3FF783A5A645C2,0,943901380,-2111587936,-1705980915,-1685818001
filCB191C5DB29A15838C8E7F0FD2B0AF78,0,702008765,1376812941,726693601,-773975384
fil6D253CA169082D0B04EE71FFF4C1180D,0,1918137942,1224803432,611547548,1078180456
fil5945AF06C9AD0ACADE09C7670CF7035A,0,100243770,911830968,584166793,653719190
filC505D220AE2A550D9297DA8D8131E958,0,-731475220,428237326,266127580,1591841011
fil32FAB51AE066D962667DBD3EA9C4F1CD,0,828855778,-457701423,-2056271788,-169281841
filC0171BD957C474309813F32C1E774955,0,930824608,-1754589341,-88476025,1821325458
filFEB7544530D75D205F6F5BAF965BE430,0,1675237402,-1665876021,1802396089,1660302845
filEBCD5209887099BBFED47E512B9986A1,0,1767942873,-1366481146,1313564812,747048762
filDCDA5A30756A35E48716CD23824CFCCC,0,1918137942,1224803432,611547548,1078180456
fil9A1715045EFB88F41801B24C11F2398B,0,-470402428,-1123011272,-1657996055,1236008179
fil7A9F25526F3691BFCF379418EBAC1639,0,3838500,435629646,-464671794,482286274
fil8C5CBF6978A981C631DBFBB072CF51C8,0,828855778,-457701423,-2056271788,-169281841
fil775DA02ABB675F7500E78496C606F4C3,0,619033084,-1548490122,1977386992,941401172
filEDC7D134AD3FFED6F8003FF59E5FE312,0,2061861632,417173029,-1345107527,721185983
fil96311F524EC53B6B4049B4B247A1AC67,0,702008765,1376812941,726693601,-773975384
filB4C9CC1B7042F13B64571DA799E21049,0,923533676,-797730313,1617367087,320205390
filF12C26B3A0FA12131165A1384365E287,0,-470402428,-1123011272,-1657996055,1236008179
fil5AAE2A26B8F91E28DA63EE5D7390C010,0,3838500,435629646,-464671794,482286274
fil91D0A2CBF169262065AB571D0719E37F,0,828855778,-457701423,-2056271788,-169281841
filF38B2F9425BCD938E02679AE497E5611,0,619033084,-1548490122,1977386992,941401172
filD9B1AD58DB97BBBB5217A04F4B9BF5C7,0,-480485218,886139579,1304778171,1793793158
filF2D2FF8F0B8CC0DEA88CF2A3899B1789,0,702008765,1376812941,726693601,-773975384
fil38686F7D122AE1834A42E86FC86F0F65,0,-238481909,-1045223220,1841546909,-856204595
filFAF4A0BC557213A3BB52232157BD441A,0,-470402428,-1123011272,-1657996055,1236008179
fil66FB6B256A9B7DBA6E5EA5BCCC25CB9F,0,3838500,435629646,-464671794,482286274
filB742A42FCDB9139C098817E75CFC0793,0,828855778,-457701423,-2056271788,-169281841
fil3265759BB8230ED5EE21CD431ECBA6EC,0,619033084,-1548490122,1977386992,941401172
fil27506F3E0ECD6E8FBF4440E4C19F31F5,0,-480485218,886139579,1304778171,1793793158
filB11A1D2FA317DC746C9167E8BA394D07,0,702008765,1376812941,726693601,-773975384
filEA2047038C3EEC6C3461ACD69A400D8C,0,535091992,-508512453,-1986958308,90907358
fil1A89916BE52D7F66BBFD6B5D903189FB,0,-470402428,-1123011272,-1657996055,1236008179
fil59C77CED1D2F0763132624C0567635A3,0,3838500,435629646,-464671794,482286274
filDE937ABE1EC12E9137A35220E24EFCDA,0,828855778,-457701423,-2056271788,-169281841
fil80BE295F69527E4512F03533DA1B2682,0,619033084,-1548490122,1977386992,941401172
fil667D83FD305E2092495023549CF1941E,0,2061861632,417173029,-1345107527,721185983
filCF7CA2568850490AE12E7EBE7A1FA1D2,0,702008765,1376812941,726693601,-773975384
fil297DC19CFB18DC2AF74E8CA9578DD5CE,0,923533676,-797730313,1617367087,320205390
fil060DA1D0199A1D6EBE7D6F944D8DE5BF,0,1695098678,853699521,2126122658,1096572973
filCDFA8C468890F1CF9F27652AE3C593AB,0,1364313729,577649831,-1308366985,1998834328
filB2A4657E4906FDC867563E9CAB367427,0,828855778,-457701423,-2056271788,-169281841
fil0EA54328AA3C2E3F3762F4EE54EE2413,0,-1940911642,1629846191,-329200343,-55741996
fil4BF80A45A1B7758661180115E157462F,0,1919158368,1279640695,863885804,-890213952
fil0C0E64D2144145B56D5887E81BC70C58,0,-1217007995,-531033917,783994552,95146034
filAB36050BF98331918C00671B49E9793F,0,1919158368,1279640695,863885804,-890213952
filF998DE5075CDE001C7287379421F0E85,0,1695098678,853699521,2126122658,1096572973
filB1E92D308B01C80DF13D4082D898620C,0,1364313729,577649831,-1308366985,1998834328
fil56DAE50E8FE7078468DA010BE0BDE918,0,828855778,-457701423,-2056271788,-169281841
fil24D879F340A67FFB7C7B23443A4E40E4,0,-1940911642,1629846191,-329200343,-55741996
filFB78AE6583ED47D5991E2979C67F8B70,0,1918137942,1224803432,611547548,1078180456
filA8795B171D6A4499A8140EC8B0843A4B,0,-1217007995,-531033917,783994552,95146034
filD5DFF46135BA58CD316778A1E73B2A69,0,1919158368,1279640695,863885804,-890213952
fil58E277F72654CF11336ABA91D9728048,0,-1135560659,880928708,-1788192513,-406028002
fil996F6F71E25338CF8DA76D9CE51E97D8,0,-294403156,1111303609,-1809996992,-566771026
filA57476D8D7940B0A5768F6226995166E,0,828855778,-457701423,-2056271788,-169281841
fil422D3B378A7C3B4283F1857F2C69EC0F,0,-1087959193,1035244037,-1302765527,-1176257984
filCEFBD1682015522E12240739693C2609,0,1918137942,1224803432,611547548,1078180456
filEEF06F102DD29E6AB0CC48A127FD187E,0,-679284268,799401900,1294392078,1594052542
fil70A4EA9253FA7243BCCE2E5F3E2DC703,0,1918137942,1224803432,611547548,1078180456
filF437A01AB45CC5AF027C5011E4A9E581,0,-1135560659,880928708,-1788192513,-406028002
filC5614059865FFF0DE858509726BC4DD4,0,-294403156,1111303609,-1809996992,-566771026
fil637332901ED47D468151B8FAA11F2BF5,0,828855778,-457701423,-2056271788,-169281841
fil152D66C0B1B0B73FAEFC7C776DDC2FC3,0,-1087959193,1035244037,-1302765527,-1176257984
fil65C52DDB86F7B7BCF78DBCF531848C5C,0,1276286120,-943335994,218562074,1644682845
filBF52BCD405EF63498E8A71344709C920,0,-679284268,799401900,1294392078,1594052542
fil5063345A3500F5CE59E07D077BA87BDF,0,1918137942,1224803432,611547548,1078180456
filB9DD16530D154E995415CFFE9578E080,0,643133086,-2084414616,343170214,-992378432
fil96702E9DEC4796D031DA8C4F26436071,0,-1273409122,1283890227,-308897037,1723425127
filFF2FECADC4E7F75BB510BB0B7E2A403A,0,828855778,-457701423,-2056271788,-169281841
fil9019D5AD0CDA96C674033B42C1A97A62,0,-860248957,-1577914228,965988165,652833942
fil2E70B2C380D6B5F825B340B17A23EA9D,0,943901380,-2111587936,-1705980915,-1685818001
filB6442AF55BB41870048F8788E1409B3B,0,-2085321362,245086297,-804556457,-60362663
fil24FA1A04E7646E802DE83748CBD22B0B,0,2061861632,417173029,-1345107527,721185983
filC1BFE61571BA2234C4BDE354A4271C52,0,197855551,564571579,2011211184,-85811303
filDD31FA930C625411946BF8302829C15C,0,2014455212,883668950,-1969028548,955807412
fil72EF09060663FB3EE9ECEDACD3BEE5EA,0,828855778,-457701423,-2056271788,-169281841
fil9F1CC786D9975F542AAA7A0A5AF8CA2E,0,1400543569,-240864020,1068930452,-1245879237
fil78321248B4A29A403862B169BEDCFA90,0,-1153073801,-732897348,180830876,-17453865
fil30AFB06A0F4152E413236269B32E4722,0,202228086,-1518988768,-1760556354,1880420558
filA0379978D5296291DD841A4FDC6BA5CC,0,-238481909,-1045223220,1841546909,-856204595
fil9CDD9FEC19614C77488A93B2FDFC3898,0,-653307273,-10057769,-458152416,1839940392
fil0F25DB49D7FBF3C789DD4B8905E4390A,0,-445178368,1684526765,-1953319027,-1391079779
filFD401147DEF3802371FB89F6A1C81896,0,-1858896354,-870678052,522538279,1512976604
filCFE857C61C14DBD1F342255DC5F3F5AD,0,-537654183,44664879,1893196160,-1080707866
fil7C7326E01C7E903587E90AC26E151FDF,0,-290671543,-2091382464,-1978273945,1489651922
fil3E6DAFF5FF6CC0053A46B53E4D82061D,0,-737817821,683664802,-653706954,-498806228
filC427F712FC7F5DA788BC70F3D202305C,0,1010165902,-302164084,1290476249,-1473172409
fil57D097AB5B5F7DD605B5160F4AE2B2C9,0,828855778,-457701423,-2056271788,-169281841
filDD12F699B03D89C4B3205032880B37F4,0,-714805368,1937261436,1162984422,-240667433
fil39883634F3463692C873D8C8B06FB652,0,470382870,-1357936550,149337455,-592268930
filE371769FCB792E1E56C1C3CE7DDFDBA7,0,100243770,911830968,584166793,653719190
fil290D2B2A0DF4DD50B6A55906C1E9A160,0,199627677,2097931262,838049998,1046190379
fil3469AD00DDFBA6CA4524583EFD6A8866,0,828855778,-457701423,-2056271788,-169281841
fil90CF540D8E201903ED9E459A4652099F,0,930824608,-1754589341,-88476025,1821325458
filD3DF9602EB5F6ECBC8EFAA1F12B2F2FB,0,1675237402,-1665876021,1802396089,1660302845
filFE2172AAE37635CE3CD0CF86D77B6D28,0,-537654183,44664879,1893196160,-1080707866
fil36A7750624B350E8936C72DEE83BB0C9,0,-290671543,-2091382464,-1978273945,1489651922
filBFECC3E9847B592423E796A10C5F1DC1,0,-737817821,683664802,-653706954,-498806228
fil9D6CA387279CFAA75BC6D325ABA2AFE0,0,1010165902,-302164084,1290476249,-1473172409
fil4047553ED0E4A98ECD109BC03D889DBE,0,828855778,-457701423,-2056271788,-169281841
fil219837D881D324E2FAF3081F91AE33D6,0,-714805368,1937261436,1162984422,-240667433
filD5D3EF5EC7D0EFC6A6D557D3D95F9DA2,0,470382870,-1357936550,149337455,-592268930
fil6D38CBDBE155B29213D9F6A4169780EF,0,100243770,911830968,584166793,653719190
fil57107185FEB6214FA78DBAABA3E221BF,0,199627677,2097931262,838049998,1046190379
fil557138A8D61669E7E54C10323C899E0C,0,828855778,-457701423,-2056271788,-169281841
filA3F977167FA3E17053DD46FF175608CE,0,930824608,-1754589341,-88476025,1821325458
fil6CFC8AB99A4CBBD270C4824DB57CEB02,0,1675237402,-1665876021,1802396089,1660302845
filA413A54AC3BD5F41494E0FC382F41596,0,-537654183,44664879,1893196160,-1080707866
fil9556424F2F23E379205C4D0A6F0287C2,0,-290671543,-2091382464,-1978273945,1489651922
filDBD2CB2BD00AD4EC3767C93BF653A15D,0,-737817821,683664802,-653706954,-498806228
fil899E5F494128199A032FB861C1107B56,0,160034213,-1125527965,-670974914,-1523828958
fil3C35D9C53B0C57E262F36A39AAC7F377,0,828855778,-457701423,-2056271788,-169281841
fil716F91ACDE6A5D98D4938EEA90DBC700,0,-714805368,1937261436,1162984422,-240667433
fil35D821CE984F3D0352A5003E4B3EDD59,0,-174464510,-1737022484,1453417399,317548881
fil19838B6470A5B7873790070E65FA8966,0,100243770,911830968,584166793,653719190
fil0B987E15D7D56F5D879F80023B522BD7,0,199627677,2097931262,838049998,1046190379
fil97359136868FE5AC3EE41C40B1939CCE,0,828855778,-457701423,-2056271788,-169281841
fil04DA3B4D242117E9C26731ECB189AAF9,0,930824608,-1754589341,-88476025,1821325458
filC5BAA4F4072EFED43326ED0BA5D46196,0,1675237402,-1665876021,1802396089,1660302845
filB0C79BE972880E31B7C2D1D75C84D604,0,-1868645911,990905002,938110457,1246945256
filEA9D89770F1C9294661C118F895B1932,0,-456643250,1184916406,-922905891,-868966113
filBD15B1FCECC410C2AE65CEDFFFD0CAEB,0,1693370220,-1075255287,540780498,-1539292792
fil419443BE83B5B2D716B47B388D7BCE25,0,-1414954625,-2029052085,248112691,-728476427
filE78F0C373AD1D2A217A9EDDE794DCD5C,0,828855778,-457701423,-2056271788,-169281841
filD1BAA570751AE42CA2EB7F66A9E7B24E,0,-1551107250,-378524152,500239625,35026676
filF638AFE024B0ED3E53869E4C36BD61DF,0,-1653290235,-2009067378,541046500,323963153
fil0977E2378781E0574AE10EF68610B41F,0,1478350293,-93200279,-811496542,1980514151
fil9FEDC09F95485D1278CE464214FF18D9,0,-528824595,1442202363,1229945437,-1472337848
fil6E47B6812DA7098BAE32B255311A6F94,0,828855778,-457701423,-2056271788,-169281841
fil557A8EC79365395C9D058C686AA06B0D,0,1842862870,-344344705,-1963144444,-747087628
filF08B2493967D0B10B139F50583AE52C8,0,1994480331,-109713098,-170036801,1965053116
fil9B6C51A4D12531E68613EC83E37AB240,0,332182611,596639623,779152276,-1891777678
fil35546889B87E5E9DC641EC6E44D12516,0,1391843925,-915555578,-2082803806,-1649203383
filBAB8C0A14FD0F29EA23F87614A0EEF51,0,1675237402,-1665876021,1802396089,1660302845
fil464EF73C53DDA7EDF9B0DEBF6D9C6F00,0,-336286874,-1434135544,-450513988,1511525770
fil34DF23F0A81A2BF83FE6A09A421E61BE,0,828855778,-457701423,-2056271788,-169281841
fil098D140E058676DC37BA4CA4C662B626,0,-910620651,1117233241,-1635772204,-1153316506
fil1C032FC1ACF6EA7A192B012712F3DE2F,0,263469763,384791060,-109500343,1894890407
filE0DE8F175C085A32C0ED864560483D83,0,100243770,911830968,584166793,653719190
fil487A4466ECBC53934D242F48592BC49A,0,199627677,2097931262,838049998,1046190379
fil5B52369337CD4179A6359A6A37B9D77E,0,828855778,-457701423,-2056271788,-169281841
fil507960C55A8CD4DA09AE0DA94704B405,0,930824608,-1754589341,-88476025,1821325458
fil63F6DC7FC426FC0AD164F51FF50844E3,0,1675237402,-1665876021,1802396089,1660302845
filC6B32564EC2016DE0E0B72499609335F,0,-537654183,44664879,1893196160,-1080707866
filBD9303AC28E5DCFE2F34E554A6C49026,0,1623375880,-201159779,2084654919,1987485350
filB792462DBDDFBD483A9E309268DC5D2A,0,-1551647279,444865087,614727095,-999525303
filBDEFB372CA5A74D778532620E40E18AF,0,-629494195,1399213283,-72246589,1605240696
fil4129827FA8AACEE92FF75636167DE4EC,0,828855778,-457701423,-2056271788,-169281841
fil9B8CC9828BE8E36B0D6D58AD20058D88,0,-714805368,1937261436,1162984422,-240667433
filE54DE7FD284CEF59E843D69E90A8D8FB,0,403220857,1023669187,1574109810,-1377286277
filD1304A3E0B0011C811D23BB7803EA571,0,100243770,911830968,584166793,653719190
fil9345C7B05C3AAABF48073A54420DC807,0,199627677,2097931262,838049998,1046190379
fil105F02A2919B508B05063F6EAC93211C,0,828855778,-457701423,-2056271788,-169281841
filDF62BC07D35596F46CF49B82CCBCCEF0,0,930824608,-1754589341,-88476025,1821325458
fil68365B120B7BCDF789EDF3ACD59034E9,0,-1429351553,-1331661638,2054176239,2095007109
filEF6F2C374630A1723EF009D99B691F5E,0,977338653,1210431013,-814823148,-1239621819
filA3ACB136332C06E62BE691DB3E56DAFF,0,-1675327080,-1301773581,1374685813,1173352115
filDBE830C079F6FD0FC96DEEB7E6D0B43B,0,-2002262634,-1046640077,2049385046,1815162578
filBB4402A0B7643E7EE86A28C6DB507328,0,804382442,-1121240367,848659469,-2000972480
fil4B544FF51C7CBFE2BF86870CFA466C3A,0,828855778,-457701423,-2056271788,-169281841
fil8C467763C7CA2944530D8A8C615AA5F7,0,-1796364632,-528196728,-949705456,-1534293312
fil20248D9466B1B79DC87D9A4CD57B6DD2,0,-58599714,-349616875,-77433412,1203401484
filF94F7F199264FC258742C8C1CEE81FE0,0,100243770,911830968,584166793,653719190
fil174752D61B926411D3185EF6D31EAACF,0,199627677,2097931262,838049998,1046190379
fil88CB297636A4976360A4599048DD4A59,0,828855778,-457701423,-2056271788,-169281841
fil8E089963E57F19DD46592EE0076A9539,0,930824608,-1754589341,-88476025,1821325458
filCB9B1663DF24135121BC6097747F9820,0,1995630032,625243477,1689164657,-831711052
fil7256ED51E3BC3B2C01537F8DF784EE32,0,-537654183,44664879,1893196160,-1080707866
filF644B67103E742D4E2A9909F2D19CC4A,0,-290671543,-2091382464,-1978273945,1489651922
filDE6F4421CF6869709A9318A63CDF3B82,0,-737817821,683664802,-653706954,-498806228
fil333C68A88B7D41036CE090C360558F4B,0,160034213,-1125527965,-670974914,-1523828958
fil7CB7D555C67C886C5D7B6C8459D59A16,0,828855778,-457701423,-2056271788,-169281841
fil5DA0BAF86CB75541E65B16A7F9EAD35B,0,-714805368,1937261436,1162984422,-240667433
fil7F59826AB30F8DD4DE4278C735DAAC39,0,-174464510,-1737022484,1453417399,317548881
fil1842071DEE797CB2881C86F63AD829E4,0,100243770,911830968,584166793,653719190
filF9190B3A888AAB51D0D2491A2F398BB0,0,199627677,2097931262,838049998,1046190379
fil4E5FFA7FD1CC9AB06C6C34DB0F8E7ACB,0,828855778,-457701423,-2056271788,-169281841
fil7DD6C216DA4C36071BB9BF0771D62708,0,930824608,-1754589341,-88476025,1821325458
filDBC23276ABC37B759DDF16484155DFD6,0,1675237402,-1665876021,1802396089,1660302845
filDF074390EDC032EFDC7A6AFD5E2A0816,0,-1868645911,990905002,938110457,1246945256
filF8106AE5989333802318F057C0BE97A5,0,-1367983215,61875081,84129634,-289156461
filBEA5F69672F66B6DF572AA535181B9E8,0,-1953266360,670681276,55398021,2085016583
fil619B95C0FDA57954FF1FB2B1F0EC5727,0,-1414954625,-2029052085,248112691,-728476427
fil914A4C2299ABC5F780DB337CDEA7BE54,0,828855778,-457701423,-2056271788,-169281841
fil1F7BC32A625C7AD1EB2528196AC120BA,0,-1551107250,-378524152,500239625,35026676
fil3A2C1DAF6F6E6883ABBE2DFE79AFB881,0,-1653290235,-2009067378,541046500,323963153
fil2D78B5F418B7923490F5BC3F8D052C47,0,1478350293,-93200279,-811496542,1980514151
filBD7CC0BB5263269C9C870DE49DCF5ED6,0,-528824595,1442202363,1229945437,-1472337848
fil4B2379DC68DAE3ABB02C2C658B8AD6C6,0,828855778,-457701423,-2056271788,-169281841
fil00215A1E527EB688C26E1892B0B196AC,0,1842862870,-344344705,-1963144444,-747087628
filED54E52F9C0D38626F07F07A2CEB37EC,0,1994480331,-109713098,-170036801,1965053116
fil9FAA2A044379DFCD1BB2FF8EF99BD401,0,-1783287412,-49453256,906827330,1955633341
filD6464E1D2086DE93C990A4BB769CF7D6,0,-1318460570,1238359370,258776450,2112823009
filE2C4B7801399F7244733D00330CF3BD9,0,-759287047,-767417135,498403093,-678578142
fil97F95B14C807A610AEB0E785F18FE12F,0,1032246992,1976971945,218591026,-1475906121
filAFA9AA87DA17941A8F45784C706BC321,0,828855778,-457701423,-2056271788,-169281841
fil3BCAB5DE7BF620FBB4EA8140E16EC6A9,0,-1993939637,943750802,2045185093,2104939216
fil22AD4156EF5FE1DEFCD0679FC2F0484F,0,2046197672,501740450,2074509713,739394165
fil3011B3C6677D96F6531F7502D3EC2C0C,0,1695098678,853699521,2126122658,1096572973
filC3B8216469714884DC0C20639C105B0C,0,1763741548,-1680818666,-2110957534,-1944718530
fil489187422234AF29658F7FBDE8B91CF9,0,828855778,-457701423,-2056271788,-169281841
fil1A9AF7B3C63A54EDCEAEE6F5600FCC46,0,-1940911642,1629846191,-329200343,-55741996
filAEBB2E5B5E6B578021F66FBE0A5F8A43,0,1919158368,1279640695,863885804,-890213952
fil006FB1C869377E87739CADD2D7F7514E,0,-1783287412,-49453256,906827330,1955633341
filF3389128343F3BF2F305723CAC83B302,0,-1318460570,1238359370,258776450,2112823009
filF448442EA22B30435D64564355D49659,0,-759287047,-767417135,498403093,-678578142
fil434D7F7C55531B7EA194F5A187959392,0,1032246992,1976971945,218591026,-1475906121
filCED73CBAF3A4E93CAF6CA56EBB998D62,0,828855778,-457701423,-2056271788,-169281841
fil08AA2DF596433191B0D66B2FA6458527,0,-1993939637,943750802,2045185093,2104939216
filA3E97FA2450C4433C6B2C2D864E7E14F,0,2046197672,501740450,2074509713,739394165
fil47A4E1E03EA5AF14145280C0E0054283,0,1695098678,853699521,2126122658,1096572973
filADE89D85A2D4E267E9F3039EB56452B9,0,1763741548,-1680818666,-2110957534,-1944718530
filAD90F6A55095DD828FE9DF6682C22A94,0,828855778,-457701423,-2056271788,-169281841
fil824596835069E0C258EF1C43FC8C9CF4,0,-1940911642,1629846191,-329200343,-55741996
filA7B8DB2286270E0BE6A83470ACF8CBD6,0,1918137942,1224803432,611547548,1078180456
fil4262EED1B3104B8A665C088EA106546A,0,397760468,-2117739656,749532704,-272849991
fil74ABF29D2DB8B9AB33C673267A340C7C,0,-1342626291,1999957995,665130265,-1657308696
fil95B23F1FCB0134F8748DC4AB300D5421,0,-723132681,-1373115114,401410187,-319677732
fil9BD58D02DFC56AAF8DA0040189C8EAB6,0,-1364683549,1916788141,1991714971,561426230
fil795DBD6193FE23DD03536DB32479BA71,0,828855778,-457701423,-2056271788,-169281841
fil96B19936086EE845C89A69DC44B2E9C1,0,2056036543,234569226,-1200564761,596477510
fil619ABB15E138ECD13718E11F2A2B5875,0,-801503951,1418948176,-1272853904,-812077508
fil8A46218914856FBFEBFCB3AABFB66016,0,-1135560659,880928708,-1788192513,-406028002
fil9C51002998F93ADC4AE8E93153DC8331,0,-1224918283,-2017820445,23557989,-586465628
fil96D708A9AE66F951C928608792D75883,0,828855778,-457701423,-2056271788,-169281841
fil28A22686A798071F7E753462E61F3321,0,-1087959193,1035244037,-1302765527,-1176257984
fil91718F51AA935AFC7B755B3165D8FF6C,0,1918137942,1224803432,611547548,1078180456
fil5580C40938619475291DE10225B5EA5C,0,397760468,-2117739656,749532704,-272849991
fil2AB90D33C23D70FF17094BA921D609E8,0,1829507320,297176920,1835361676,1649019644
fil81CD64541CB41B17DE033984CDBA303A,0,-1429351553,-1331661638,2054176239,2095007109
fil6FC73B80FE0AB4D37B47D3F9BD4F6595,0,-107037869,-924057678,742595330,-854476604
fil39BE9712CE3DA34C12362B03518A6EB9,0,828855778,-457701423,-2056271788,-169281841
fil1AF89D3E8BBE651A54E88D5E0A69F9FB,0,2056036543,234569226,-1200564761,596477510
fil16480E3523D498CBE64E0EC89737B43C,0,245441606,-190923960,-1069955843,-1076547835
fil2544B379E825AB982ED5D39365EC959D,0,-1135560659,880928708,-1788192513,-406028002
fil5C1EE6B52204D147332ED3007BDD7202,0,-1224918283,-2017820445,23557989,-586465628
filF3B87AD7BF6C6F8091FC61B8DD9BA816,0,828855778,-457701423,-2056271788,-169281841
filC63309E727FFAEF24B33424CA9AC76C2,0,-1087959193,1035244037,-1302765527,-1176257984
filB9A3FA71699A692C9C08D1CC102C2027,0,1918137942,1224803432,611547548,1078180456
filB0BCD1AFA788634B9ECBFABB20580E31,0,-1783287412,-49453256,906827330,1955633341
filB1475AD52B4CBE17653208E3E5DD06DF,0,-688108867,580753429,-1183890099,-2111238163
fil8B918E1939897F865F955B52942A9181,0,1693370220,-1075255287,540780498,-1539292792
filD48454EB9EEFE7B35C4755E892CE9B7A,0,1643947278,401964880,1097188578,-1996894521
fil884F50B8574EF67E72A7CE6B2F8C356F,0,828855778,-457701423,-2056271788,-169281841
filE1477ECA242D34D5959E28564419FEA2,0,-1993939637,943750802,2045185093,2104939216
filBC1A7B016A57DD0CECE9323BA51692FE,0,957049761,1468109192,-1270747779,453761180
filC57A21E6B8F85C0932BB4AA727D48EFF,0,643133086,-2084414616,343170214,-992378432
filE24F3A974B5E7FF0DB4506B220C04A3A,0,-266712392,1321170494,-78630767,-1717741885
fil92E54524313BE504B23186A65F3CD860,0,828855778,-457701423,-2056271788,-169281841
fil216899415AF134D4A6235728724EE062,0,-860248957,-1577914228,965988165,652833942
filF86E31DB729EEF9ACAAF6CFAE65A8E18,0,943901380,-2111587936,-1705980915,-1685818001
filE8AABE80D8DD4EAA86A6E1A8BF875B15,0,-2004644190,-2106224401,-1695452234,-698842672
filE9245C0195E1F71408118469DB568C9A,0,-945101066,174940943,1928409597,288029430
filACFC3F358AA05A98AC1C0E312E6903E4,0,1675237402,-1665876021,1802396089,1660302845
fil49FC3D90DC55FF7A4C537B99E1A67239,0,-716260864,447281125,-1383346696,2131935606
filA91AC9A42C8BE996438B639D9EA825C3,0,828855778,-457701423,-2056271788,-169281841
fil7BF5BBC730F93E2F4B153BA5657E1B4D,0,-873698723,-546923591,601556177,-1194533398
fil59601BD5EF51C4062C7A5F9F9CC14BDA,0,957049761,1468109192,-1270747779,453761180
filE69F15EEA82BFDE77BF9218C75952D3F,0,197855551,564571579,2011211184,-85811303
filDC8D909AF8A602D31422DC69CE373F3E,0,-1190047773,-1892896211,-567323577,-159411295
fil60E8CD9B61A5C565FEE01C22144B9515,0,828855778,-457701423,-2056271788,-169281841
fil1391E1CC1FF89188E5E9082461900621,0,1400543569,-240864020,1068930452,-1245879237
fil4369CFE123C41C1C5CFF3E2C2B29E946,0,-1153073801,-732897348,180830876,-17453865
filC1F1F91D467AF5CCA6E905FD5ECFDF98,0,-653307273,-10057769,-458152416,1839940392
fil7BB90479F49AC4ABFFE8FF6C6F0DD259,0,2135602330,-1451334039,81393955,334369113
fil1DB7FEEC68F8158A9B5A555F62DFB5D9,0,2134249497,216426239,952558466,-1514741369
fil3DE54245C520F0941B265225682FF0C8,0,440171528,-1922668893,1493094776,-1767865049
filFDB987ABB5D6383E9C25922F37830E24,0,1919158368,1279640695,863885804,-890213952
fil77CFC944D04F645BB4D4900FBFD03353,0,-1127967718,-606175961,-1473142694,-1943118938
fil891A6F3BB30C9AB73CBECDEBBD8A00FA,0,828855778,-457701423,-2056271788,-169281841
filD442EF2972C71AE264E3F78E0F341534,0,-956763058,-502895294,1173178593,538278419
fil417195E3F5852CD448931A144B252915,0,2127088620,-18719669,-644927448,-205871118
fil01034B4E8BAA4AEC3CCF5F35EA2FF892,0,393148524,430596881,2036651177,-305460648
fil68EBF599D2FFFAC1979040D0D1C775F6,0,788864941,770109316,1682691104,1990122375
fil70924CD2110172CCE590BA5ED02D12D8,0,828855778,-457701423,-2056271788,-169281841
fil925DEC34717601FE685C0F06172AE61B,0,-861094956,1791442370,-590237637,1212902946
fil3AE8783823ADA8C847042FA7D8AC7B1D,0,-480485218,886139579,1304778171,1793793158
fil9F375B814B3C022FA4472814F87E2C6E,0,-653307273,-10057769,-458152416,1839940392
filBE7686C323C356D1A8AD68568A70124C,0,1328962679,-203979668,-2068716736,-515887151
filF3A8C9FBFECCE11B99DC7ACE5C6348E4,0,643293384,1095249319,-312907141,-1463158995
filB53E3846B5E0AB87327A13FFAB53E422,0,-2002262634,-1046640077,2049385046,1815162578
fil8BF281A0AED10C9142A6F98FB3F49452,0,-133092531,29330490,1155353189,-422959449
filD09F65856C2370673F2F974BF33F9091,0,828855778,-457701423,-2056271788,-169281841
fil910B968C13F33EE4295E3A18DB6DAFC7,0,614830083,900551945,-1533749473,-423247508
fil8073C2AC3E6AEC73FAD65BE0CC03140D,0,-801503951,1418948176,-1272853904,-812077508
filAEFD0AB2E5BB62616C7AA86723E3B5F8,0,-829788224,-815211052,-566405206,-70658658
fil67934DD4E80CDB2A54D4BD0209A786E0,0,428885256,1400789260,-1653694613,1565746972
filCF0FA3A13E7F67448D375326BE1A436C,0,828855778,-457701423,-2056271788,-169281841
fil30B7C2B1E7777B5321F84454989B3180,0,-629747284,-1631170769,1584560339,1126381468
fil80FB9B9AB9CE1B07D21F54EFB000DFAC,0,1276286120,-943335994,218562074,1644682845
fil4908134404CD05B7634102482683300F,0,-653307273,-10057769,-458152416,1839940392
filF02A0E67436D188537154B5BEAA14A0B,0,1328962679,-203979668,-2068716736,-515887151
fil4DC339F6781FAEFC58EA6F9648DD408F,0,-1456094261,609123464,-881708748,-286193732
filB7829F1565132181C006947C6EC97C65,0,-1921900856,1664044189,-1988163985,746984652
filE29EB41A09B6D4BD1297B55352BD3EA4,0,458023113,1224713012,-770213854,-258924605
fil04BC1FEFA539C16A91A309D4632F0586,0,828855778,-457701423,-2056271788,-169281841
fil80E3EFC779526E67ECE3ADAB6394BBF6,0,-1152440009,1180793221,1211741878,2071654548
fil1BAF17D871F63AEB010E7C73B1AF4AB2,0,-308896092,-7231585,-1167908853,-1289468263
fil4A1F934707843A893C50D0ACE76B8E21,0,-2128311669,1772807689,-1233203412,760648329
fil0604599A44C6FA17232001E9937800AF,0,-1102945440,10978680,1702119840,2022092495
fil2568C718C418B6B7CD0EC7996ACF4ABA,0,828855778,-457701423,-2056271788,-169281841
fil8BABBE723EECB9C3FEE9675E70162716,0,306682523,2086607713,585851383,1850720322
fil5880C1916735D75AB8BBECFA845CB12A,0,1385414666,-610833132,1064481,1704392852
filB481E4B7C5CA80D4611F0CEB9812FF11,0,1068573519,-1220860564,-932381259,268900536
filC2A6127B4109FDA8B09FF779AF2D27CE,0,-1906462064,752728591,38817869,-102164938
filFBF441BB2843AE330297F96FE72DD2AE,0,814595625,-788582663,1269906713,-274648398
fil76B8ADB3DB7ACBF106ECEBA0FEE91586,0,1112029855,1840932918,-611564019,-1344021642
fil2E42DAA45FAE82BC269998E1D6B65DEF,0,1152524645,-6683500,-1760633783,1406801693
fil1F9DF9AEF014838477337B870D3D8A80,0,1547421235,194141246,808694168,1916087234
filABE4C7973EE8E5BB640B22238D39DAB6,0,-1521951037,203552955,374477775,1145684388
fil6EC7DFB8D63CC58DFCF3EF10A2923DE5,0,828855778,-457701423,-2056271788,-169281841
fil90C0E1E442CD09331BEC383D65A51EDD,0,1653590770,-1085689192,2054949634,1750277514
fil2B54E926423510F9DF1E7FACE73CD2EE,0,-1786116517,1434266692,1779872773,-1518455433
filA9696321928F9AEBE00390F496237BCF,0,100243770,911830968,584166793,653719190
fil510D7A492D133C0EAF00F715F6255E16,0,1832581967,-261750961,-2104624462,174816049
filF8E0F53477B680F82873660061DD3BCB,0,828855778,-457701423,-2056271788,-169281841
fil1D72C9748BE30BA9508BADAED3035E3D,0,1767942873,-1366481146,1313564812,747048762
fil1DE2977CF8BAB04B040191C95DF36828,0,1918137942,1224803432,611547548,1078180456
fil13F452B5335EB0F8825B548B3C768FFC,0,1112029855,1840932918,-611564019,-1344021642
fil538ECE331DF614325A2BF95FB920EA0F,0,575267794,1769236960,-2134354320,581723114
fil104EDBBCC6CEF7694E05DEDCA666690D,0,2068070723,-192161942,-346428457,1664984501
filC382533B6BD511D8F7514F01C6D941F9,0,-793196065,-1490793019,735904091,-1994643996
fil7CEE82806227DC1456868BEAA169F4DD,0,828855778,-457701423,-2056271788,-169281841
filBCF660E67712C4ACB6086ABBF45C73ED,0,1653590770,-1085689192,2054949634,1750277514
filA64034FF1CBDAD8C2D42090C64B1F958,0,592740317,431203474,946242118,-884512719
fil1926E5B8F525E3F0A0A67DE6F596827A,0,-470402428,-1123011272,-1657996055,1236008179
fil66CE579151A374F9A2DCE15398F84AE4,0,1282967140,-2101116533,-1715813828,845282952
filAC2165534D9E230F609BCF47DC1919A4,0,828855778,-457701423,-2056271788,-169281841
filD11ACA1696E44725DC019C427350F11B,0,702008765,1376812941,726693601,-773975384
fil53367CAB59BC31C84149132007C84A05,0,923533676,-797730313,1617367087,320205390
fil46153B8B2D295205153FB42CA390F20C,0,1112029855,1840932918,-611564019,-1344021642
filF1D40E0B3F68B65A75B3AA06926E70A4,0,-591879556,-1743519479,-1749061707,-120371479
filBB8666096D300A0E437F04ECB65121B2,0,-759287047,-767417135,498403093,-678578142
fil442AF2314324BB2E13E0F374DC7E5E43,0,-629462015,40081767,1209515655,-88016514
filD1FE8656F1981F967D52250CBF0DAA70,0,828855778,-457701423,-2056271788,-169281841
filFB9A1F86BF23C30384B7DBCA42A93ED3,0,1653590770,-1085689192,2054949634,1750277514
fil9028DADA6124B485FC29C50EB4A57B65,0,1496728804,-1146475220,-124266541,-1555729770
filFE9CC3FC410EC7CA0FB1D5F7B68B26A1,0,-470402428,-1123011272,-1657996055,1236008179
fil23BC920A0389CE4FB63357558DDD4A5A,0,1282967140,-2101116533,-1715813828,845282952
filEFE9DCF752E344B902CF2EC20738C91B,0,828855778,-457701423,-2056271788,-169281841
filEFB1C123863EDCF92F3F549D2CA2B258,0,702008765,1376812941,726693601,-773975384
fil4DFA1CB9865A2765255E1B1576454039,0,923533676,-797730313,1617367087,320205390
filAA1A6C07D368DB522B3157FF9B2F6F0D,0,1112029855,1840932918,-611564019,-1344021642
fil55CF30ADCA3A8B678A1E8E30A856734B,0,637519002,-126073800,1188728901,-45667465
fil00BAC6D17E8E2FC7A10933315E2AFBE5,0,-1235713468,985616011,1606914149,688677066
filD22C11B352B7892C6D61B2258F593C0D,0,917838589,1842387579,1616174488,-2143345611
filDA2505394A62CC9F15906F1B695E94B8,0,828855778,-457701423,-2056271788,-169281841
fil5FEDDF849DCFD2C2B99804CDE8CF16DD,0,1653590770,-1085689192,2054949634,1750277514
filF872D3FF3A49984A64E788854A629B4B,0,375891644,321768121,-427048284,2003249051
fil4150A4DE80F23DE7AAF2729445552B11,0,100243770,911830968,584166793,653719190
fil72240EA7CB2C2F24F288A8CEAD5FEFC1,0,1832581967,-261750961,-2104624462,174816049
fil601164319B886EE3856EFB16701219AC,0,828855778,-457701423,-2056271788,-169281841
fil6E712A0EED3B40A4A9782E174C29E7FD,0,1767942873,-1366481146,1313564812,747048762
fil16ABBF37762006F0F71CAE50D429450C,0,1918137942,1224803432,611547548,1078180456
fil60BC16931C213F53FFFA182683AE747F,0,1112029855,1840932918,-611564019,-1344021642
filEBB075B271AEC8FB64D95D839BE1811D,0,1152524645,-6683500,-1760633783,1406801693
fil1E126EAB9CCD4A518D3C6B6ED41CCD6A,0,1547421235,194141246,808694168,1916087234
fil4CEA731EB7033D9DDD50140B096CD5CD,0,-1521951037,203552955,374477775,1145684388
filB2C9D1E1A691E068D06047AC5DDC09E2,0,828855778,-457701423,-2056271788,-169281841
fil4BAAC1D8BFCAED1F2170F2B86CCBB2EC,0,1653590770,-1085689192,2054949634,1750277514
filC62E174FF585A8311D4B9FBD31C512B2,0,-1786116517,1434266692,1779872773,-1518455433
fil2CC7DDACA0720E1498D37E129C92E2CF,0,-470402428,-1123011272,-1657996055,1236008179
fil48430E817574B70D1F4828197EAACBA6,0,1282967140,-2101116533,-1715813828,845282952
fil8B35D6445109AC19A636941CA02DFE14,0,828855778,-457701423,-2056271788,-169281841
filA374C469E4653C80048DD539F39230C0,0,702008765,1376812941,726693601,-773975384
fil0452D3E72DFA0164D55E0A6368688F15,0,535091992,-508512453,-1986958308,90907358
fil89060D1AA2A19BAE19CBE64A4225C6EC,0,1112029855,1840932918,-611564019,-1344021642
filB0785C77A995FB6BA825AECEC4B76BDD,0,-591879556,-1743519479,-1749061707,-120371479
fil8F4CBE0894FD5CC3242E3DBFD5697473,0,-759287047,-767417135,498403093,-678578142
filCA847B571E8397B4215D106CC1E3CF7F,0,-629462015,40081767,1209515655,-88016514
fil83DD80B5221F58AF6EA9842F09E0827C,0,828855778,-457701423,-2056271788,-169281841
fil3B6EBBF9012348D5B16D3150B918ED1B,0,1653590770,-1085689192,2054949634,1750277514
fil00641E3BF08ADF854CD44EE6B468C2F0,0,1496728804,-1146475220,-124266541,-1555729770
filD130B1FFA975623E2049806001CD214B,0,-470402428,-1123011272,-1657996055,1236008179
filCB977CA5C0FB33A057790D483C6F3E29,0,1282967140,-2101116533,-1715813828,845282952
filC487908E409914E730B5D60A512AC169,0,828855778,-457701423,-2056271788,-169281841
fil536A38C8E850464D6AC0B81ADE67B264,0,702008765,1376812941,726693601,-773975384
filB2165114E3F8B696578EF38B7D09FF59,0,923533676,-797730313,1617367087,320205390
fil159CA481ADFC313050B892D437DD0FBF,0,1695098678,853699521,2126122658,1096572973
filDBB62BBD1D368EE7928FC9A0D22FF118,0,850377190,1437978813,-1237435399,24280159
fil87C3BE00CF2D1DC79E081DAC7FE3671E,0,-759287047,-767417135,498403093,-678578142
fil34FC05D12BA5232F0F2DD8E4F3BA931B,0,-1337470820,1250661392,-674162583,-1444638871
fil46C79BC3394A5105BDB1A0C2DDD9AE6D,0,828855778,-457701423,-2056271788,-169281841
filE840800B22D8F3F369D2547FE12F077B,0,-1217007995,-531033917,783994552,95146034
filB6181995A0AFF43668AE4D7F997BF139,0,759373344,370542774,-1962606033,-1988807837
fil79AF4C0638DAD0D17C7761A1281A3B29,0,1695098678,853699521,2126122658,1096572973
fil591F5F7FC1D6B5011CDDABCAB0B13783,0,1803109239,-2054529059,-1896863942,1915229088
filAD03DB6964ABBD92D9AB0B1779D45EEA,0,828855778,-457701423,-2056271788,-169281841
fil08543BC5933EE937901E726B2C9CCE9B,0,-1217007995,-531033917,783994552,95146034
fil26D77E32599747DFBA999813F8E14E51,0,1919158368,1279640695,863885804,-890213952
filCF0A64DCABA2F3BF05D8CE0E1C0D0DD3,0,1695098678,853699521,2126122658,1096572973
fil38AC6111E7EECFC324DDF2CCC7E33BAB,0,33223879,1524284193,-1531735480,780499815
fil9A219E8206C3F4577F45046D6AFA9899,0,-378219004,1609323165,1630985010,-343552586
fil9F3A036B04A8D91F560FC56B78AE6597,0,-503583100,1370383546,-1208820062,-1171734587
fil4984B3F61FEC39F64B3862C883251F5E,0,828855778,-457701423,-2056271788,-169281841
fil0F727BD14D14EFA0B02AC530104F46E7,0,-1217007995,-531033917,783994552,95146034
fil8C33DD0F854799A44BADA962E0C736C8,0,-1225048198,-2017643993,-1899463822,1799251440
fil01ECDA73373F0B271B761A651F447301,0,1695098678,853699521,2126122658,1096572973
fil08E9173B7DAE988CEB27B4D930CF38EC,0,1803109239,-2054529059,-1896863942,1915229088
fil031B9928A82AC2D5833128A9052D6EC4,0,828855778,-457701423,-2056271788,-169281841
filCB8ABF91A724ABD0352B86C0362C1C83,0,-1217007995,-531033917,783994552,95146034
fil27D860D2BB4AA5DDF7968F3932302457,0,1919158368,1279640695,863885804,-890213952
fil47CCA9BC7E0CABA503997C38C08D84AE,0,-1135560659,880928708,-1788192513,-406028002
fil0B08D7C9B41B7BB2F26F273D2AE4B994,0,-362097635,667567961,-178524450,-479083325
filBE328774E10D1F7A663E8CA94E9E34A8,0,1918137942,1224803432,611547548,1078180456
fil34AD1A27F7429A2D82FACA13F7013778,0,-1044631336,1089997040,-1407451194,-856304527
filF41397DED79EA771C1712B5F1FF82454,0,828855778,-457701423,-2056271788,-169281841
filCD57A4D8E36971F54AEAB5B686A7EE4C,0,-679284268,799401900,1294392078,1594052542
filE81DD0C8DE15A42618D6E1A36AEBB05B,0,-349394199,430516443,1661552355,1774323717
filC8E15DEFBDE5E670711AB73D765C96BA,0,-1135560659,880928708,-1788192513,-406028002
filCF04C6FC93C1E41AFDEC8106BCF9D742,0,-652119172,2143057147,610257980,601282849
filB8896FA30C4461BEA979FEBDCC2607AC,0,828855778,-457701423,-2056271788,-169281841
fil7321F4D8862643CF5DE587BAB7AC1618,0,-679284268,799401900,1294392078,1594052542
fil4DB4E29E5FD86E1BCA46BB0DAC02D5D0,0,1918137942,1224803432,611547548,1078180456
filAC946B23590517556FC37B9ED22C57A5,0,-1135560659,880928708,-1788192513,-406028002
fil740CE34D253B5B3D4E0F3858E3086B0F,0,-1018541564,1914802508,-2001208236,2129096733
filE92E40CCE1E44DC3AA0E913034FC4B30,0,923533676,-797730313,1617367087,320205390
fil15AFF857712EE9D13098A7DFFDCF6713,0,-200648874,1316490241,1195464556,667120318
fil7A108082A8F57228EB256C4E58DFCE8B,0,828855778,-457701423,-2056271788,-169281841
fil9158D92BC32F49DCFB83B7F348A99601,0,-679284268,799401900,1294392078,1594052542
fil1CBC809F1D88D85CDE88AB5D16D9ABDA,0,-235071926,-679183669,504157258,1418211059
fil33A10876D18CF9CAE7A8B374937B6BEF,0,-1135560659,880928708,-1788192513,-406028002
filF89CA7316754BD5CF06081C27300059C,0,-652119172,2143057147,610257980,601282849
fil21E942FBBEE27DD452385FE73EA3B465,0,828855778,-457701423,-2056271788,-169281841
filC33FDFD54915122A2B8AA5B59A7C8598,0,-679284268,799401900,1294392078,1594052542
filB3056D103EAA7C317134435B10953CE3,0,1918137942,1224803432,611547548,1078180456
fil2B37E53206604BC4DCD4FF7616321EC6,0,643133086,-2084414616,343170214,-992378432
fil0C6154CAA304EF878637ECE619C459CD,0,-1356314843,-1070924390,-1345877258,1051910738
filA45E64AE25E9AF28766A617A7119309E,0,-1482361369,-1925684065,-746459148,442612670
filC66426FD5FC6A2F5EF6FE1B2839F224A,0,565537193,-1792071024,-661669531,1332939420
filB1289C2A7CD002DE02A631E0C32B51D6,0,828855778,-457701423,-2056271788,-169281841
fil9A3B4FAFDCEEE424D007E2B62BD7AB4D,0,-2085321362,245086297,-804556457,-60362663
fil5A81818D9C6874DADB54A85344BE5D3C,0,-2002262634,-1046640077,2049385046,1815162578
filB871CAAB7A9A12E763DF72405CEAEBA3,0,643133086,-2084414616,343170214,-992378432
fil7AAC4A2B0D14B358320776525C78C380,0,-2109492870,-388825051,1285337830,2077765893
fil235398B11F5BCAB671AD5F40EDB2276D,0,828855778,-457701423,-2056271788,-169281841
fil7F5B326566997C90496EBBD70B64F774,0,-2085321362,245086297,-804556457,-60362663
fil569960975FD31BD7CC337A6220B2A057,0,2061861632,417173029,-1345107527,721185983
fil5B2585732C9ADC3DE823B6432FF00CC1,0,197855551,564571579,2011211184,-85811303
fil868ED0DF8947EB5E80DC23D02896B461,0,-854792892,-774234839,-1828159518,871166123
filD3C37AE0F60A18D2EB68D1BAD1C6790F,0,1547421235,194141246,808694168,1916087234
fil85B7CC5EF4E37E6EE4B16AF38007C6AD,0,843162082,1851905009,1873870208,-993823408
fil08699F7920AD0E00CBDFE616D455FB48,0,828855778,-457701423,-2056271788,-169281841
fil8D3E0CD9FD9B6E7749C96473BBD06248,0,202228086,-1518988768,-1760556354,1880420558
fil56F8F84E7DEC7F5BE38E99E6BEA268AF,0,-1786116517,1434266692,1779872773,-1518455433
filC38D2EA47683C67792853FEBA8B6C0AE,0,197855551,564571579,2011211184,-85811303
fil232D6A2F31A1DA2C8527FC8FE3A0824A,0,-1088543283,-589831007,1954272823,-437863112
fil11279BFE5B87EA8E1BB1D0FBA8BCE560,0,828855778,-457701423,-2056271788,-169281841
fil42234BFF31752C93198A6B93620DE7C9,0,202228086,-1518988768,-1760556354,1880420558
fil686418A2B5397C5C53E18B39D18F5C52,0,-238481909,-1045223220,1841546909,-856204595
filBB07F01FE36AD25C8347FC7405797C14,0,643133086,-2084414616,343170214,-992378432
fil0ED8C40DC45AC8C78667CB52BF7F7A6A,0,635926068,1270799586,-1253121550,464121913
filF0910990C6FDE40A90A32703424A894E,0,1918137942,1224803432,611547548,1078180456
filC1ACE5B955094BF6C067B43F1F33E99A,0,556786137,2132078996,-2102711888,1216440578
fil01E22735282EE0A05ED424C929FA2156,0,828855778,-457701423,-2056271788,-169281841
filE3C36CAEC0D9000C9BA142DC1FFD5A8C,0,-2085321362,245086297,-804556457,-60362663
filBEA018C9A7D9C0F39CCAEC49C9B69EE2,0,-349394199,430516443,1661552355,1774323717
fil34CCFA52FC7719825BA69A92ADF6BB94,0,643133086,-2084414616,343170214,-992378432
filBC156257ECED2F5E0EC44CDC38010112,0,-2109492870,-388825051,1285337830,2077765893
filF5C87C3078F6480BFC828BB9AE38B09C,0,828855778,-457701423,-2056271788,-169281841
fil2669777D3629613B8D4C9AA6752A92D3,0,-2085321362,245086297,-804556457,-60362663
fil6DFAB5C440827D480810FB593172F354,0,1276286120,-943335994,218562074,1644682845
fil9A010C3C96433643991E4CA92B6F6F88,0,107473858,2123729195,645377732,-1205185927
fil8687B92905C0DCD44607CB0DDE34BB8D,0,-54727639,2099192400,1610765671,-1057441054
fil514FF1504B85E6D74BF0FD30D6A9E09E,0,-1953266360,670681276,55398021,2085016583
fil5A661A34C1B0E090D1BBCB87EDCD7719,0,-634203953,-2127427810,814942779,97500864
fil77456090ADB35197E622EDCF839F4CFB,0,828855778,-457701423,-2056271788,-169281841
filCE8EFEB1E9AA5B24267D46A8B092D816,0,-1726258372,129239861,-1434438505,1313881638
fil38B500BFA4AE6CA053BBCF99B00F943D,0,-1019696768,664307505,260506947,1899162764
fil1D59B502D6C2F5C484061D687336DD75,0,107473858,2123729195,645377732,-1205185927
fil87B077BDA5BA835DD7BDD9C5CDC81C42,0,81587295,-260319047,-1437620998,-1066050369
filA24FD0FE826553E33CCEC717325F22D1,0,828855778,-457701423,-2056271788,-169281841
filC5989FAC48320497B9F44BF2B7CF6B43,0,-1726258372,129239861,-1434438505,1313881638
fil4A567F8195640CD282F3024E725EE415,0,2068070723,-192161942,-346428457,1664984501
fil4F0215D7AF235C4C1127872D58BA1787,0,-653307273,-10057769,-458152416,1839940392
fil0291C2D4AF3C953E59457C71DD6DF854,0,-2050554349,-1023486188,-773795354,1724175781
fil5842FD0C5FACBBA70AFF9AB4A0035A52,0,1314455139,1857020418,-586521053,274309746
fil4EF1AD20573FD6804B88621B1439B758,0,545760179,2142948648,-1303191041,-1541025333
filBB8646F1372F0BB49A692BD03C09E115,0,923533676,-797730313,1617367087,320205390
filA0F0A119FC403587B7AE7713C23682D8,0,-694916534,-146669060,-319111151,-323686228
fil406D617040DDFD775C81843995176A73,0,828855778,-457701423,-2056271788,-169281841
filE5E485458B2B0B0CAAC39E9F25C006D4,0,914153739,1617063810,722651764,124449861
filA78E2B018821C4743E4AE1E729F9AAEC,0,1531126146,-1256986164,-366814014,-1872376842
filC2EC4C84E56F617A473E37FD1CE7D666,0,866017658,-2103355061,1593505631,-1914815640
filEDCF756429E9A53463DC9145E355BF7D,0,1226308436,1901061970,-353884252,-1114073368
fil6A824B9AC6A1995EB7ACDED78146F2F8,0,828855778,-457701423,-2056271788,-169281841
filB311E430CB91080AB2F4686BF8EF4C1B,0,-1794351599,548843865,1231387738,-976216834
fil8C4E54E25F39B2A629A8750A721536A7,0,-1575198999,-1439101315,1633348355,789767196
filC13581442CE1B211AE688B42A3898BF9,0,-173634187,1073771449,-1159078619,-801739868
fil6FA2FEB9C1C678A5B0E67972C40039D9,0,-653307273,-10057769,-458152416,1839940392
filD74E9C1183BAC590B999E5737ED3D54D,0,-961371620,-1862712275,-1703384843,-441308975
fil13083AD876598FDBD4F53389FFE582F8,0,719532430,-207137449,-1263624959,-243817538
filDCBB3812C7C1647F9F4D7DCBE01E9155,0,-480485218,886139579,1304778171,1793793158
filB87AC9615363EAA014DF421EB1C9E0C6,0,-1019191766,518246976,-1059467881,-1779524392
filDC09DB55458FBC4FAB113A3AE71D288E,0,828855778,-457701423,-2056271788,-169281841
fil99E5A3BCD60A3083465C2C09A674514C,0,924096071,-1442015632,1255508662,-920718648
fil120F764689119D01374C6B48C75AA045,0,1995630032,625243477,1689164657,-831711052
filE32320CFC89DAC1DEE6D188B2193AC5F,0,-1003400729,-1154795078,-940909556,-5802622
filB27FF30DB90A15BA747312BB6313F787,0,-274978871,-35994401,-1131041156,-1702218374
filAC0440C334DF5E4E428A54051AB5DEC9,0,828855778,-457701423,-2056271788,-169281841
filE977B072D15AD531CAC920D1C8CFF45F,0,267180528,1976840285,-928688890,300192834
filDF954144C4C8EB53DE9D73D0AC8DFD28,0,-303512860,-903203156,1412829879,842327993
filE933388C1A30BAC1D5EAC802EC34C0F9,0,-653307273,-10057769,-458152416,1839940392
fil918D3E188DBF2C1D336FBE6B72126A69,0,-2094528058,-498250524,-55429407,-1804778140
fil4EF1D727D5CB9C913820A15AEC287E9B,0,2117680487,24762638,-1724311793,2060381591
filD668EA05A2AD9D165D7C0099588BE138,0,-483634489,-1596597159,585882347,-1989455965
filA30EC661F664311D597B575D5118B749,0,-470673402,-123341725,28504071,-898004456
fil2F8D74BEBE515CDF33CE316E174DAB61,0,828855778,-457701423,-2056271788,-169281841
fil4DE3492D1B7E149F3EC6815CEFF4C4D3,0,-332295825,-1947938242,-1562525293,-380589508
fil2DB57638E648B42A9245266A9B428C15,0,1971134472,1666615853,-1744973464,-1557195594
fil621D7DF8713D1B8EF04A3A1E4DBD26A3,0,-550494271,1938707247,596083119,626439038
fil740960B1246B7196A21A506E44954BC7,0,2000866667,-1841321275,-1971351968,787915259
fil700A13548BD5E0FCEE1DFD783738D3F8,0,828855778,-457701423,-2056271788,-169281841
filFAE864CF01B22BE34C1C45BAF62C8887,0,862580436,1930532881,-382430513,-2014640092
filEA61BCAA6DFB23C44EBAB57C71C09D45,0,-480485218,886139579,1304778171,1793793158
fil6999EC0FDC94619860D8DCFB44AA4502,0,-1657831976,500084619,1727844597,-1872171560
filB3A207662E82E817CC944EE676F52B16,0,-1572364163,-1039405984,154319744,339932500
fil73280BBA7745C21DF4CA5A97A0569674,0,-1116759716,-1033589300,862848418,643182231
fil04D9073F54C5356FDD0D1055A71C3D98,0,-689123675,-1713712515,1038103114,1272182334
fil219D553A357F5D5835A3B6F457C4E330,0,-588824018,1112467703,-164890450,-1581243959
filAED5B2E26F9CF6DA4F8F04699B316AA7,0,1414558630,-1471068797,-1392307161,969244391
fil8B3275D18D370EA8DB8664B5F00D3DFE,0,1336526784,85057429,455760131,1149082498
fil5C81ABAC066F89822BC159076A164145,0,1192207450,-1280351119,731051875,300830482
fil8D9D9A04C7B45180B49E6ED5B54518BA,0,533274848,-1913141729,609004871,-571951578
filB0DE2A3EA0263FE0E88B61EA123BEA54,0,-562636554,-1058164428,798779009,29044845
fil4BB2AEB57A2462AD80E9876C173E4DEE,0,-981208953,774531045,-2054543133,-105352958
filA4E46EAE6E8C22D8CC023282FF195B10,0,-1874021584,-1957771072,-2002256977,-1779418064
fil8A909AB2B178A315AF5CBE8F5297CD59,0,1027535066,-1291645703,1749530364,2015783702
fil955D3BA97B350BAB7B88F4DDD497D9DD,0,-1874021584,-1957771072,-2002256977,-1779418064
fil2AE45DF531066655247DABFB4F47C19B,0,770563655,1186290655,-1984985854,-541186791
fil358159DB01167498708BD19DDA6251FB,0,-573780186,-370992359,727937303,-2074991298
fil1DFCE1EFD19EAD76B82C6559B048E70A,0,-1272539085,-2144385732,-1718916556,1977021082
fil2CC330D0EF623CB8C491B8963CEB956F,0,-345108988,1200593401,-945156784,-2064097326
fil2900D0920F30FE30D909C65914A62FD8,0,477432460,-1299853719,-1712283338,-817696224
fil3C8EC2E64E3E024C1141283631FDB34F,0,743824610,466989996,873750075,-1085661127
fil39E3731ED3F19EFC6F5AA95C71A47274,0,1118901515,-2083887407,1035125251,930522739
filF5306FD0BF8FF267A7EA5F994654C777,0,743824610,466989996,873750075,-1085661127
fil76B6C515AA77AE2D632EC5658A1C1FBF,0,1118901515,-2083887407,1035125251,930522739
filE670592C0A166DB868AC385C49CC00D2,0,-2002771288,2126158373,147402751,-1502995219
fil95B74407B488F1A7B2FE6305DBDFD884,0,132390317,-1190438279,-818285577,-1836085276
filD06253F0543A51FAADA05D39276ACFE4,0,-1201716539,1818181465,2143930915,-951580841
fil5EDF04AC7F4BEE3902541CB2D2141766,0,-1485951431,-759578188,-315736582,-958117309
fil9047350426BBA01843389156BE4D5649,0,-1201716539,1818181465,2143930915,-951580841
fil93EF414B216879F571BF2D1889BF2258,0,-1485951431,-759578188,-315736582,-958117309
fil59C83DACF174986FB11B04310C4FBE3C,0,516377054,1265375474,1886962975,771194176
filE4C57154B3439BE777793CC64C3D3E9B,0,-1485951431,-759578188,-315736582,-958117309
filCCE2FFB4F787C536C601408B4D248F5C,0,1159698417,806513458,334210348,51403737
fil27357AA47C0F6AF72B668624E21A5402,0,-1355993235,1669805178,2083189267,1372493794
filFCA3BA248BC1733D0EBBC99D54A3E7E2,0,141652065,294589311,-1704835490,-997635438
fil7598DE21195323A1B879B5198268D54A,0,-949301999,-1841144199,-1153648182,1518663813
filFAAFE482489C53503568C2B7C9A2A8D9,0,1069432522,2035274505,-238550905,991240560
fil68720DC8A188F1913225C2D256647C9D,0,-2021248048,-1122090718,1485536554,-882799950
fil2EC33F102F7493D447DC3835285B2F49,0,-825067406,-1603694811,-1493143780,-1165872490
filF15AEBC86F1FB8592E6394C60BC9CA20,0,1932531691,915870594,1268710632,-436450350
fil715914D8445635C9816B31D2A6ECB140,0,1983947846,1291112792,1273000713,177938096
filC44ACA0799ADDCC1FEFCFB67569E90F7,0,1663912341,151234403,479843381,17090841
filD5A13A4B4867188E168CA57016CDCD53,0,-1453943187,1576529843,-1438889640,-1209303433
filF3AA7DA9FC0C0AF13B68801817B88AA6,0,-718039345,-339661890,-1512528700,1524512737
fil8C27A381DE28D8AA27991D492894807E,0,377489005,2016952969,733821493,-1041230327
filB62EADFC2C5552886D27FBCFA8848046,0,-1453943187,1576529843,-1438889640,-1209303433
filF3EDE0E4EFD3DE9A6FBCCFD116C0FEEB,0,1010272965,628794937,668476689,1086331697
filC0EDAD7BD3F1C5334DEE5F9286CE09A3,0,-1673406952,1054905885,-835447974,91691033
fil0F4802015D319F0EF4574E0234737D52,0,93294042,249921475,836184550,-182854130
fil8306E6CFE32CAAC739EE34A65A104120,0,297242129,1116888735,265011804,174870223
fil600B6DF5B481C5042803BAE32CCBDC52,0,664552926,-831364734,-469480466,226069292
filF46B5FABD172CDC1E1E60C3378011C41,0,-1667340919,1487108731,-373921603,1143138228
fil54956DAEF01E1DD408109E632CEAE134,0,-1568334938,1878753646,-1532799475,-923931723
filA182B86FA960473385723738E4B1E39D,0,1329954230,-1368324749,174057398,28957304
fil777630250D33E38042134E56EB0624C0,0,-629436552,1415894411,76104800,-248504218
filC25B4FFAD11BB8941ABF01D7294EC0F2,0,-1667340919,1487108731,-373921603,1143138228
fil6595E5446F3278394CEA249388DB0A21,0,-1568334938,1878753646,-1532799475,-923931723
fil95C715C08CD40C5BF8AE2A8A379021BB,0,1236187419,2053010273,887706482,253669690
filF445D94A9D604D4CCB20A9F7FDAA37D0,0,-1142154144,-1940423293,468650062,2115832068
fil53CEC0316247082645A1DAF427E2C867,0,-1769486158,2096448670,-913862882,-1724317261
fil25935E6028D0CF6E26ACA733B88CCA5D,0,-1348060216,-2077110345,171009214,1136705993
fil4F55B79D0CBC847634D819D06D89048C,0,721215317,-964613383,1522991058,2040958498
filABF7801785772BBD9E0FD008AE634035,0,-448849625,-1129682977,2110087499,261125932
fil21F70BCED467143E462608449D261043,0,-897026248,1195441739,-621454115,147530882
fil598696E1CCD8398D528CD61B2CD33A8C,0,-956843669,924476786,163845404,466485546
fil6BF250FF0FC6AB69BD444BA93EAC3218,0,1767771904,-1590584830,1442863587,266140837
filE2676A9906A00B0370F3C9B372A611D0,0,-956843669,924476786,163845404,466485546
fil553F503FA09150E922A29E8753DA753A,0,-117947897,632890967,485987930,-1851802298
fil42EA8318337AD7E22B243BB2C92FA0B6,0,-956843669,924476786,163845404,466485546
filD787C68B7B7F3ABB10950E837AB651C0,0,-82502801,-1382588026,260027417,-1702873240
fil5ECF9DE724CA22A405C0941FADF69C25,0,1918475841,-1626968727,846963547,-77614250
fil3C9A946F8979D4DCE50B2C144D50628E,0,-798110011,-1058116761,1936741309,460930200
fil28ED81A7A87D2780378E902BBFBAF041,0,1857954767,-71107281,425376345,-915437820
fil93C567B367C7FC4EC88CDC425848B6CF,0,717639997,1787721288,1481700479,298016597
fil22D283FF70346D2169AEA66E7B025828,0,-1699564200,546041728,-649131245,-939710556
filFC32F82090E12B7BD31C734AAF31FD86,0,142034671,-1994524472,-776505807,-1199110958
fil0D6A60A3DBBB22F22B2B1AD2FF806909,0,391441647,-1980452014,1173180080,-1247525827
fil30E6FF96A8DCC522546387B4F170C6D1,0,-381228320,-1195750409,2078950894,900822247
fil007B1484010C19FC1F77A621D1945259,0,1779951149,1824972637,-942553399,-389924297
filEAC4B6240E93B477A6EFCD7E26B0A20D,0,1185617775,-1702706979,138485108,-1350567835
fil12A364D7A56D0414D824D0B7D9648DCD,0,1699422916,1692409249,1214068284,-1702404293
fil7EC991A0BB10702A8ED6B19F68BC2F53,0,-1633891845,202158799,255920820,100127149
fil4301044A22F7D1FA0E82647DFB7EB028,0,-1383188335,609248106,-578576689,-1049119874
fil48EFA135F3E394910F1871DFCA5929C1,0,904671421,-248840154,-791053595,-172517369
filFE4741127FBBBA4C6941737F70957682,0,1688898156,-503758041,-1791853627,1839880353
filE4B0F39D6E59B26D66D355E26DA9123B,0,1263622412,1409142574,-1560817323,1553685233
fil5F1591179321BCCFC53229DDC1EA6B9A,0,-590534205,-769833745,758983440,1633699654
fil79D5EDF512A73088A271762126A5ADD1,0,-180283930,-782381661,1848802551,-1269618706
filF4259416789F857F8F63DCA88D649B96,0,313895882,783142462,-106311521,-1781005776
filDEC2360668ACBBC077B38CCD3BF9F95F,0,1835778873,793789243,222486350,1406050225
fil1BF1DA8E5626DECAD0AD4D17891C2908,0,-1639621489,2001440078,-1887243470,-1215157571
fil53285CD455FDA2FC4BEFFB8982121F9E,0,650560483,-1483451999,-1123095604,1597825084
fil3851C984E69D38688D76B122FB621F37,0,246344539,2038747177,254380852,587781162
filAAA88B61EC80509E9BC450CF2CC17287,0,1014552026,-512239171,-744038162,-1198119362
fil9B0D99A05AF95D671A187A2D484A69B0,0,817986108,-1739843026,-1323451765,-1682716497
filFCEB49733C56DD4ABD53C8CD6BB76B83,0,-92484015,1808504085,-308047245,-1838792118
fil85AA2C71B92DC3BE81DD0C9DF8205F20,0,-1456729469,-1475163235,1704782502,-1501397821
fil5F1E99558F0FBE8E5F5C8BFB71D64473,0,-339563864,1807047619,-818470897,1145065240
fil9F3E08F629AC90E29698C84C52C5E3F2,0,1750960500,-1681294899,-1424163955,1677894472
fil559F85D1C55AD9971DC88EEDAD1E50F2,0,1750411304,157353377,-45438103,-808615507
filEACCD62925715AA8E174C69A4AB7AAED,0,-45480783,-1668257166,391941897,-698718644
fil2B1DDC41B144128190B437F7DAD87356,0,999077835,-1204124107,-1294379079,-1295724841
fil231C86207876DE9825023A1F2B1B7DFD,0,-1989746020,1152633228,1600166299,-392766336
fil3CB74E6AC53B4B9938130E2496A5CB71,0,-596394596,1493586195,1224563287,-279765552
fil4C6356048ADCC19D96857DAC1CA8F7D7,0,-2117393755,-828801815,-1341371434,-80071514
fil280B062FBF215E82B9ECBEA39E3BA6F9,0,1740518574,-564977306,586736953,489999035
fil6DAACED13EDFF166E9FAC98E26A56115,0,-30789532,2067268867,1951845164,1022206341
fil14643A1BAC946D1673B48593C181EE55,0,-1870550894,-1564338163,-306539622,1301539834
fil218774C04EE78266B13F89BC366C6712,0,1465150291,1502190255,-291891184,1815369935
fil5BBCFB3453DB6E09327AB48639FBEEAB,0,-1554639574,1687099543,-1112044617,1412303089
fil1AAAF92D4CFA520727ABFAF20E773C90,0,746231556,1320834580,-1769726003,-1321681458
fil0C35831C740FB7B59C9EF57B3DF9DC22,0,2097024926,1651859866,-1915238045,-2122396860
fil54217A397DE34FD45523D45D596C5611,0,746231556,1320834580,-1769726003,-1321681458
filB77B5635E55ED7C3038EB334E29709FA,0,2097024926,1651859866,-1915238045,-2122396860
filEC5A04B154CF17FB03F8E63C6E252DA9,0,746231556,1320834580,-1769726003,-1321681458
fil79B61C4D01B16D2558FE388EB873ABA2,0,90556917,-293798174,-977924995,-1211820086
filEF4E9C7FF4F3A30155BD7FCA380980EB,0,1863756852,-680896278,-1826511781,-1858157570
filB476E52F4584E95BC9874F768D121150,0,-1874021584,-1957771072,-2002256977,-1779418064
fil31CB261915DDA47D84E0C46CD234B074,0,-1478046490,1556930519,1843020466,-1327081495
filA3917165278154B092AB84D939510EB7,0,-66421535,-327800967,658810599,1450142075
fil4CE6653F5F62352DFA7B8F235C519029,0,751522447,-1896682146,628977489,-2114219699
fil4C4D65D0B276C50358B02CD011D46914,0,1090695632,1019471230,1836838083,-13369418
fil3501331B5DD9B58661C7A099E70C0B51,0,1858989896,-1274126157,2056676053,392072784
fil7D12600C28A71814E40CAE46A06E43DB,0,600667279,1477596355,1654093275,-1990388015
filA6DE44A93C0173C2BAAEFC5B29A84FFF,0,1134043804,2120962159,2099028787,1199550630
fil11948EBD14C5DEAE2FB4482C4ADFDB20,0,-845096705,795723417,39872884,-899989006
filA5DC3D9BC02F238972FB53C40A722A10,0,600667279,1477596355,1654093275,-1990388015
filA7828D6646831D7D81DB76CC912FB32B,0,1090695632,1019471230,1836838083,-13369418
filE100891CA01D9B05F8982B4E3C063B40,0,1858989896,-1274126157,2056676053,392072784
fil663580D91253FF880F6564A2EEBA5F6A,0,600667279,1477596355,1654093275,-1990388015
fil45F07FD7F0281B31614D75647E837AFE,0,-2000063919,-1033658254,1464743946,523394947
filB998A5F8E08D82B8585F34D90885836C,0,-906236485,745905855,-1571293305,827520760
fil8AD9E5B742FB900BD0A105E1B24D900C,0,-215197224,496566598,1212637776,-334853057
fil57913DBB495635E6F55C78A069A8A7E4,0,-1759746441,-2090304089,-932004248,-274206757
filE3209B20C17CCD2016E4A86F7267ACD6,0,1511423139,1828494443,-615021002,1422239698
fil558F0736787189A25E16DBFF4052D88F,0,-1679177683,-240844882,-1095613880,-704461243
filDDC92AC7C584A475B90EB0F8FCE91AA7,0,-1416224982,1432595007,2144956781,1145482018
filA07B49DAB802FAAC80DB61BDDA82F1FE,0,-490927762,1149695051,-183528051,-155602554
fil67865E58829D0BFB47C81159088DCDE4,0,-67686323,628884111,23938803,-2129656272
filA796634E4A1AA04ECA0FB24377BDE8FF,0,-1337681965,1699827224,688378366,940739939
fil20BB508E03FF39C6D276DCFD0AB7DB8E,0,-87416739,1407880848,-1890519746,850697231
fil6380F54113A4B369A8563B1688A29474,0,586099964,-1938716957,-1198616226,-2027685299
fil89CDE7FC5FC660FC32A1F7F9A6CFD120,0,985830776,100246814,238946630,-542800110
fil1C4A01CFB5A7DADA1F7A2BFFCB18A7CA,0,595719991,-477541379,1645219481,-1951143167
filD2FA67110DDD97473FDC2515CD29AD00,0,737456133,606660663,2131755445,-860328576
filB7D10534B069E6BE38CF3432EBED52B2,0,-724490599,-95186971,960919558,-1186291325
filFE114B53620871742C860CF4221FECF0,0,189626017,677387017,-1431845818,-1207536229
fil3284B6AFCAC210D6627064178AC4E8A6,0,-2076690479,-1815228998,388427549,-734503431
filB1076B968BB1252A62C500B2B50F5F18,0,-1421632409,-871995411,-2035231984,-779368974
fil12EB23A167635F04A1ACE8136F17BEDE,0,1276809124,583606240,975192292,-430135505
fil1973F928553337630F4D4F5E1D06130D,0,-1409196200,2091142963,538954138,1228101548
filD7CD750B5A109C78A0F1C42CC24E6BB7,0,2104909934,227999850,-14768325,1660484262
fil8702FD571B2DBDE567770066F99BCE74,0,1563130599,412809940,-2043914629,-1736056208
fil416A04A107FDDCB337FF49811AF85A62,0,537644937,-19592632,-18152429,-633019051
filD540D3CA0FE04D32DDF406D184E8132A,0,-1963475440,44974764,-505220689,339209588
fil0EA83D0D31882B1DEB4159B851B4A633,0,2003780167,1300065545,1424280321,159171771
filF158799EC53837F989FC431DA118C7B4,0,-1416242382,1580976079,-637168574,1483659103
filBE2D73AFBFDD9CD2DFCAB67ED577D46F,0,1933636877,-992423586,-1411278405,1538805336
fil10B61891FBF9F16E977EE0F1F2FAB558,0,1057042586,-397010537,-14773279,1110062562
fil1C5C8DA89247B3EAB10ED5006DB29B9E,0,1278674183,-1792435290,1145571531,1905544879
fil84A208482BE639A7900EE821A48564DC,0,1781341703,378836694,-225329355,186717229
fil9331EDAC83BFE1826C0457C0BF6DB85E,0,-1824195629,1123741500,1642064100,-1443610710
fil5A256B03E42BB636FFCCE3A24B250DA6,0,2139435757,-409752029,-882256985,1637656475
filA27314B9BC6D9A546C91362F85B0713B,0,-230068431,1059946335,-1131215385,850158364
filCB76FFCF093FCDDB673427CC4564F0BA,0,-1756298543,686842550,1951020294,673589015
fil99F43FD942D88FF9247910D4718A95E3,0,957586746,-1054455880,-1535594566,-174210937
fil2198DE72C33430C2788C14CE46C4A9CC,0,2013560600,1889850157,188739984,-1658909668
fil3130ADDADEF66D8C42621C8094426320,0,1613876266,-1505698353,-986732028,1189940437
filEB2121A27F3C39118B3E81E7CA8AB3EF,0,197684914,1021666667,549831336,-392006252
filBF8F3253EC92F31597B56591760A0C8B,0,-105289803,-1891612685,-1826781119,-1513549555
fil66F32A87238EBDED1361912C072AF91E,0,1539879302,-305612718,1660764126,192112155
filAF9F379BBAB6E091821F439028270C20,0,1686781054,137997582,1147088883,-1243790172
fil495F3D870F8327D3DD38A3943E0508C7,0,-1757907032,131771453,1937736863,-705713979
fil5A443BB9B836F2599197D0278755D131,0,1867179537,-1865401479,1023187488,-601545064
filF211473CB4A27D5B6F7FF0074A38F5A5,0,-1321807293,1681657650,-2139730077,-1361004554
fil00D443D03CE1FE50C077675417EC18F1,0,1615768372,-470355038,-1611290732,1802441132
fil1BEC0AD16A2CF0E9960C037F0F0DC810,0,-1791633126,930700628,404384322,113819974
fil6F0100C2F2F371D244523B133E31680A,0,1296747925,1141513045,-5850838,134876666
filE587073F9145A4B8C398795D267C5034,0,-2024591189,-1194875049,377706784,-145531770
fil2BFABF907ED42FC1F17A0C8A0ECA32AE,0,-754790572,1910896137,1797943542,-1983745573
filCB1B8A7D8B933F498406DA07BFADB586,0,1761081725,736214266,-57059861,-1686516182
filBB3EFA39E5A39300140D148ABA3745F5,0,1438032136,-1545950067,-1318829914,-1871179970
filE2CC4223C47B1E160088942EB8E9BB1C,0,-728498897,1468581832,1102878976,1004695182
filE03166ED56A14A206BB803B58AC61D37,0,917242756,780240563,-1102454324,-50234882
fil3D42C4FC339F1FB6FE3E6BCA7647F4F4,0,-395810702,470683787,247221071,-162860871
fil8396642137A002DB60E47E1AB449E9BB,0,-234488503,39835847,-364453502,-1956790420
filE3757FD13E60412812411D005DFCC32A,0,-106039773,-1040759222,-241030675,1405541022
fil59C062F34C800E10628EF80826DE6988,0,-834406976,708097398,1351429829,1177788876
fil3824B8269D8D058A34E935ECF63124E3,0,622870293,1414301613,-72439640,612074105
fil6D2C23E00055B7E897131C6AE5B6ACAE,0,-1817303416,-183947813,469186293,708882029
fil06DAD1B67EB6120027BF29497D4DE258,0,2027796998,-1007844676,-1122705864,1157554222
fil09B5CF016B32FBFA499A9D66B78D7F3A,0,-553742471,-1446875834,1130564219,-1187599731
filDDA8A4418B6A3BC00EC1A6C572D6C510,0,1663660277,-874228556,1316173437,-591488916
fil0C01F64A94C158EBA9C33FC8F241B327,0,-997349512,851224198,651997126,1508634392
fil6478AF8D6369FEB76107C1036578A5F2,0,1049634421,-1059221732,496106596,286093478
filB27F29901DF8E01A9A94588A2C96980D,0,168904027,1215860890,1481864590,1211847080
filCE7C2CD6BA5F203E20CC7A0FA75F2C6E,0,-2013593779,-1651264,1636727075,1297590221
filB308887D568C306FE2A563CCCFE18CFB,0,1517901595,-1375336967,1988016475,-317702847
filE737F3A9C6793044A7125BA7C7EA23B9,0,-1044855271,-1857913691,1116959713,270786914
filE917404D5E85518C3C46F6232D9CAADA,0,-1483045547,1425697303,-731469397,89481662
filD96AC39D2DE15C6D790B981C79DEE0AE,0,1625366380,-444470889,2110744528,877208063
filE6FD97E926D1FD11412C6D6287624A46,0,1451025831,101052474,-129747165,-1874551253
fil7F450A138504FF62A6AB277F92CC7CEB,0,-1048792360,-1858775072,315597488,-77845206
filD88F1490F5617C58CE21F567EDF9E19B,0,460634696,296422441,-1374527736,442853121
filFC35BF73D7EA64BF34A374044169DD8A,0,1947149777,-1199706866,1452348460,249162095
fil4818C080869D62460323C0D0DFC591DB,0,-523467125,750128789,-1272711642,-1839008658
fil0E7E8DF3212EF6F5497EA63FF108D690,0,-1871334479,-1141835044,-308191186,1585250027
filAFA3D93480850490BDA82055DF2A1AC5,0,1517901595,-1375336967,1988016475,-317702847
filC97A05EAA46A0C88D4110CB942D04F39,0,-1044855271,-1857913691,1116959713,270786914
fil20E4B3BB771F067D2EEE0116D133E60F,0,-1483045547,1425697303,-731469397,89481662
fil9F12FE357D04C3FD7A3FC7B1E8B64727,0,1625366380,-444470889,2110744528,877208063
filEEF7191459CECF7DCC87E883FE7ECB1D,0,1451025831,101052474,-129747165,-1874551253
filFF2FBD909230F7085B437C67FC097824,0,-1048792360,-1858775072,315597488,-77845206
fil5CE00979BB266497E68B0333306B468C,0,460634696,296422441,-1374527736,442853121
fil262BFDC42F5DFF99D8B4967B03E275F7,0,1947149777,-1199706866,1452348460,249162095
filD091A8DF2B7203FB17E19D380C55D89B,0,-954532475,1652516268,1617452570,-73693076
fil329FB21D972009CE098B3CD0A9C607A5,0,-461139272,-52269538,-1023314703,-1041636242
filA1064D8C22B73B6BB1BC2CE111E67D68,0,1100025090,-1236557651,872060974,43744155
filC977F63279227B2E8983F40267D05880,0,1924744251,-284705945,-1327375701,-833356359
fil7209124708BB2E5C7E5D418E90A3B28B,0,-512717889,-437830751,-2001514862,-526613943
filDF16B1F9681A643A5693FD1495A921BF,0,1062976880,-1645826292,-1686606115,2119198841
fil56F5139C21E209B891E199A3FA5CD79C,0,702083369,106133956,-1734529756,2004076713
fil85CB48F8AB68EE3432916DD1000AB330,0,-444283586,-1488453646,829920201,1157042449
filF3367562F1F0E8E53BE33322189DA447,0,-987450054,101546872,2106724560,73621974
fil77183870D25F3E404FC0DD188F09467A,0,-806355630,856733588,-74412314,-938336367
filE3F586D4D8CBE41EB6EB299CE8A5F84B,0,1464149993,-880703004,-934820736,-1564271450
fil1B81641BCA73E717D77FF20F20C68A74,0,415248108,-268411676,986947078,1437569548
fil1C4CCB0D8F6F93367A827C6123F53610,0,1100025090,-1236557651,872060974,43744155
filCE990E36548C74C9355F1088E79C8D81,0,1924744251,-284705945,-1327375701,-833356359
fil6B2175E77D1FF7BBE493503CBF435140,0,-512717889,-437830751,-2001514862,-526613943
filA57C2424F0AE6EB5663CEBCE1537FE5D,0,1062976880,-1645826292,-1686606115,2119198841
filFAFCD514D4AB8AA696260D78B7E6F64F,0,702083369,106133956,-1734529756,2004076713
fil25BA5254CF2DAE03EFD5AF847007E266,0,-444283586,-1488453646,829920201,1157042449
fil5A83B747044F79BA3D81067835FFC908,0,-987450054,101546872,2106724560,73621974
fil2940BFD4E1EA79A7E0114139125D8BEF,0,-806355630,856733588,-74412314,-938336367
fil84A917D860B04F71B10495A81522F536,0,611166911,-2090169155,1794307700,635177432
filCE6E72CF62ADDA40D39BAAD47126CD1E,0,1916691671,-1803030190,1256650149,1588913441
filE0C9DCF75F4EB84CE95AD2E53F94915D,0,338121789,163301989,-1795162097,1651885635
fil042BE2CD275D9958B46FEFBBAC18ABD7,0,-237354330,-669141465,2012513702,-1055968013
filB40588D5FA03EB2F29ABB5C6FD46E73C,0,-2019392492,-1682953369,-1877919552,-867410051
filCA652F24BDD59BC3BEADF9ED3319FD2F,0,-673848279,-479385633,603656750,-915267059
filF52751A81DE68EC27E0BDE41BDDFD6BC,0,-675844866,1697938963,-1123250674,1188671414
fil30A8F6E933DB2D68F90BB9C83408354E,0,-1904464040,1060916533,-544774367,233899025
filAD88A972DB3525B26B2D8209369A9A6F,0,-1993814749,-1217628559,-1746946662,-1240393567
fil1CA82EDDE4D430A123097D0B0962C6C8,0,-1615337768,-99245425,954714374,-1832076412
fil4D7AD449DC4E9C60CED7AD093E0EEB5A,0,756343559,1153435356,-610716018,925241160
fil5C46FA17608D75B8DD9F79AB18FDFECA,0,-1471269896,-1575736000,-1999386449,1402925328
filAED2349D6CA0D6DA1B0511E0AD88BB52,0,1683187339,-2047170271,-364827386,1140599181
fil4AA0D0BE06E90AD7F7A78C6C2D6A375C,0,-1141961646,-1064809697,-159217940,964644372
filE45F5514EFED41E39067A415288DBB0A,0,-1732372487,1967378592,405337509,63866438
fil07F682EEDEA11FF8634A7F754EB46116,0,158287384,-1688531745,980580286,-768906278
filD9668597545D5C2A6F6078F6D3FD81B2,0,-1603640060,-1591593583,-592382053,-2064158113
fil38E7C698C3ED2AC6BBBE29AF269B1006,0,-1994246813,1036776351,-341426321,-328395536
fil2B4D5520953FA828264DBB5C2EFBC978,0,-571323895,-1809821738,-391050146,-992024057
filF982803D6CD755DEAB80BF2315D1B7E9,0,556988761,-1502361101,1143115167,908659951
fil7A2CD9AF4E07EB1902FA688DC9442FA8,0,1739300988,-2055039828,-606371409,178456553
fil7ADD7907BE8CCF7CB09D9C3A0EA062B3,0,-2138893186,1875433502,-2018283409,-389957892
fil566D9B603E6A66DE1BFB8D0F0906C312,0,-1668383048,-205040815,1542280477,-258318254
fil6954A8DAADAC619B53DED8B9DBE610E4,0,1909942272,1131654148,1914322011,-1921181179
fil79937EFE72E34E98254375D1C9774054,0,1410350662,-1801669941,-1381065118,2070516694
filFC29F55268345669C699FF60EBA413BF,0,681057621,-488762749,1048577434,1240354870
filE2EB32D2ED70C48FA61ACC0A8A666C5F,0,1516520046,-1976630574,-1579340261,1395846091
filE77B56B6092F512B2C58400B5C82C784,0,1145454511,-1334493007,-2136822767,-1705518247
fil2FDC0D4C0BA1E4E8C9509F447C2312F9,0,1541671712,-1799830131,917066853,-1435563125
fil6749F9E2CC3A72612B5EDE08BB99ACF4,0,-2110742547,-1962227366,1612985287,2056491947
fil69917E55E519F47F695BDCC99AA3D60A,0,-686124628,-1458476911,-2110175329,-1836142269
filCED880C8B705093090AFA86D354B54C3,0,-1448417437,42794600,1013252034,-2111225855
filBEC81785E427C969C760414D7FE0527A,0,-1200365445,-1188998611,1457517533,-422419976
fil97E8703CDEFAF4E19D66F4BF8F6F5D4F,0,-1311040393,1056084449,-667466212,-1034268075
fil46CFC0DD16A42A0EC040DA35FFDF4013,0,204759469,-529560255,-240282850,962048714
fil1CD83E64027E9D2FA409820D97198F21,0,1777012338,-1233884295,-542201094,-1443165971
filE6504868A343A811A7FC4B1F95C1686D,0,-1931245229,-1301272857,1247177481,-1067495275
fil05D09D696E49F8E166F784BC9AF6CF27,0,-1116146102,409903830,1966536859,-529674220
fil893FD0CCFEB1714C799D80E7E2F24901,0,2083502049,-2011802039,-1074839903,2078304558
filF54F2B8D0476C350DE98A65EC3241166,0,-839534451,-2065731833,1791892306,389259221
fil16DC40CD42A1952CA4D01846E98DEFE5,0,-1339619789,557320601,1648425962,986418357
filEADD153DDDFF176F57F414F76AC5C8F7,0,875244694,1143050341,1148181485,405981096
filA5553A8F00E37CE3BD91BA370A2BB31E,0,1868293483,-201564145,469282144,309026868
fil938A208E83834629D842C084E5CC6784,0,545026196,-878169539,-1087384290,-1844544447
fil303E0CFCAB6CE119E77D085295935146,0,412152667,1174144996,1109612105,2112637248
filB53BCD790F6E40CA83374519F6AE9A5B,0,2104485301,385617717,1684564121,-1486199774
fil2C24E86D2E112A648473837CF33D975D,0,484370696,-687231854,-2084475692,1119080920
filCA59C14E1CC85BDF35F5FED4F4B9F3D0,0,-1700444395,1761232040,-648226077,1185051234
fil42369873E5328948C08DF14DCA885D30,0,-1239659113,-236705854,1604629529,-65141982
fil5912BBFBDB6B9974A5F36BB220C91AFF,0,1931722906,300868706,-1503966268,-107270550
fil58070CA5DB6000E85E603AD03F910497,0,-1717498910,1238034217,-329692103,-671687959
fil2C480085EF2788FA66C5E188226E92C9,0,1460657947,-1697543921,1576115729,-1674528724
fil2A5C34711BD914D1F773F6E1E66CF869,0,-1004249241,743309262,-993830483,1323740735
fil397B42E9AD459582D9B5BFBF5DA956CE,0,431271617,1160323844,-938400051,-672910999
filEDB1369E41D26583CE552FB08C99DF1D,0,1292367853,1080974273,2132377944,-166399976
filE301986224A4D987A93F2D8C1849D8F7,0,-457107040,-1163786394,-1193898904,-1436546590
filD6B62E84DC4C6E87DD5DD6A9035D2116,0,270446965,1238487308,-1999847703,1089682040
filEC4E16FDCF6EA6E5D0724FB15A1054F2,0,-913226844,-1420211750,-2139759385,-1660217109
fil046F7373CCA2E87AB85F69FA982D71D1,0,1712794504,1784721599,513963652,812394866
fil16C3950EA7E9B78EF35F349D5B4466DE,0,1999926287,2141775991,-414789090,1662943298
fil367333644A7E6928844852AB07AF6451,0,1329895141,324381874,1157055422,1768331621
fil45E84715EC88DA2C9F28EFCBB4783EEB,0,1154519367,1695881564,1390124609,377527013
filF84F8D2F2ED4F5CB85CD83C7A345AD57,0,-338299051,763915933,529015918,-813725383
fil60142FAD74FD169227AF79271DC2B24C,0,278063710,521444145,1706585900,582579458
filE585DE2030F4F555157D57B76D1E4825,0,1395012605,-247395301,-1896809874,1037392458
fil87A25E93F07AC94C0F16ECCA41C93475,0,988977837,-1727217248,1366843269,654342982
filBCFE0F8E95818FFED459C3ECB1CA18D3,0,617337139,1937205469,418638298,-936906779
fil562E6B2EABF145CEF30FAC64A340A25B,0,-1390483055,-712815418,-1110288806,2099495894
fil82CD12F5FF177F6B449C1A10C97E33D8,0,-275625851,-682650739,-1758511250,398231245
fil90440940478820F229F910C01B243034,0,1303233712,383951557,-1022766296,-1737816231
fil252B4EA69014EEC1400CE3145FCDF462,0,-277869430,37412588,-650018983,829376592
fil65BBFA9FA27EF9FC3EE20DFCD4E0CE7B,0,-678816051,-637846552,236857763,747386893
fil684928039F53D165F23462A391519C44,0,623006049,-1125351021,-1119775161,-671717516
fil155D6F110624DB0DA0982D94E70B1578,0,1136576424,500404990,-699989278,97899283
filF7AFBB312113E400F398597B7FEFF401,0,-927899488,-2110740921,-1377296027,238488076
filFD9C5144F12F056645D6E050D08B79DA,0,1083882396,-1449203929,776288756,-1448366753
fil6BC8E6F34C7E9E217BEC82DEE34A6495,0,-729773717,-1187191580,-1200283169,429250830
fil50CE013032EC8D7A3631237E827BE0D2,0,-896896615,2055583973,-835458012,1487567385
filDF1AA49D129945051B04481C3ACF34DF,0,1583756856,-267512945,1945320550,1796985799
fil955211D6056D881B75CF819FC8F6D341,0,-987274936,-2014473869,-68172583,-411459290
filB2F0C05ABB1C537A14767379DB7287AF,0,-2125604420,193354242,364874554,802296557
filC0DB3D8388E61557C9244415AA3C36F5,0,834903017,1495939549,-1556587174,2068780489
fil1CD83C20CEBA5B5FFAAAEFB51A34070F,0,-1506070681,-371980879,655550581,-1044237121
fil4EFB8F9BA83960A22B3310AF3D163AC4,0,-1450140111,-1826333381,917769277,-1373514033
fil845E34B15699B42177E372FFD11F246B,0,2018605637,-507618351,2142796751,-1595978652
fil2672B54BC6B0EA24466B72460094E368,0,554582884,-1658692789,892169538,759204947
fil0A2EA235368E54115EB9F54E8BFD6B7A,0,-1015474801,-1808470132,1534506997,-865162696
fil2FB5B04098B0DE85C0E418E7CE4D13B9,0,1146718212,1000440960,399328567,655262373
filE06AAC314DDFE9AA5E040AA23A43558E,0,1472546353,-266998065,-2040913266,-1497283350
fil437D558C78BFD05E7C23EE9B709B4A3B,0,-91212831,1918237427,1416895546,-1242428927
filA84AB29C390378F0CC499EFF4BE089D6,0,-1078025579,-1222285130,-1409140970,-101852115
filB82F1C8D86777406A4401590A6A3535C,0,-505807559,1227702206,-1390090236,729339120
filA44F2FF80F998A75A9D71A4B3BE490B0,0,-1894845821,-1567864430,-1996355522,-1206684481
filB96C548228EED56E92A0172E913A2963,0,-847169908,-1231894937,-274813546,1124785693
fil66BBAC2F5A4000712C76B2394A3B7E07,0,-878510203,221556500,1869742261,-1943557300
fil51B4FD6E4CAC2E430CCE239B9C3B1208,0,-863532128,1316485969,1121935316,1335341444
fil90D1B86EB8F41D2FD98DD734158F71E0,0,-1605618231,346279030,-491641121,-1165144050
filB2C1E787476BF19987151CA33B4D9E33,0,1241721268,-70371305,-309864588,-1984562347
fil4363C2176FDA768874251EBCB3DAC495,0,-376995671,-379026406,1933862533,-896943773
fil60C666F0D117F04C536E7A24D55E90A8,0,-167430252,326091031,-1731994031,-514726387
fil40A15088A3295FC71CCFD4270F24457C,0,-280922179,-480306831,-1460522270,405100041
fil0A181470B6C467F730836766470AF207,0,-682636823,-128530942,815941332,-1742474386
filAF16F3D3ECDEE3D7D950447EEA845CD7,0,-1354802497,-765259368,671476640,1727048164
filA79D5E6CF0542981E595B75E04DCB2C3,0,1510553190,-1453189023,786443944,695166479
filC62AAE769A2BEA8D0D6C42FCDBC09D12,0,-256144081,531648236,-625301552,1466780751
filA8E1FDAA12618FDBB10183D9CFC636C2,0,-1390455294,1308362646,-1874334366,534752381
fil2AB3CA77498B68C2F08CC9FF311E6030,0,-85365539,808223059,992883177,-1427010649
filAD126FC328BED0A640F235105F88B60D,0,936604400,-1313847677,-1139293573,413000531
fil2597FD393BC9B2880D314D8FFA933E46,0,-1620225132,342319998,-1786584984,176825960
fil5213F0B9E916D6AB491ACED213C5809B,0,1947308720,1171235308,541738881,-1321341268
filC4579AAB804A90AF10BF77BFB5CB6BF1,0,-1982799923,97177646,1329364867,-1468857389
filBF0257C882BEDA0253FFB0466B86E7A4,0,1164628074,-1285956258,-2073185079,79596842
filB5F97E31E8F390A56C6AAF9C736D00F6,0,1377081360,-365271277,-936789409,-2057890259
fil1DA5C591D2D5932B645D12D7B83F4130,0,876741240,628201193,-1804164946,72133245
filDF99BCDF728C0FD7621B5A527CFC90DC,0,-506421673,-295214364,1417898093,-2026925848
filA11606843C623F7CCB9E2BE6F09B2701,0,-193739894,1323542693,-1245515625,1953833550
fil01EB9C6CCD310F3781A52BB6C4A71238,0,-306051157,1997563347,-567489732,1628739206
fil477EF9BB0CB12AE19C08B84DD412F77D,0,1752340046,1174372588,-711888051,274643608
filA79F6D826664B0A1758A299CDDA5627D,0,-399012769,-1402496186,1622000246,325430864
fil12544E2F50525F297AA69ED3B04DB4F9,0,611878186,160401167,-589232766,877191029
fil4A83FEF6698CFD2FD83B79FAD8339DD9,0,-1482455708,1232961240,-2126618923,649760834
filA08687EF25C9C7BAEC3FABDF96CF6E26,0,301410873,1491507333,373759156,1266494308
filCD8AE50690369FFC8431BBC53EDB5B14,0,-1427075966,765695284,-872829667,-355614890
filE30ECA94928A369D8A07AE526D399C8E,0,-114655344,-522916952,-1770619824,1966284832
fil3FA35825E2AC55585EB9D9CD6BDE781F,0,-174079533,-1976579889,-110269800,1169734277
filB00E9F01C1596EADB0CB77CFCE8BD7EE,0,-1508596006,400679144,-1976032156,945287745
filFDECB37CAF004AB2543D0DFE2023987C,0,2144003277,-49490008,1871368362,1215050996
fil28AF30AC688D5EEC988E7A116287BF7D,0,2095000544,-889730988,1694823805,392993942
fil89781E22D4456323E443AF109E22A891,0,-939208130,1020061028,-1210330248,-788344569
fil5EE48F933B88C643FB86AC940050265A,0,-2081662601,1507486167,546823764,-1513257360
fil574C85C018E8BF0C7668837DB64389AF,0,-1478397070,128789254,-901180693,-533465943
fil93F3ECA7FEB212423E68DEF3E9979CD2,0,165738425,614950990,-1657578995,1332404468
filC4FA51BB167922BB4E2D4153C3AFCA7C,0,-2086539253,-69888061,1595454587,131711290
filB808D5EB363D1F9A120FDDA533FC7160,0,1739551536,385422333,1605478561,-1214478520
fil017611671464AD7DBCB257BC29A62F40,0,-1901798993,-1127952286,467039025,-616276129
fil80B4DD7F2724F73B23608E503AB20AD8,0,1889692158,-482371667,-1699658560,-126625729
filD6EB79B533A65E09317935EE3100F1AA,0,1537171314,2092589010,1122046663,-1691180399
filFD4B0CC56A10A0D5904D24604DD2A505,0,953118528,1997221264,-1632017642,1707260270
filBE3274A595CA96AF67A87D0354A7B727,0,1096235487,-2071051427,2113149574,863086181
fil30EC87CFEAD481A60D7268BBC5D8147E,0,-1068038118,-597601879,346221659,1131163108
filE7A6C4843FEFFE4C866C01D39D91047A,0,-689619216,1178827301,-2092992904,1631777622
filD2E021F311A1E3C73CCC51A4A14BEC94,0,-1765807101,-595496648,1776139194,-1419640788
filC8D6DF6A78C30E7AEE5A5DBC839721CA,0,-1033689973,-504872802,150105579,1556181998
filE84D5E32C430C11149FE7B51EC2BF90C,0,-909891992,-941803963,-641128289,212323741
filD9DC3BCC1B2B7CAF2F1B08DA6087DA4F,0,-1440465475,663252385,174548075,-2053403908
fil5A6399F010D6A8B44A5A71B25A047ACB,0,815782863,-357315204,815545147,170303575
fil8624B17BEA0D5655805546440AC8A45B,0,-1496833007,-30654892,-1773719211,-1205702280
fil51B8F3FA38C82068A60D6673725324A8,0,1056223171,-344206821,-1579014165,1105201482
fil0DC7A3DB191710E40285154C898A060A,0,1597252959,-160429151,-1271788462,-239518777
filC5666097E32DF90AFF3A908552488DB6,0,-1851542080,975795006,-1887267920,-247918975
fil16C56442D38F2AEF11C227BBBED406F7,0,111576556,35004762,1059423249,1058634881
filAA64D4D2042DAB7E70F8A9E373FAE1B2,0,2072731000,-1169702859,828774726,-709869028
filC333C617C7334FDDB98FCB7391B246D2,0,-1815389641,-721729960,22959470,279591675
filCA622370A135B185C6EE528B925596AF,0,-1126147514,-136642760,-1336986921,-434645946
fil413F528E92F34CB5CF2069CAC8440266,0,1840055468,997177673,1540352137,356249434
fil52BAC4AC7D76A04811AED695EE57B3DB,0,-125560676,-465677766,-191030468,-1405092148
filE792186646CA8F20929A1EA125D8A892,0,-1256390943,1460104133,811061179,-466059037
filA01C235EB9846D7DAFFDFE4B9B8AC26B,0,7341233,1594259269,-2046167381,1742631382
fil9B0959276EB6EDD0A2C0EEBBE5B33B46,0,1236451124,-883305715,-73962892,-1590913932
fil69E6E98DC9FC13B434C7FA09AF753B9F,0,836922572,895194766,24589137,602927813
